
DROP TABLE IF EXISTS `pay_app`;
CREATE TABLE `pay_app`  (
  `id` int(10) NOT NULL AUTO_INCREMENT COMMENT '应用编号',
  `app_key` varchar(64) CHARACTER SET utf8mb4 COLLATE utf8mb4_unicode_ci NOT NULL COMMENT '应用标识',
  `name` varchar(64) CHARACTER SET utf8mb4 COLLATE utf8mb4_unicode_ci NOT NULL COMMENT '应用名',
  `status` tinyint(4) NOT NULL COMMENT '开启状态',
  `remark` varchar(255) CHARACTER SET utf8mb4 COLLATE utf8mb4_unicode_ci NULL DEFAULT NULL COMMENT '备注',
  `order_notify_url` varchar(1024) CHARACTER SET utf8mb4 COLLATE utf8mb4_unicode_ci NOT NULL COMMENT '支付结果的回调地址',
  `refund_notify_url` varchar(1024) CHARACTER SET utf8mb4 COLLATE utf8mb4_unicode_ci NOT NULL COMMENT '退款结果的回调地址',
  `transfer_notify_url` varchar(1024) CHARACTER SET utf8mb4 COLLATE utf8mb4_unicode_ci NULL DEFAULT NULL COMMENT '转账结果的回调地址',
  `creator` varchar(64) CHARACTER SET utf8mb4 COLLATE utf8mb4_unicode_ci NULL DEFAULT '' COMMENT '创建者',
  `create_time` datetime(0) NOT NULL DEFAULT CURRENT_TIMESTAMP COMMENT '创建时间',
  `updater` varchar(64) CHARACTER SET utf8mb4 COLLATE utf8mb4_unicode_ci NULL DEFAULT '' COMMENT '更新者',
  `update_time` datetime(0) NOT NULL DEFAULT CURRENT_TIMESTAMP ON UPDATE CURRENT_TIMESTAMP(0) COMMENT '更新时间',
  `deleted` tinyint(1) NOT NULL DEFAULT b'0' COMMENT '是否删除',
  `tenant_id` int(10) NOT NULL DEFAULT 0 COMMENT '租户编号',
  PRIMARY KEY (`id`) USING BTREE
) ENGINE = InnoDB AUTO_INCREMENT = 9 CHARACTER SET = utf8mb4 COLLATE = utf8mb4_unicode_ci COMMENT = '支付应用信息' ROW_FORMAT = Dynamic;

INSERT INTO `pay_app` VALUES (1, 'mall', '商城应用', 0, NULL, 'http://127.0.0.1:48080/app-api/trade/order/update-paid', 'http://127.0.0.1:48080/admin-api/trade/after-sale/update-refunded', 'http://127.0.0.1:48080/admin-api/trade/brokerage-withdraw/update-transferred', '1', '2023-02-11 21:20:54', '1', '2025-05-10 09:43:19', b'0', 1);
INSERT INTO `pay_app` VALUES (7, 'demo', '示例应用', 0, NULL, 'http://127.0.0.1:48080/admin-api/pay/demo-order/update-paid', 'http://127.0.0.1:48080/admin-api/pay/demo-order/update-refunded', 'http://127.0.0.1:48080/admin-api/pay/demo-withdraw/update-transferred', '1', '2023-02-11 21:20:54', '1', '2025-05-10 09:42:28', b'0', 1);
INSERT INTO `pay_app` VALUES (8, 'wallet', '会员钱包', 0, NULL, 'http://127.0.0.1:48080/admin-api/pay/wallet-recharge/update-paid', 'http://127.0.0.1:48080/admin-api/pay/wallet-recharge/update-refunded', '', '1', '2023-09-30 18:43:09', '1', '2024-08-18 15:50:49', b'0', 1);

DROP TABLE IF EXISTS `pay_channel`;
CREATE TABLE `pay_channel`  (
  `id` int(10) NOT NULL AUTO_INCREMENT COMMENT '商户编号',
  `code` varchar(32) CHARACTER SET utf8mb4 COLLATE utf8mb4_unicode_ci NOT NULL COMMENT '渠道编码',
  `status` tinyint(4) NOT NULL COMMENT '开启状态',
  `remark` varchar(255) CHARACTER SET utf8mb4 COLLATE utf8mb4_unicode_ci NULL DEFAULT NULL COMMENT '备注',
  `fee_rate` double NOT NULL DEFAULT 0 COMMENT '渠道费率，单位：百分比',
  `app_id` int(10) NOT NULL COMMENT '应用编号',
  `config` varchar(15000) CHARACTER SET utf8mb4 COLLATE utf8mb4_unicode_ci NOT NULL COMMENT '支付渠道配置',
  `creator` varchar(64) CHARACTER SET utf8mb4 COLLATE utf8mb4_unicode_ci NULL DEFAULT '' COMMENT '创建者',
  `create_time` datetime(0) NOT NULL DEFAULT CURRENT_TIMESTAMP COMMENT '创建时间',
  `updater` varchar(64) CHARACTER SET utf8mb4 COLLATE utf8mb4_unicode_ci NULL DEFAULT '' COMMENT '更新者',
  `update_time` datetime(0) NOT NULL DEFAULT CURRENT_TIMESTAMP ON UPDATE CURRENT_TIMESTAMP(0) COMMENT '更新时间',
  `deleted` tinyint(1) NOT NULL DEFAULT b'0' COMMENT '是否删除',
  `tenant_id` int(10) NOT NULL DEFAULT 0 COMMENT '租户编号',
  PRIMARY KEY (`id`) USING BTREE
) ENGINE = InnoDB AUTO_INCREMENT = 46 CHARACTER SET = utf8mb4 COLLATE = utf8mb4_unicode_ci COMMENT = '支付渠道\n' ROW_FORMAT = Dynamic;

INSERT INTO `pay_channel` VALUES (29, 'alipay_qr', 0, '', 0, 7, '{\"@class\":\"cn.iocoder.yudao.framework.pay.core.client.impl.alipay.AlipayPayClientConfig\",\"serverUrl\":\"https://openapi-sandbox.dl.alipaydev.com/gateway.do\",\"appId\":\"9021000123605178\",\"signType\":\"RSA2\",\"mode\":1,\"privateKey\":\"MIIEvAIBADANBgkqhkiG9w0BAQEFAASCBKYwggSiAgEAAoIBAQCEzVAxbZAlYT46UoAxqu5H2Aen1IEzvMrvslJQBRmp/i1EUFp3VHwSkr6r8+I3tabH/cnYAJ4sgtnZh0JjjPMyK1/tcH6cVNUIXfrdSeLR5GBDhBbfI7O8HW3CU7u0sdw2gb9+yNcU7EFir0foO7Zk4K+znmUdAh6I3EGZPW4D7jzHlyfrW5v1y09PSn6yfwcmyh8jq5A3nl1msSu7TYpCpbUgCgfQBxae5B+ZBPrgnsPACxzWJdzxznmVRtCXYFSyOqm28fa4ageRtrBW3YSa1ZtRZXoC8AK4m4SxENipyRF6CaqgVdta+BpUXCPz4OMCjcJYR0m4MaoI5cotuvpvAgMBAAECggEAVgutfQkvT3jtV96inwvQbg5kD3MZ78rQdnRE7wIO+dztuYiSxSSha2tXTZSsq0nwcT5X7LOhyNdTjaUc9+GYpZYDBpZQArzYdx5lb8Hyy+o8ESLhqty4FRfASRv10AM52rtAt0YsTasyRl2pqqgd6sjGLwxfGWeJH0YO3to1kSd5dI6ZixVL07HfuJClbJw3VC5bv+dkel1c04YEP6UJYkLZwb5Yk+rCM3foymgvTsdXolek9Jq5F+UMSeiufIKLyhQDQcjWKS8Yx4D9xvbxqXQLZfJN756M9aK7f9Qco78LTB5MPBaDCPSektU5GNEUXZWHmpbw7e78vOnEpED9eQKBgQC/JooVAOkKuq1oWh/eR58PQhV3DyKqsM9BmHng5wfW+zj5GmCOdEBW9wfTVcOP7RounLys4sFbjmg24PAYNrtTHGvAEL6MJVTtqrzsVPvIicXkBlxYluSOuri2Lf2gpfh8ENr/xgoMD1n/gAf/qD1DOYuA0+o4iVeg+Eljc/nhBQKBgQCx2zE4yl6O7xuXNNQEa9qMgBfid6QXEQgiOIjQl3t9KCh4cq+RNO5Ql5mqkajyF7FTXzNcOqeZ/O1uQbCNe0qjl8Aur5x31OpF4Ol+BoswEGA5pbwBTqU+ZRB3xD4TFujqX5rhv5orysdWpOtqkpveu9MS1eMuIMA6asStGv0X4wKBgFTCPhA6Kxu60xGmhOMHVxxo7SOx7mlJpV0swz5aszs8gnLSo2YHXlAxkaLAMMstE6L/lRoEIkD60HMlItFZ045y18R+qD90fkg0oTkaJdsyXDFUMLaHkilH2ofNtNz7O0eoIbOwmNvoIrwMhX9zllasuZMSZJVVMSoLbl9PGcoRAoGADbMMf4tW7TuNrH/tNMn584iKTm9YvE4bikdAgpCoemN1epGa5FxnXt3OgEzn7n3Uss9KbXg3IK1SvINizgMJJMCzlOUB8Fj+EpPYaFSos/MO9mHFsXQVVlECi7cZ8O560lK641iWz3i3Ef1yBKt2RhnBkFnZPdxX8if3Lj498HECgYBA9rMpt3vz6uXjbqErSBco9qS142ktqTFYZZyOVkJMBEiomY7PEKq2yk5EtD20h3gQrdp/3ljVJ8izntJfd4l9NvrAOcGhq09AKFzWUb7izwo/PfE1PG30U6VVgKYaTaP0Js0iJWWcHS91IohLeQX+H739U7SbvbzAd6+ojNfXLg==\",\"alipayPublicKey\":\"MIIBIjANBgkqhkiG9w0BAQEFAAOCAQ8AMIIBCgKCAQEAimbC/dNuvGectMsxX3c51JKMSwZCj8dPEdXqPDm09sSBoe4s19PAydAys7WoDf97rZ7+Zw+hkvXRiiNbeI2jb1vYfn+hi2hGBLILGjqWM16VMQN3Faq6Q+6kRnpVMt/p//1QZJ/BhtXjh3Y1VCjOUIrPfAsLckVnzvmNqncob/dQUarp3RGN4rtSpGFPFbxU1s26GF01SrJadRFdijPz7vwtoHRl388cxJ0dGZik8ji+pS8MTWom5UV8+NSb2qwlhgE2awAmdM1RK6wxhiAGBRK0AXmWYrQl6KtuF4iWLxkknNEl+bZ6woU+jhxIklEwkzQ3maFRy9yJBU324Q15awIDAQAB\",\"appCertContent\":\"\",\"alipayPublicCertContent\":\"\",\"rootCertContent\":\"\",\"encryptType\":\"\",\"encryptKey\":null}', '1', '2023-07-27 15:38:45', '1', '2024-08-18 14:40:40', b'0', 1);
INSERT INTO `pay_channel` VALUES (30, 'alipay_bar', 0, '', 0, 7, '{\"@class\":\"cn.iocoder.yudao.framework.pay.core.client.impl.alipay.AlipayPayClientConfig\",\"serverUrl\":\"https://openapi-sandbox.dl.alipaydev.com/gateway.do\",\"appId\":\"9021000123605178\",\"signType\":\"RSA2\",\"mode\":1,\"privateKey\":\"MIIEvAIBADANBgkqhkiG9w0BAQEFAASCBKYwggSiAgEAAoIBAQCEzVAxbZAlYT46UoAxqu5H2Aen1IEzvMrvslJQBRmp/i1EUFp3VHwSkr6r8+I3tabH/cnYAJ4sgtnZh0JjjPMyK1/tcH6cVNUIXfrdSeLR5GBDhBbfI7O8HW3CU7u0sdw2gb9+yNcU7EFir0foO7Zk4K+znmUdAh6I3EGZPW4D7jzHlyfrW5v1y09PSn6yfwcmyh8jq5A3nl1msSu7TYpCpbUgCgfQBxae5B+ZBPrgnsPACxzWJdzxznmVRtCXYFSyOqm28fa4ageRtrBW3YSa1ZtRZXoC8AK4m4SxENipyRF6CaqgVdta+BpUXCPz4OMCjcJYR0m4MaoI5cotuvpvAgMBAAECggEAVgutfQkvT3jtV96inwvQbg5kD3MZ78rQdnRE7wIO+dztuYiSxSSha2tXTZSsq0nwcT5X7LOhyNdTjaUc9+GYpZYDBpZQArzYdx5lb8Hyy+o8ESLhqty4FRfASRv10AM52rtAt0YsTasyRl2pqqgd6sjGLwxfGWeJH0YO3to1kSd5dI6ZixVL07HfuJClbJw3VC5bv+dkel1c04YEP6UJYkLZwb5Yk+rCM3foymgvTsdXolek9Jq5F+UMSeiufIKLyhQDQcjWKS8Yx4D9xvbxqXQLZfJN756M9aK7f9Qco78LTB5MPBaDCPSektU5GNEUXZWHmpbw7e78vOnEpED9eQKBgQC/JooVAOkKuq1oWh/eR58PQhV3DyKqsM9BmHng5wfW+zj5GmCOdEBW9wfTVcOP7RounLys4sFbjmg24PAYNrtTHGvAEL6MJVTtqrzsVPvIicXkBlxYluSOuri2Lf2gpfh8ENr/xgoMD1n/gAf/qD1DOYuA0+o4iVeg+Eljc/nhBQKBgQCx2zE4yl6O7xuXNNQEa9qMgBfid6QXEQgiOIjQl3t9KCh4cq+RNO5Ql5mqkajyF7FTXzNcOqeZ/O1uQbCNe0qjl8Aur5x31OpF4Ol+BoswEGA5pbwBTqU+ZRB3xD4TFujqX5rhv5orysdWpOtqkpveu9MS1eMuIMA6asStGv0X4wKBgFTCPhA6Kxu60xGmhOMHVxxo7SOx7mlJpV0swz5aszs8gnLSo2YHXlAxkaLAMMstE6L/lRoEIkD60HMlItFZ045y18R+qD90fkg0oTkaJdsyXDFUMLaHkilH2ofNtNz7O0eoIbOwmNvoIrwMhX9zllasuZMSZJVVMSoLbl9PGcoRAoGADbMMf4tW7TuNrH/tNMn584iKTm9YvE4bikdAgpCoemN1epGa5FxnXt3OgEzn7n3Uss9KbXg3IK1SvINizgMJJMCzlOUB8Fj+EpPYaFSos/MO9mHFsXQVVlECi7cZ8O560lK641iWz3i3Ef1yBKt2RhnBkFnZPdxX8if3Lj498HECgYBA9rMpt3vz6uXjbqErSBco9qS142ktqTFYZZyOVkJMBEiomY7PEKq2yk5EtD20h3gQrdp/3ljVJ8izntJfd4l9NvrAOcGhq09AKFzWUb7izwo/PfE1PG30U6VVgKYaTaP0Js0iJWWcHS91IohLeQX+H739U7SbvbzAd6+ojNfXLg==\",\"alipayPublicKey\":\"MIIBIjANBgkqhkiG9w0BAQEFAAOCAQ8AMIIBCgKCAQEAimbC/dNuvGectMsxX3c51JKMSwZCj8dPEdXqPDm09sSBoe4s19PAydAys7WoDf97rZ7+Zw+hkvXRiiNbeI2jb1vYfn+hi2hGBLILGjqWM16VMQN3Faq6Q+6kRnpVMt/p//1QZJ/BhtXjh3Y1VCjOUIrPfAsLckVnzvmNqncob/dQUarp3RGN4rtSpGFPFbxU1s26GF01SrJadRFdijPz7vwtoHRl388cxJ0dGZik8ji+pS8MTWom5UV8+NSb2qwlhgE2awAmdM1RK6wxhiAGBRK0AXmWYrQl6KtuF4iWLxkknNEl+bZ6woU+jhxIklEwkzQ3maFRy9yJBU324Q15awIDAQAB\",\"appCertContent\":\"\",\"alipayPublicCertContent\":\"\",\"rootCertContent\":\"\",\"encryptType\":\"\",\"encryptKey\":null}', '1', '2023-08-10 22:50:52', '1', '2024-08-18 14:40:43', b'0', 1);
INSERT INTO `pay_channel` VALUES (31, 'alipay_pc', 0, '', 0, 7, '{\"@class\":\"cn.iocoder.yudao.framework.pay.core.client.impl.alipay.AlipayPayClientConfig\",\"serverUrl\":\"https://openapi-sandbox.dl.alipaydev.com/gateway.do\",\"appId\":\"9021000123605178\",\"signType\":\"RSA2\",\"mode\":1,\"privateKey\":\"MIIEvAIBADANBgkqhkiG9w0BAQEFAASCBKYwggSiAgEAAoIBAQCEzVAxbZAlYT46UoAxqu5H2Aen1IEzvMrvslJQBRmp/i1EUFp3VHwSkr6r8+I3tabH/cnYAJ4sgtnZh0JjjPMyK1/tcH6cVNUIXfrdSeLR5GBDhBbfI7O8HW3CU7u0sdw2gb9+yNcU7EFir0foO7Zk4K+znmUdAh6I3EGZPW4D7jzHlyfrW5v1y09PSn6yfwcmyh8jq5A3nl1msSu7TYpCpbUgCgfQBxae5B+ZBPrgnsPACxzWJdzxznmVRtCXYFSyOqm28fa4ageRtrBW3YSa1ZtRZXoC8AK4m4SxENipyRF6CaqgVdta+BpUXCPz4OMCjcJYR0m4MaoI5cotuvpvAgMBAAECggEAVgutfQkvT3jtV96inwvQbg5kD3MZ78rQdnRE7wIO+dztuYiSxSSha2tXTZSsq0nwcT5X7LOhyNdTjaUc9+GYpZYDBpZQArzYdx5lb8Hyy+o8ESLhqty4FRfASRv10AM52rtAt0YsTasyRl2pqqgd6sjGLwxfGWeJH0YO3to1kSd5dI6ZixVL07HfuJClbJw3VC5bv+dkel1c04YEP6UJYkLZwb5Yk+rCM3foymgvTsdXolek9Jq5F+UMSeiufIKLyhQDQcjWKS8Yx4D9xvbxqXQLZfJN756M9aK7f9Qco78LTB5MPBaDCPSektU5GNEUXZWHmpbw7e78vOnEpED9eQKBgQC/JooVAOkKuq1oWh/eR58PQhV3DyKqsM9BmHng5wfW+zj5GmCOdEBW9wfTVcOP7RounLys4sFbjmg24PAYNrtTHGvAEL6MJVTtqrzsVPvIicXkBlxYluSOuri2Lf2gpfh8ENr/xgoMD1n/gAf/qD1DOYuA0+o4iVeg+Eljc/nhBQKBgQCx2zE4yl6O7xuXNNQEa9qMgBfid6QXEQgiOIjQl3t9KCh4cq+RNO5Ql5mqkajyF7FTXzNcOqeZ/O1uQbCNe0qjl8Aur5x31OpF4Ol+BoswEGA5pbwBTqU+ZRB3xD4TFujqX5rhv5orysdWpOtqkpveu9MS1eMuIMA6asStGv0X4wKBgFTCPhA6Kxu60xGmhOMHVxxo7SOx7mlJpV0swz5aszs8gnLSo2YHXlAxkaLAMMstE6L/lRoEIkD60HMlItFZ045y18R+qD90fkg0oTkaJdsyXDFUMLaHkilH2ofNtNz7O0eoIbOwmNvoIrwMhX9zllasuZMSZJVVMSoLbl9PGcoRAoGADbMMf4tW7TuNrH/tNMn584iKTm9YvE4bikdAgpCoemN1epGa5FxnXt3OgEzn7n3Uss9KbXg3IK1SvINizgMJJMCzlOUB8Fj+EpPYaFSos/MO9mHFsXQVVlECi7cZ8O560lK641iWz3i3Ef1yBKt2RhnBkFnZPdxX8if3Lj498HECgYBA9rMpt3vz6uXjbqErSBco9qS142ktqTFYZZyOVkJMBEiomY7PEKq2yk5EtD20h3gQrdp/3ljVJ8izntJfd4l9NvrAOcGhq09AKFzWUb7izwo/PfE1PG30U6VVgKYaTaP0Js0iJWWcHS91IohLeQX+H739U7SbvbzAd6+ojNfXLg==\",\"alipayPublicKey\":\"MIIBIjANBgkqhkiG9w0BAQEFAAOCAQ8AMIIBCgKCAQEAimbC/dNuvGectMsxX3c51JKMSwZCj8dPEdXqPDm09sSBoe4s19PAydAys7WoDf97rZ7+Zw+hkvXRiiNbeI2jb1vYfn+hi2hGBLILGjqWM16VMQN3Faq6Q+6kRnpVMt/p//1QZJ/BhtXjh3Y1VCjOUIrPfAsLckVnzvmNqncob/dQUarp3RGN4rtSpGFPFbxU1s26GF01SrJadRFdijPz7vwtoHRl388cxJ0dGZik8ji+pS8MTWom5UV8+NSb2qwlhgE2awAmdM1RK6wxhiAGBRK0AXmWYrQl6KtuF4iWLxkknNEl+bZ6woU+jhxIklEwkzQ3maFRy9yJBU324Q15awIDAQAB\",\"appCertContent\":\"\",\"alipayPublicCertContent\":\"\",\"rootCertContent\":\"\",\"encryptType\":\"\",\"encryptKey\":null}', '1', '2023-08-10 22:51:19', '1', '2024-08-18 14:40:31', b'0', 1);
INSERT INTO `pay_channel` VALUES (32, 'alipay_wap', 0, '', 0, 7, '{\"@class\":\"cn.iocoder.yudao.framework.pay.core.client.impl.alipay.AlipayPayClientConfig\",\"serverUrl\":\"https://openapi-sandbox.dl.alipaydev.com/gateway.do\",\"appId\":\"9021000123605178\",\"signType\":\"RSA2\",\"mode\":1,\"privateKey\":\"MIIEvAIBADANBgkqhkiG9w0BAQEFAASCBKYwggSiAgEAAoIBAQCEzVAxbZAlYT46UoAxqu5H2Aen1IEzvMrvslJQBRmp/i1EUFp3VHwSkr6r8+I3tabH/cnYAJ4sgtnZh0JjjPMyK1/tcH6cVNUIXfrdSeLR5GBDhBbfI7O8HW3CU7u0sdw2gb9+yNcU7EFir0foO7Zk4K+znmUdAh6I3EGZPW4D7jzHlyfrW5v1y09PSn6yfwcmyh8jq5A3nl1msSu7TYpCpbUgCgfQBxae5B+ZBPrgnsPACxzWJdzxznmVRtCXYFSyOqm28fa4ageRtrBW3YSa1ZtRZXoC8AK4m4SxENipyRF6CaqgVdta+BpUXCPz4OMCjcJYR0m4MaoI5cotuvpvAgMBAAECggEAVgutfQkvT3jtV96inwvQbg5kD3MZ78rQdnRE7wIO+dztuYiSxSSha2tXTZSsq0nwcT5X7LOhyNdTjaUc9+GYpZYDBpZQArzYdx5lb8Hyy+o8ESLhqty4FRfASRv10AM52rtAt0YsTasyRl2pqqgd6sjGLwxfGWeJH0YO3to1kSd5dI6ZixVL07HfuJClbJw3VC5bv+dkel1c04YEP6UJYkLZwb5Yk+rCM3foymgvTsdXolek9Jq5F+UMSeiufIKLyhQDQcjWKS8Yx4D9xvbxqXQLZfJN756M9aK7f9Qco78LTB5MPBaDCPSektU5GNEUXZWHmpbw7e78vOnEpED9eQKBgQC/JooVAOkKuq1oWh/eR58PQhV3DyKqsM9BmHng5wfW+zj5GmCOdEBW9wfTVcOP7RounLys4sFbjmg24PAYNrtTHGvAEL6MJVTtqrzsVPvIicXkBlxYluSOuri2Lf2gpfh8ENr/xgoMD1n/gAf/qD1DOYuA0+o4iVeg+Eljc/nhBQKBgQCx2zE4yl6O7xuXNNQEa9qMgBfid6QXEQgiOIjQl3t9KCh4cq+RNO5Ql5mqkajyF7FTXzNcOqeZ/O1uQbCNe0qjl8Aur5x31OpF4Ol+BoswEGA5pbwBTqU+ZRB3xD4TFujqX5rhv5orysdWpOtqkpveu9MS1eMuIMA6asStGv0X4wKBgFTCPhA6Kxu60xGmhOMHVxxo7SOx7mlJpV0swz5aszs8gnLSo2YHXlAxkaLAMMstE6L/lRoEIkD60HMlItFZ045y18R+qD90fkg0oTkaJdsyXDFUMLaHkilH2ofNtNz7O0eoIbOwmNvoIrwMhX9zllasuZMSZJVVMSoLbl9PGcoRAoGADbMMf4tW7TuNrH/tNMn584iKTm9YvE4bikdAgpCoemN1epGa5FxnXt3OgEzn7n3Uss9KbXg3IK1SvINizgMJJMCzlOUB8Fj+EpPYaFSos/MO9mHFsXQVVlECi7cZ8O560lK641iWz3i3Ef1yBKt2RhnBkFnZPdxX8if3Lj498HECgYBA9rMpt3vz6uXjbqErSBco9qS142ktqTFYZZyOVkJMBEiomY7PEKq2yk5EtD20h3gQrdp/3ljVJ8izntJfd4l9NvrAOcGhq09AKFzWUb7izwo/PfE1PG30U6VVgKYaTaP0Js0iJWWcHS91IohLeQX+H739U7SbvbzAd6+ojNfXLg==\",\"alipayPublicKey\":\"MIIBIjANBgkqhkiG9w0BAQEFAAOCAQ8AMIIBCgKCAQEAimbC/dNuvGectMsxX3c51JKMSwZCj8dPEdXqPDm09sSBoe4s19PAydAys7WoDf97rZ7+Zw+hkvXRiiNbeI2jb1vYfn+hi2hGBLILGjqWM16VMQN3Faq6Q+6kRnpVMt/p//1QZJ/BhtXjh3Y1VCjOUIrPfAsLckVnzvmNqncob/dQUarp3RGN4rtSpGFPFbxU1s26GF01SrJadRFdijPz7vwtoHRl388cxJ0dGZik8ji+pS8MTWom5UV8+NSb2qwlhgE2awAmdM1RK6wxhiAGBRK0AXmWYrQl6KtuF4iWLxkknNEl+bZ6woU+jhxIklEwkzQ3maFRy9yJBU324Q15awIDAQAB\",\"appCertContent\":\"\",\"alipayPublicCertContent\":\"\",\"rootCertContent\":\"\",\"encryptType\":\"\",\"encryptKey\":null}', '1', '2023-08-10 22:51:39', '1', '2024-08-18 14:40:37', b'0', 1);
INSERT INTO `pay_channel` VALUES (33, 'mock', 0, '', 0, 1, '{\"@class\":\"cn.iocoder.yudao.framework.pay.core.client.impl.NonePayClientConfig\",\"name\":\"mock-conf\"}', '1', '2023-08-13 16:27:08', '1', '2023-09-06 15:53:45', b'0', 1);
INSERT INTO `pay_channel` VALUES (34, 'mock', 0, '就是开启', 0, 8, '{\"@class\":\"cn.iocoder.yudao.framework.pay.core.client.impl.NonePayClientConfig\",\"name\":\"mock-conf\"}', '1', '2023-09-30 18:45:21', '1', '2023-09-30 18:45:21', b'0', 1);
INSERT INTO `pay_channel` VALUES (35, 'wallet', 0, '', 0, 1, '{\"@class\":\"cn.iocoder.yudao.framework.pay.core.client.impl.NonePayClientConfig\",\"name\":\"mock-conf\"}', '1', '2023-08-13 16:27:08', '1', '2023-09-06 15:53:45', b'0', 1);
INSERT INTO `pay_channel` VALUES (36, 'wx_pub', 0, '', 0, 1, '{\"@class\":\"cn.iocoder.yudao.framework.pay.core.client.impl.weixin.WxPayClientConfig\",\"appId\":\"wxa69ab825b163be19\",\"mchId\":\"1626576963\",\"apiVersion\":\"v2\",\"mchKey\":\"017a1097e708975596f568d872b29e92\",\"keyContent\":\"LS0tLS1CRUdJTiBDRVJUSUZJQ0FURS0tLS0tCk1JSUQ5akNDQXQ2Z0F3SUJBZ0lVZGR4Ni96NWo1Q2JjMm1YQWpsdk1TTkdNOHdFd0RRWUpLb1pJaHZjTkFRRUwKQlFBd1hqRUxNQWtHQTFVRUJoTUNRMDR4RXpBUkJnTlZCQW9UQ2xSbGJuQmhlUzVqYjIweEhUQWJCZ05WQkFzVApGRlJsYm5CaGVTNWpiMjBnUTBFZ1EyVnVkR1Z5TVJzd0dRWURWUVFERXhKVVpXNXdZWGt1WTI5dElGSnZiM1FnClEwRXdIaGNOTWpFd09USTBNVFF4TmpVNFdoY05Nall3T1RJek1UUXhOalU0V2pDQmh6RVRNQkVHQTFVRUF3d0sKTVRVek16RTBNVFE0TVRFYk1Ca0dBMVVFQ2d3UzViNnU1TCtoNVpXRzVvaTM1N083NTd1Zk1UTXdNUVlEVlFRTApEQ3Jsakpma3Vxem9rNTNtb0lmbW5vSGxoWW5rdjZIbWdhL25wNUhtaW9EbW5JbnBtWkRsaGF6bGo3Z3hDekFKCkJnTlZCQVlNQWtOT01SRXdEd1lEVlFRSERBaFRhR1Z1V21obGJqQ0NBU0l3RFFZSktvWklodmNOQVFFQkJRQUQKZ2dFUEFEQ0NBUW9DZ2dFQkFNenJUd1FaaWppSnNCM3JRdElwS3QzS3lZcXlZSmd0cWVrU2FsU04rMzB6d2NpbwpjM2twSzh4dHNLbjhHSzJLUVNVbmxpbkNRTENTSWZOVzJQVGlQLy9aelVSNU9TakQ2UGlhUnlpZEZBK2xQSFA3CmcvbnllQ2lwNzF3QXovR1llSlVoNDhBVG5jM2RHd1BCdFh4NnpwNjNGb3VZckx1clRJdEJFSlU4WDJ3dDF5VUMKVGFLckRvUGZ1RmlhRFd3T29UZUUxZVZmL0pTL2NPUVVTU1VUS1RjTVc3dWFxOVphbDFoeDgwSzlKaWQxUmNWTgpuWFNzVUtaeDZFV3dCZHA2MTdpSThnK1Y2dU9ZYm1UV2RQc2dtdUJlakxnT1lRTmlrMEpuK296c1AxTkNSbTl2ClNkdnVqeEZCSk92dlVIVm5lSTMwaURVamZ0eFVWMFp5RVBhakRKa0NBd0VBQWFPQmdUQi9NQWtHQTFVZEV3UUMKTUFBd0N3WURWUjBQQkFRREFnVHdNR1VHQTFVZEh3UmVNRnd3V3FCWW9GYUdWR2gwZEhBNkx5OWxkbU5oTG1sMApjblZ6TG1OdmJTNWpiaTl3ZFdKc2FXTXZhWFJ5ZFhOamNtdy9RMEU5TVVKRU5ESXlNRVUxTUVSQ1F6QTBRakEyClFVUXpPVGMxTkRrNE5EWkRNREZETTBVNFJVSkVNakFOQmdrcWhraUc5dzBCQVFzRkFBT0NBUUVBc0ZjS2VNRzMKWkE5ZEt1cmdBVWJNWTd5TzVTRXNML2U4alVwaE5nMFRUT2ZJd0VuOHZIVnhLaGdCKzR1TXVhV2F1WENJNTNaSwpuN05CVU15NWVtQVBraXBNaUNCUjZYQnFuWENYUVlCVnpKZkJ5STJ6aXhmbVR5UnlRMDBNazdLNk5wbGdnWUcvCkhvR1hIbWtLaU9ZMTNZRkdSbXA2QWlrbHFJTzRrNy8xSHAzV0FpZVlHMitMK2JKRkxFdjl4alByMW9UZEtnanAKUkZyZS9aVHNDeE4vbW95L0FPQ3cxWWFxYVhLb1Y3UlMyby9NQnZTalZUVmRaZHFrV1ptSDN2V2tMZ0ZvKzlnNgpOYW0xUWJ5biswajVYZUhQd2NFUCtES2hoVWdOMW01amVWVkcrcityeFM4WVpwYk5ZWDlOdEdTNVMxVkRlVysvCnY2SVFndGdwOVNMZjB3PT0KLS0tLS1FTkQgQ0VSVElGSUNBVEUtLS0tLQo=\",\"privateKeyContent\":\"-----BEGIN PRIVATE KEY-----\\nMIIEvAIBADANBgkqhkiG9w0BAQEFAASCBKYwggSiAgEAAoIBAQC4PMjjBkvVBulS\\ngQX4GzlcUK3t3rHzASKDak+j7JQEBnk7JzRDmzunBHQFVCMdDq8KagXaSPsoj9gE\\nFn4/GNgl4DlibKPDhv/YatAlssJ7Z9QaS0FcQ6Z4jOabGMyMrxKeER53g66pX69t\\nBUdk5QY5mBmeUE9WqGB3bYSbcSrA/pee64HldKgsy6Adp/p+i0IvBcU4r7KRpoSh\\njbt5tzhgm4FMhrOtCzAgxPOAtO4cxvU6FRwSpWObZWQAm7W1yHzK/QVg/eCCs5/S\\n47VgPQWtYLMj3QcCZuT+Pyzor+cktdmXvey8RRDElYyipGhMBQEy7xT3wMx9vVmD\\nWGvxIKqjAgMBAAECggEAf0qAAVr4SdbcngRG+4TTvNSBVzfl+t9t2R46qCdsnNtc\\nJ2KO2acHL/4DqyrWl9ztU2StZoPGA+Bef3SLBU1FCeZBv58QBqffXMdvyJwZgunZ\\nwdD896JGAkRXkBEyQoEze8KYKjrxElTp/4kGKs+R3XkZOiiCqHztKZahaERoJa6U\\nHbLzSh1ZW8uAmcxLoeSiRPeusHKuI1FqY5qAE3jO1+rg2WTsUtZnswkIIdz7n3yN\\nGMWzelaXQkF1cU13Os/5qSWBGgdK0KHoal3dONo3ZfJFACmFEKOcM39ZgGxkQWCm\\nHY2VXEwK1CErUMfVBINaNlqlovPNJQWHtcPTQKVzAQKBgQDsrHp44X4Mx4SA8Y2q\\n/K+1Puw2Xh/GBQlhWZZXHUxBvZ/cCgGTyD03fJBEt0P6bF0QwrdtJkFCqVsBaemx\\n4x6oXQW/q+n9/cDJ6eRYrIByWR/HZx8Af8rpDN6UCxRqfR8n1i7qdwJsLz+y0/Yn\\n9QqKw/Kv1o6zb0Y56EyrW10LrwKBgQDHSCg1uBB1cQKS7ifZSX/7bMl7FnBFb9mr\\nCEFd8ynR0Mp5/wEz12ayko/ko5msPwWXotxwJPY2J0WXrDVQTgJdPjVE/H481+sY\\nazk2lKrA63JuQaKtWawxudxFpPJNLRQ1p/AOJ8M8X4jffsmJisOmxkBxchp8yIZt\\n+FWycrUJTQKBgApTH+ikFaajEZG6d+6spVGn1BAvHP27fIRFrzxPp+L6Tb4Apb73\\nrkv8YCLPR+Tl002G4Q+e6pvo3XJ7V1mOSekYXcbVzhhpeH6WeIKxy8yxPKSrR/vy\\nlzyBdjhJH3Phz3kia9uIo49qpEG943AszW/uSmkHWCRVx1+BVc7n5nA7AoGAFda0\\ngV6Qfy5JR+zNdSR24AjF87U7zIA7bGDVOQSC2rl01vW5HgNG/97L4hSDrLqjVEDG\\nw4tpZ/nZyItYtFo4LBu7HrpE40oOO3jUpkSYidfDjI2o1DJ1imWB3Cf9XbPI+TBU\\nQFjfLmiRyVxNncMVOduUCFqmyHH5OWfzjEDB0ikCgYBUTLc7TjevWhb0krYVwKE+\\nYNtb/eo3vIz+ot/mOpOFHlq6MFuj3hDBGeOyITChub9h/L1idPrlvjTSMqRXXjBv\\npV4PP5XiR8IoOSip6sXef8nLqwEH97ByKR/O3OJ2tyY+dOSRbMjLDJZ6P8Gnz3HQ\\nEwr0+Z2HNn2Y+SpZwZtUVQ==\\n-----END PRIVATE KEY-----\\n\",\"privateCertContent\":\"-----BEGIN CERTIFICATE-----\\nMIIEITCCAwmgAwIBAgIUMSS/pkuVIpc/qowSn+3kOP4ZcSMwDQYJKoZIhvcNAQEL\\nBQAwXjELMAkGA1UEBhMCQ04xEzARBgNVBAoTClRlbnBheS5jb20xHTAbBgNVBAsT\\nFFRlbnBheS5jb20gQ0EgQ2VudGVyMRswGQYDVQQDExJUZW5wYXkuY29tIFJvb3Qg\\nQ0EwHhcNMjMwNzA2MDc0ODIzWhcNMjgwNzA0MDc0ODIzWjB7MRMwEQYDVQQDDAox\\nNTQ1MDgzODgxMRswGQYDVQQKDBLlvq7kv6HllYbmiLfns7vnu58xJzAlBgNVBAsM\\nHuWOhuWfjuWMuuWkp+adjuWwp+aXpeeUqOWTgeW6lzELMAkGA1UEBgwCQ04xETAP\\nBgNVBAcMCFNoZW5aaGVuMIIBIjANBgkqhkiG9w0BAQEFAAOCAQ8AMIIBCgKCAQEA\\nuDzI4wZL1QbpUoEF+Bs5XFCt7d6x8wEig2pPo+yUBAZ5Oyc0Q5s7pwR0BVQjHQ6v\\nCmoF2kj7KI/YBBZ+PxjYJeA5Ymyjw4b/2GrQJbLCe2fUGktBXEOmeIzmmxjMjK8S\\nnhEed4OuqV+vbQVHZOUGOZgZnlBPVqhgd22Em3EqwP6XnuuB5XSoLMugHaf6fotC\\nLwXFOK+ykaaEoY27ebc4YJuBTIazrQswIMTzgLTuHMb1OhUcEqVjm2VkAJu1tch8\\nyv0FYP3ggrOf0uO1YD0FrWCzI90HAmbk/j8s6K/nJLXZl73svEUQxJWMoqRoTAUB\\nMu8U98DMfb1Zg1hr8SCqowIDAQABo4G5MIG2MAkGA1UdEwQCMAAwCwYDVR0PBAQD\\nAgP4MIGbBgNVHR8EgZMwgZAwgY2ggYqggYeGgYRodHRwOi8vZXZjYS5pdHJ1cy5j\\nb20uY24vcHVibGljL2l0cnVzY3JsP0NBPTFCRDQyMjBFNTBEQkMwNEIwNkFEMzk3\\nNTQ5ODQ2QzAxQzNFOEVCRDImc2c9SEFDQzQ3MUI2NTQyMkUxMkIyN0E5RDMzQTg3\\nQUQxQ0RGNTkyNkUxNDAzNzEwDQYJKoZIhvcNAQELBQADggEBABKBBJ0M9S8wYiZx\\nRf+SBkfZaO+0HEKYFZv4VLEpV8L4IDJdsC4AocOeWuMesU62M9/irEUMPxegb1YS\\nk3+G7wu06Y4fHvkghajo8tu0g+r8lTrTeh2LRq2HBv5oggB1o/1lAh0+PN0g1svP\\ny+NpPQ6TFoa6jTVROamYaa6Tz5xS1kghJNeV+4ycURGWKkUH2pHNYL4HfKjbgPAf\\nEDb5hQ3BSgfe21gSRprzbjYMK1sHti/me6JFU55QHkzxrnk58g3mT4S0nSGhrRec\\n6mx6yMQBSX1glPBgCC+eyCff9jJtdLVInEwzAoppkcgaT7tPjigfJT6yqcyEksSc\\nb9PX2Kg=\\n-----END CERTIFICATE-----\\n\",\"apiV3Key\":\"017a1097e708975596f568d872b29e92\"}', '1', '2023-12-23 23:52:10', '1', '2023-12-24 10:38:27', b'0', 1);
INSERT INTO `pay_channel` VALUES (37, 'wx_lite', 0, '', 0, 1, '{\"@class\":\"cn.iocoder.yudao.framework.pay.core.client.impl.weixin.WxPayClientConfig\",\"appId\":\"wxc4598c446f8a9cb3\",\"mchId\":\"1533141481\",\"apiVersion\":\"v3\",\"mchKey\":\"017a1097e708975596f568d872b29e92\",\"keyContent\":\"LS0tLS1CRUdJTiBDRVJUSUZJQ0FURS0tLS0tCk1JSUQ5akNDQXQ2Z0F3SUJBZ0lVZGR4Ni96NWo1Q2JjMm1YQWpsdk1TTkdNOHdFd0RRWUpLb1pJaHZjTkFRRUwKQlFBd1hqRUxNQWtHQTFVRUJoTUNRMDR4RXpBUkJnTlZCQW9UQ2xSbGJuQmhlUzVqYjIweEhUQWJCZ05WQkFzVApGRlJsYm5CaGVTNWpiMjBnUTBFZ1EyVnVkR1Z5TVJzd0dRWURWUVFERXhKVVpXNXdZWGt1WTI5dElGSnZiM1FnClEwRXdIaGNOTWpFd09USTBNVFF4TmpVNFdoY05Nall3T1RJek1UUXhOalU0V2pDQmh6RVRNQkVHQTFVRUF3d0sKTVRVek16RTBNVFE0TVRFYk1Ca0dBMVVFQ2d3UzViNnU1TCtoNVpXRzVvaTM1N083NTd1Zk1UTXdNUVlEVlFRTApEQ3Jsakpma3Vxem9rNTNtb0lmbW5vSGxoWW5rdjZIbWdhL25wNUhtaW9EbW5JbnBtWkRsaGF6bGo3Z3hDekFKCkJnTlZCQVlNQWtOT01SRXdEd1lEVlFRSERBaFRhR1Z1V21obGJqQ0NBU0l3RFFZSktvWklodmNOQVFFQkJRQUQKZ2dFUEFEQ0NBUW9DZ2dFQkFNenJUd1FaaWppSnNCM3JRdElwS3QzS3lZcXlZSmd0cWVrU2FsU04rMzB6d2NpbwpjM2twSzh4dHNLbjhHSzJLUVNVbmxpbkNRTENTSWZOVzJQVGlQLy9aelVSNU9TakQ2UGlhUnlpZEZBK2xQSFA3CmcvbnllQ2lwNzF3QXovR1llSlVoNDhBVG5jM2RHd1BCdFh4NnpwNjNGb3VZckx1clRJdEJFSlU4WDJ3dDF5VUMKVGFLckRvUGZ1RmlhRFd3T29UZUUxZVZmL0pTL2NPUVVTU1VUS1RjTVc3dWFxOVphbDFoeDgwSzlKaWQxUmNWTgpuWFNzVUtaeDZFV3dCZHA2MTdpSThnK1Y2dU9ZYm1UV2RQc2dtdUJlakxnT1lRTmlrMEpuK296c1AxTkNSbTl2ClNkdnVqeEZCSk92dlVIVm5lSTMwaURVamZ0eFVWMFp5RVBhakRKa0NBd0VBQWFPQmdUQi9NQWtHQTFVZEV3UUMKTUFBd0N3WURWUjBQQkFRREFnVHdNR1VHQTFVZEh3UmVNRnd3V3FCWW9GYUdWR2gwZEhBNkx5OWxkbU5oTG1sMApjblZ6TG1OdmJTNWpiaTl3ZFdKc2FXTXZhWFJ5ZFhOamNtdy9RMEU5TVVKRU5ESXlNRVUxTUVSQ1F6QTBRakEyClFVUXpPVGMxTkRrNE5EWkRNREZETTBVNFJVSkVNakFOQmdrcWhraUc5dzBCQVFzRkFBT0NBUUVBc0ZjS2VNRzMKWkE5ZEt1cmdBVWJNWTd5TzVTRXNML2U4alVwaE5nMFRUT2ZJd0VuOHZIVnhLaGdCKzR1TXVhV2F1WENJNTNaSwpuN05CVU15NWVtQVBraXBNaUNCUjZYQnFuWENYUVlCVnpKZkJ5STJ6aXhmbVR5UnlRMDBNazdLNk5wbGdnWUcvCkhvR1hIbWtLaU9ZMTNZRkdSbXA2QWlrbHFJTzRrNy8xSHAzV0FpZVlHMitMK2JKRkxFdjl4alByMW9UZEtnanAKUkZyZS9aVHNDeE4vbW95L0FPQ3cxWWFxYVhLb1Y3UlMyby9NQnZTalZUVmRaZHFrV1ptSDN2V2tMZ0ZvKzlnNgpOYW0xUWJ5biswajVYZUhQd2NFUCtES2hoVWdOMW01amVWVkcrcityeFM4WVpwYk5ZWDlOdEdTNVMxVkRlVysvCnY2SVFndGdwOVNMZjB3PT0KLS0tLS1FTkQgQ0VSVElGSUNBVEUtLS0tLQo=\",\"privateKeyContent\":\"-----BEGIN PRIVATE KEY-----\\nMIIEvQIBADANBgkqhkiG9w0BAQEFAASCBKcwggSjAgEAAoIBAQCvdCy7xqmWpgNJ\\n4OGdi3cIxOiFm7QlSbI7xn16EzfUul0s9Z0HwtCF5yZP2Sn+xaAAuNtDScQbwltF\\nFkGev5EIas3DnYMeYJnck3JyiUni7M0aWo74xqCmZIO4ircxXlvuVuT4P5L0uRyw\\n4rGz0HxkCMYywZ3eh8UJQ2eM820YvR3vXhFo302TbHfURoyVPFu5dT+7Ai6MclKX\\nxtatrwNibaCpK0dk94BsAHiIvBfzmmUXiKfCIzBP47p6+6iTlFfSNJz/2dTE1v+t\\nR5CmA2dTxpXk3I4xtAGYJDZxFsXo1PkS8cLtJFgxWxwvvOpI49sod0sPuzDqLTLl\\n7uKckUbbAgMBAAECggEBAJzu4dA3Ops39HsRPVxIUXkzfvN6uKAdkeFrgfI93FNX\\nOl4rdoBpnVAX16nWCX0LUTk0H1LJWTKnHjHmXV1b5aLMvS055vy11Ql5jQWrjL3/\\nptjqpTUZnLoX78WRtZff2YSOjpEJdC2WoXYJ3n6CfbCQNI9TpRxU/kVx1944IZ3c\\nluFthgjwkMRkuNF81KEIu+0dIYFCXPTt+d+J0BC0ta+IGTIw5wHa/IknySG9Dt8V\\ncczZgqghtkD4iVoBq8V/WCiKSJYWWnthdBKXOTW4LMGKK50yKxVloIMYHbbDgveH\\n63HruXVKGt6xHB7tPzcz6yEH7nd8Qd2BcTKq2NP0MKkCgYEA2x0I1bRfIqMQetNK\\nAPnMtwLT8FR3mPkv8OpwMbUEbZzN1fUkVw6w2ayJhwoUYMgaN7fMC2urJxODE9OK\\nu97YDQYXb/MxirHU2zV2tRfmzyQFuCXFTKxnuw6RWPUmX+4HQn8PWHmkYaVmUvQW\\nQUQ8EzuLINADuJiPz8/ypQaT3gUCgYEAzP2TNdVkRF6D2vuJrL3ZEmDhVJQNZwCW\\nc2JAHaf/J2PsJzmi5hsTD2KRnwgBstz+qzwlr/PNyLiHXnmo6bR7UZa7YG6fURE4\\n8/hibO4iu4/d4HGa1obNMNwjDq5V26PkiUTR96RmsIG1+36p8rZj90L5J72E3atK\\nCmamwVBsx18CgYALx1TJQCf5EbD6GU+aG9OQZvuDqNbBB2w3VDLxyRxS1CIQhVwN\\nvgFtwiOmebk8tqUKJ7w1RPVvZVIfh7imfsU4dgJeh0E7hnG90vLtqzpCGlqgWo9v\\nnrj4ykCv+oW0lHQZdAEcLXXTtfN5NBvaKFPeaM4C1ovMqY7ZigEuM9tRDQKBgGvE\\na94DX4EqBzvavZhY/oPQ9uVWKG2cO3xRjM+KgHOe7on4nRFH7o9KDLCErw/vattu\\n9Yk5LVh22oPqhcjHn4VXLw8VWSBvY3evf18xGoVsrwLN9s8Nc1ZahPu032JnGUCp\\nM5FzlqD4sEmVX5dAF/Hn/cDMu8slv/kT2lsLAwUVAoGAO9WKtzzcpfbBhmsa01fP\\n1N4I2jeD8vtBt+JCUyfjmsmRHh2ULa1ok841QOLcpH7JG76i3wa2nQjPS3U4zgwI\\n5H2tr1msb8CpLENKxRDAj8/kc2Evdq7o+5K3V1F1Dg+JcrdEjRNRsa/luSIzygdD\\ngwYPqRrqs67hUtghVovzAuw=\\n-----END PRIVATE KEY-----\\n\",\"apiV3Key\":\"017a1097e708975596f568d872b29e92\",\"certSerialNo\":\"7C9EDB078C5F0B7C14DD3040E59C322574E8743C\",\"publicKeyContent\":\"-----BEGIN PUBLIC KEY-----\\nMIIBIjANBgkqhkiG9w0BAQEFAAOCAQ8AMIIBCgKCAQEAwvJeClqAG2M4PaLOWt4E\\n1efelZplw08xb+XwOlc2CY7xlmd1VulsEzA074ZT/RBFvlOEc2npinFlaxlLU7Dn\\n7wZ9ZgWT6nDrgOx49o3QvUaEKbiEbBiUcxlFjMyNW6Ed0aqslWtKII2wDTtEANGp\\nUy4QOy9wP2Hanv9uqT6J8oTXYbF7vrC2k3fmt12ijHEj2JqeUDJ6IHl06Nt/N7T0\\nqghaKgYXO/1WeTfQT5gdphsHrExXnO0ptmn6OMdDAXeTvBjBkmFEcdbOw5+u4g8M\\nzKcsbf7tekx1QMk6d85Ji1OxS55PBNpK1BfAxxzUlH+5VLDKIXjBtRa1GnAq5IcT\\npwIDAQAB\\n-----END PUBLIC KEY-----\\n\",\"publicKeyId\":\"PUB_KEY_ID_0115331414812025043000391776000800\"}', '1', '2023-12-24 11:51:25', '1', '2025-05-11 08:50:27', b'0', 1);
INSERT INTO `pay_channel` VALUES (38, 'wx_bar', 0, '仅仅是测试，内容不对的哈', 0, 7, '{\"@class\":\"cn.iocoder.yudao.framework.pay.core.client.impl.weixin.WxPayClientConfig\",\"appId\":\"wxc4598c446f8a9cb3\",\"mchId\":\"1626576963\",\"apiVersion\":\"v2\",\"mchKey\":\"017a1097e708975596f568d872b29e92\",\"keyContent\":\"LS0tLS1CRUdJTiBDRVJUSUZJQ0FURS0tLS0tCk1JSUQ5akNDQXQ2Z0F3SUJBZ0lVZGR4Ni96NWo1Q2JjMm1YQWpsdk1TTkdNOHdFd0RRWUpLb1pJaHZjTkFRRUwKQlFBd1hqRUxNQWtHQTFVRUJoTUNRMDR4RXpBUkJnTlZCQW9UQ2xSbGJuQmhlUzVqYjIweEhUQWJCZ05WQkFzVApGRlJsYm5CaGVTNWpiMjBnUTBFZ1EyVnVkR1Z5TVJzd0dRWURWUVFERXhKVVpXNXdZWGt1WTI5dElGSnZiM1FnClEwRXdIaGNOTWpFd09USTBNVFF4TmpVNFdoY05Nall3T1RJek1UUXhOalU0V2pDQmh6RVRNQkVHQTFVRUF3d0sKTVRVek16RTBNVFE0TVRFYk1Ca0dBMVVFQ2d3UzViNnU1TCtoNVpXRzVvaTM1N083NTd1Zk1UTXdNUVlEVlFRTApEQ3Jsakpma3Vxem9rNTNtb0lmbW5vSGxoWW5rdjZIbWdhL25wNUhtaW9EbW5JbnBtWkRsaGF6bGo3Z3hDekFKCkJnTlZCQVlNQWtOT01SRXdEd1lEVlFRSERBaFRhR1Z1V21obGJqQ0NBU0l3RFFZSktvWklodmNOQVFFQkJRQUQKZ2dFUEFEQ0NBUW9DZ2dFQkFNenJUd1FaaWppSnNCM3JRdElwS3QzS3lZcXlZSmd0cWVrU2FsU04rMzB6d2NpbwpjM2twSzh4dHNLbjhHSzJLUVNVbmxpbkNRTENTSWZOVzJQVGlQLy9aelVSNU9TakQ2UGlhUnlpZEZBK2xQSFA3CmcvbnllQ2lwNzF3QXovR1llSlVoNDhBVG5jM2RHd1BCdFh4NnpwNjNGb3VZckx1clRJdEJFSlU4WDJ3dDF5VUMKVGFLckRvUGZ1RmlhRFd3T29UZUUxZVZmL0pTL2NPUVVTU1VUS1RjTVc3dWFxOVphbDFoeDgwSzlKaWQxUmNWTgpuWFNzVUtaeDZFV3dCZHA2MTdpSThnK1Y2dU9ZYm1UV2RQc2dtdUJlakxnT1lRTmlrMEpuK296c1AxTkNSbTl2ClNkdnVqeEZCSk92dlVIVm5lSTMwaURVamZ0eFVWMFp5RVBhakRKa0NBd0VBQWFPQmdUQi9NQWtHQTFVZEV3UUMKTUFBd0N3WURWUjBQQkFRREFnVHdNR1VHQTFVZEh3UmVNRnd3V3FCWW9GYUdWR2gwZEhBNkx5OWxkbU5oTG1sMApjblZ6TG1OdmJTNWpiaTl3ZFdKc2FXTXZhWFJ5ZFhOamNtdy9RMEU5TVVKRU5ESXlNRVUxTUVSQ1F6QTBRakEyClFVUXpPVGMxTkRrNE5EWkRNREZETTBVNFJVSkVNakFOQmdrcWhraUc5dzBCQVFzRkFBT0NBUUVBc0ZjS2VNRzMKWkE5ZEt1cmdBVWJNWTd5TzVTRXNML2U4alVwaE5nMFRUT2ZJd0VuOHZIVnhLaGdCKzR1TXVhV2F1WENJNTNaSwpuN05CVU15NWVtQVBraXBNaUNCUjZYQnFuWENYUVlCVnpKZkJ5STJ6aXhmbVR5UnlRMDBNazdLNk5wbGdnWUcvCkhvR1hIbWtLaU9ZMTNZRkdSbXA2QWlrbHFJTzRrNy8xSHAzV0FpZVlHMitMK2JKRkxFdjl4alByMW9UZEtnanAKUkZyZS9aVHNDeE4vbW95L0FPQ3cxWWFxYVhLb1Y3UlMyby9NQnZTalZUVmRaZHFrV1ptSDN2V2tMZ0ZvKzlnNgpOYW0xUWJ5biswajVYZUhQd2NFUCtES2hoVWdOMW01amVWVkcrcityeFM4WVpwYk5ZWDlOdEdTNVMxVkRlVysvCnY2SVFndGdwOVNMZjB3PT0KLS0tLS1FTkQgQ0VSVElGSUNBVEUtLS0tLQo=\",\"privateKeyContent\":\"\",\"privateCertContent\":\"\",\"apiV3Key\":\"\"}', '1', '2024-01-18 23:27:44', '1', '2024-01-18 23:27:44', b'0', 1);
INSERT INTO `pay_channel` VALUES (39, 'wallet', 0, '', 0, 7, '{\"@class\":\"cn.iocoder.yudao.framework.pay.core.client.impl.NonePayClientConfig\",\"name\":\"mock-conf\"}', '1', '2024-01-18 23:38:21', '1', '2024-03-30 16:53:17', b'0', 1);
INSERT INTO `pay_channel` VALUES (40, 'wx_native', 0, '', 1, 7, '{\"@class\":\"cn.iocoder.yudao.framework.pay.core.client.impl.weixin.WxPayClientConfig\",\"appId\":\"wxc4598c446f8a9cb3\",\"mchId\":\"1680326474\",\"apiVersion\":\"v2\",\"mchKey\":\"737b893dc856f0a1a2077fd3468258c1\",\"keyContent\":\"MIIK2gIBAzCCCqQGCSqGSIb3DQEHAaCCCpUEggqRMIIKjTCCBQ8GCSqGSIb3DQEHBqCCBQAwggT8AgEAMIIE9QYJKoZIhvcNAQcBMBwGCiqGSIb3DQEMAQYwDgQI9HeP3BJxWlcCAggAgIIEyOPJ6V5bjOlZUxb3rl1JgZw9YK/bSO5Ox7+A6HB80Vy+C2rNLn7296+4ks66QCYjU2NtK90ZYqR0WxSAS0nWNY4hIgExUQcSVeYWu739G2VtX0YBGQyLfikPaSNqO5Y9zbttowBmrdadDg97Pph/K0jezsliICOqDodC6NWpC9918lKAc8wPOJSLLc0xG1S7S6P9QUZ7g9BmiSjoQakjQeNR1JWL0wlNKJ7/nG5DVpx2bnrow45YwY4tMlidFu66JVQ4MvBOYRoOy+PIXMvTJ7U99/rPpnV4EGKGH4M5WP/j22srfOsg1VH0Kgcba2PkMseT3o0AquBGm7Bi1Bu0B+BrghC7Q2Bw2t9gk4CjqhDKllX0xayRdWVcD8a18WP3mdsGXKmibpJeIilK/2TV/WiyN46mzVvNPyj3pPM6AETg8zCh/IyYui5nPWODCua18nQmn7C/1y+GqMYJ8HrsQ/uPG4yfA516X1Gc0svw6U0nSoJ0ExLY/DtZJYt5zZV3uC8bGGx3zxpTN5/3g2mPTmUdun0ril5KzG/B9heQAsxZf38D8zzMldFO8IPHF9PixUCm9DDh4ONxCm5SXmqvL+fLcJhcvYIUbVRQkgTBHjGfPH8f8CVAXlyHo212lvcgD676wcQ0uZYg86rBALstECLdGEzkgdHvcP/3dDLKP6sJHHx2wpUTI0taXKidc5bnv/DUvdqOJYeyEkk8fVC/IoroD2X8AbSnE4S+SzufMowwoBtvhBUkO1LMF+ZS6NaXix5e4HvNQKs4M2FBlDHA2qyoG4eRqM8Jj6s0NqTSjCTchyk0nmx+TD4LUVkuJ1GB23BOH1VEAMrfV6HMv3kq9Mt+l2YV2ctnSH61mqUiiI6FsEpbNhx71XExE5f/N16z7qYLuB8zgBKyY7Aihgqto5NnKa2WD7XmTtBrXmt6YfYu6YN/mFrZbVWtDNlBGpPp0U0ARb+0Qm2P4xcBqPuBav3Dnneuhmw56RXeWe2duP54jKOBhznC3h1S/66snP6KeuFYpQBo0QEbr4tt4Y3Z5nE9onax83GpeGg98vlKgnWGamLkyA+GrH5b8DMz+wqgmzlvdfVQc/cmQYuPWcGr1krRW+tCBMFEmMQDsqOwMOc5QCgyFgSZW9wO/5aHUEiHBY2wXMkJueuDVSDJvjs/JxGqk0x2OxRkuV6oh+dibwtVFNRexOHfanX/skCTl/ndw1mrySZya29qfVsVevZWdg2qKsdXfkw+IspF/lZbtmyx1y4BJY5Zi1brcK/Dc9BF6IXRLm09whPy9HNpxTY6RJ888iIYhsS3BeUAO8nXpJ1s5sMqmHdDvJNUGFg+WeTFtx0vdVD3ejkQ6x8FhwEtBdtRzHyeAmh6mp70b1zZIxL3FpYJ4UM4OoTWnuv9PH2abaRPKDDm9kDLf0+LjUJXp1Old33+Q247nOISeW4hcgd2GmHG63rcjsH2UPa9NK2ywTFHt6MY2ro5FiI1QSkE1hP8ccTz3CtrPEimPBtpEFzc8ujy9y0hGhhKLBQqJYUdpJCTImIGIXhBcQxd0eENc+cx2jL2cQBDbSr/tCN7eWa28/2puztujMkh0sE748JjRYlPA/teeolmaVNRx/bdPvGCTBsTAPtyWDCCBXYGCSqGSIb3DQEHAaCCBWcEggVjMIIFXzCCBVsGCyqGSIb3DQEMCgECoIIE7jCCBOowHAYKKoZIhvcNAQwBAzAOBAh3nRvXyZmozgICCAAEggTIKZia1KuQ5QWMuViUqRqBcMC7uU5UwlDPoxL2Kwym5aGquhtqc+7F1Q9PVTzn+Yb+caI9oNOxJ8sreYW025+Cm+ForCiVl22ZRvNCRY93AM5o+x0A3C9V9Cdva3aulanR0nai7xI/DO+sYr+RK5+2pf8nWY6VAp3dtHvpO+5oE32Ar54B8N064pJOVpehcj336H35xWLTTdzkj1/UW8qP+Kyitvy11NfXUgX5+UDK+GXuug5RNSo54jtLnVauwyfTx5kmiBC7Jyx4IDck6YlNpJTmwvNhQHYaysYk0D5QRyzllqIRI891+RexYBj0wTFpZVoTyhf5vGWHZz6a3pvHbb0twRvUjuqQV7qmXWwnZTh/ZjiUrgIybxFS1KlTTNkJ7kanPdIOv144vX+6DdNWWuUmLoNfZ/lJcQMtC84Umlv3SB4msg3Hj+Co1ABmmGk3HL1CJtL9ZbaMYIaAMx6GbgqG9q5CjRbMlUedqHcC665p97gLMP7eI+cOHx6sfcKeco9B8J2RZzRq11rxs7dLDtvaPxq4wNqkJ/qNeS5sXKjvqSCKZZHCK3fDNIvu6t6LN9D2jTRwvTEgRhj2S1LZDzTmTJLyDhzuFjwB0+FTRtONw9ttf5RLuC2+HP514cdNs0/2NaVlVFtlFpdEzxE/zLoZl5uAJUzn2tLOLfZR7UOQOnaSduDGTafVAEzIDUdZiULMAp8Wo6grU3rrcXvq0WohcX+mV5qSBhLIwaLep09WPeOWmAWbgdEtrXTbpUCJUM2xiHP9Z5j5bdfnO97i+OjjqDrmDcxUSlzp2ISqa0VU7lXj4gSg1TSpUMqBg8B3gEvHvP8cJRDXK7JGZSxxiN5vmw6uhlcWhRzRZaG9uBnkpbEYaf2tkrDEhOOYV9kO4WZDXyQUJZEz8m36nqUtfqE//uNht8RQJnBmtsjQBsRl86Xh1Cyxidn+Q6+Y/+BmYpfpQRi4I6tRkhYu6NSQ0LrKO1Lu5VOMymEnpeypzBUXQ71PponuA4Ynp221BW7DFpAlfXcBt/gxeavW9tXg5/HyFmm/1lcd5MChwS2vh5E9j3HB0Jb1qGUDlmJSG/g5lmTJw3sA0QkZtuSWTudKCD+kcmcDNK31cXi87DiR/NxcdANVia791Sowo9zu3QAgfAPyIiM4fk+CMnuOInxhH7ul9I0qsjs8OETN9rayoqiNo2rZ16YkwbkHF3S8JMtDNggVS/0BV+N2XtulXl5liJzjjrHdzdv1f+ac+eNK2CNWDgfSq3Q+3z+x7au5gM/3uRewxLQbDlyKi83/c79XIT68HS63QArFN8dS9JsHWKhIglH6/+U9/pBRBx8Xki+CpOFCAN9/PhQSNXZLTzINfZl5JdSws2DrLGQ/KZM/9Tet/1EqgwqLluwQA8UNKPnI+tjQs6Dj63KKqNyNl/ErYs2OuaM9Z8O9fYbqPwC0CyYgYujwqfK6CkKQRerdFRXcWr4CrGf9/cPcRMIGE3Lvolw+H7KHTKFF1SKiImnEUvfxBogunq/Y37IGeFlKfd9hz9kKDZBvd+TGVFpc2xP3RSRQK8U5Nan8j21xMvD8qRirDvUcnClSqr/24PeBhRN8F1vt6AlF1uvQgK7UylD+QZ7vPaNzPKl6MVowIwYJKoZIhvcNAQkVMRYEFDc0XPWHV8eaGC0AdGP5F+sfaYigMDMGCSqGSIb3DQEJFDEmHiQAVABlAG4AcABhAHkAIABDAGUAcgB0AGkAZgBpAGMAYQB0AGUwLTAhMAkGBSsOAwIaBQAEFInnljOOHScTJn6dqvTP9u2RovjuBAjvD3fbp5R8ew==\",\"privateKeyContent\":\"\",\"privateCertContent\":\"\",\"apiV3Key\":\"\"}', '1', '2024-07-24 21:06:44', '1', '2024-07-24 21:06:59', b'0', 1);
INSERT INTO `pay_channel` VALUES (41, 'wx_app', 0, '', 1, 1, '{\"@class\":\"cn.iocoder.yudao.framework.pay.core.client.impl.weixin.WxPayClientConfig\",\"appId\":\"1\",\"mchId\":\"2\",\"apiVersion\":\"v3\",\"mchKey\":\"1\",\"keyContent\":\"MIIK2gIBAzCCCqQGCSqGSIb3DQEHAaCCCpUEggqRMIIKjTCCBQ8GCSqGSIb3DQEHBqCCBQAwggT8AgEAMIIE9QYJKoZIhvcNAQcBMBwGCiqGSIb3DQEMAQYwDgQI9HeP3BJxWlcCAggAgIIEyOPJ6V5bjOlZUxb3rl1JgZw9YK/bSO5Ox7+A6HB80Vy+C2rNLn7296+4ks66QCYjU2NtK90ZYqR0WxSAS0nWNY4hIgExUQcSVeYWu739G2VtX0YBGQyLfikPaSNqO5Y9zbttowBmrdadDg97Pph/K0jezsliICOqDodC6NWpC9918lKAc8wPOJSLLc0xG1S7S6P9QUZ7g9BmiSjoQakjQeNR1JWL0wlNKJ7/nG5DVpx2bnrow45YwY4tMlidFu66JVQ4MvBOYRoOy+PIXMvTJ7U99/rPpnV4EGKGH4M5WP/j22srfOsg1VH0Kgcba2PkMseT3o0AquBGm7Bi1Bu0B+BrghC7Q2Bw2t9gk4CjqhDKllX0xayRdWVcD8a18WP3mdsGXKmibpJeIilK/2TV/WiyN46mzVvNPyj3pPM6AETg8zCh/IyYui5nPWODCua18nQmn7C/1y+GqMYJ8HrsQ/uPG4yfA516X1Gc0svw6U0nSoJ0ExLY/DtZJYt5zZV3uC8bGGx3zxpTN5/3g2mPTmUdun0ril5KzG/B9heQAsxZf38D8zzMldFO8IPHF9PixUCm9DDh4ONxCm5SXmqvL+fLcJhcvYIUbVRQkgTBHjGfPH8f8CVAXlyHo212lvcgD676wcQ0uZYg86rBALstECLdGEzkgdHvcP/3dDLKP6sJHHx2wpUTI0taXKidc5bnv/DUvdqOJYeyEkk8fVC/IoroD2X8AbSnE4S+SzufMowwoBtvhBUkO1LMF+ZS6NaXix5e4HvNQKs4M2FBlDHA2qyoG4eRqM8Jj6s0NqTSjCTchyk0nmx+TD4LUVkuJ1GB23BOH1VEAMrfV6HMv3kq9Mt+l2YV2ctnSH61mqUiiI6FsEpbNhx71XExE5f/N16z7qYLuB8zgBKyY7Aihgqto5NnKa2WD7XmTtBrXmt6YfYu6YN/mFrZbVWtDNlBGpPp0U0ARb+0Qm2P4xcBqPuBav3Dnneuhmw56RXeWe2duP54jKOBhznC3h1S/66snP6KeuFYpQBo0QEbr4tt4Y3Z5nE9onax83GpeGg98vlKgnWGamLkyA+GrH5b8DMz+wqgmzlvdfVQc/cmQYuPWcGr1krRW+tCBMFEmMQDsqOwMOc5QCgyFgSZW9wO/5aHUEiHBY2wXMkJueuDVSDJvjs/JxGqk0x2OxRkuV6oh+dibwtVFNRexOHfanX/skCTl/ndw1mrySZya29qfVsVevZWdg2qKsdXfkw+IspF/lZbtmyx1y4BJY5Zi1brcK/Dc9BF6IXRLm09whPy9HNpxTY6RJ888iIYhsS3BeUAO8nXpJ1s5sMqmHdDvJNUGFg+WeTFtx0vdVD3ejkQ6x8FhwEtBdtRzHyeAmh6mp70b1zZIxL3FpYJ4UM4OoTWnuv9PH2abaRPKDDm9kDLf0+LjUJXp1Old33+Q247nOISeW4hcgd2GmHG63rcjsH2UPa9NK2ywTFHt6MY2ro5FiI1QSkE1hP8ccTz3CtrPEimPBtpEFzc8ujy9y0hGhhKLBQqJYUdpJCTImIGIXhBcQxd0eENc+cx2jL2cQBDbSr/tCN7eWa28/2puztujMkh0sE748JjRYlPA/teeolmaVNRx/bdPvGCTBsTAPtyWDCCBXYGCSqGSIb3DQEHAaCCBWcEggVjMIIFXzCCBVsGCyqGSIb3DQEMCgECoIIE7jCCBOowHAYKKoZIhvcNAQwBAzAOBAh3nRvXyZmozgICCAAEggTIKZia1KuQ5QWMuViUqRqBcMC7uU5UwlDPoxL2Kwym5aGquhtqc+7F1Q9PVTzn+Yb+caI9oNOxJ8sreYW025+Cm+ForCiVl22ZRvNCRY93AM5o+x0A3C9V9Cdva3aulanR0nai7xI/DO+sYr+RK5+2pf8nWY6VAp3dtHvpO+5oE32Ar54B8N064pJOVpehcj336H35xWLTTdzkj1/UW8qP+Kyitvy11NfXUgX5+UDK+GXuug5RNSo54jtLnVauwyfTx5kmiBC7Jyx4IDck6YlNpJTmwvNhQHYaysYk0D5QRyzllqIRI891+RexYBj0wTFpZVoTyhf5vGWHZz6a3pvHbb0twRvUjuqQV7qmXWwnZTh/ZjiUrgIybxFS1KlTTNkJ7kanPdIOv144vX+6DdNWWuUmLoNfZ/lJcQMtC84Umlv3SB4msg3Hj+Co1ABmmGk3HL1CJtL9ZbaMYIaAMx6GbgqG9q5CjRbMlUedqHcC665p97gLMP7eI+cOHx6sfcKeco9B8J2RZzRq11rxs7dLDtvaPxq4wNqkJ/qNeS5sXKjvqSCKZZHCK3fDNIvu6t6LN9D2jTRwvTEgRhj2S1LZDzTmTJLyDhzuFjwB0+FTRtONw9ttf5RLuC2+HP514cdNs0/2NaVlVFtlFpdEzxE/zLoZl5uAJUzn2tLOLfZR7UOQOnaSduDGTafVAEzIDUdZiULMAp8Wo6grU3rrcXvq0WohcX+mV5qSBhLIwaLep09WPeOWmAWbgdEtrXTbpUCJUM2xiHP9Z5j5bdfnO97i+OjjqDrmDcxUSlzp2ISqa0VU7lXj4gSg1TSpUMqBg8B3gEvHvP8cJRDXK7JGZSxxiN5vmw6uhlcWhRzRZaG9uBnkpbEYaf2tkrDEhOOYV9kO4WZDXyQUJZEz8m36nqUtfqE//uNht8RQJnBmtsjQBsRl86Xh1Cyxidn+Q6+Y/+BmYpfpQRi4I6tRkhYu6NSQ0LrKO1Lu5VOMymEnpeypzBUXQ71PponuA4Ynp221BW7DFpAlfXcBt/gxeavW9tXg5/HyFmm/1lcd5MChwS2vh5E9j3HB0Jb1qGUDlmJSG/g5lmTJw3sA0QkZtuSWTudKCD+kcmcDNK31cXi87DiR/NxcdANVia791Sowo9zu3QAgfAPyIiM4fk+CMnuOInxhH7ul9I0qsjs8OETN9rayoqiNo2rZ16YkwbkHF3S8JMtDNggVS/0BV+N2XtulXl5liJzjjrHdzdv1f+ac+eNK2CNWDgfSq3Q+3z+x7au5gM/3uRewxLQbDlyKi83/c79XIT68HS63QArFN8dS9JsHWKhIglH6/+U9/pBRBx8Xki+CpOFCAN9/PhQSNXZLTzINfZl5JdSws2DrLGQ/KZM/9Tet/1EqgwqLluwQA8UNKPnI+tjQs6Dj63KKqNyNl/ErYs2OuaM9Z8O9fYbqPwC0CyYgYujwqfK6CkKQRerdFRXcWr4CrGf9/cPcRMIGE3Lvolw+H7KHTKFF1SKiImnEUvfxBogunq/Y37IGeFlKfd9hz9kKDZBvd+TGVFpc2xP3RSRQK8U5Nan8j21xMvD8qRirDvUcnClSqr/24PeBhRN8F1vt6AlF1uvQgK7UylD+QZ7vPaNzPKl6MVowIwYJKoZIhvcNAQkVMRYEFDc0XPWHV8eaGC0AdGP5F+sfaYigMDMGCSqGSIb3DQEJFDEmHiQAVABlAG4AcABhAHkAIABDAGUAcgB0AGkAZgBpAGMAYQB0AGUwLTAhMAkGBSsOAwIaBQAEFInnljOOHScTJn6dqvTP9u2RovjuBAjvD3fbp5R8ew==\",\"privateKeyContent\":\"-----BEGIN PRIVATE KEY-----\\nMIIEvwIBADANBgkqhkiG9w0BAQEFAASCBKkwggSlAgEAAoIBAQDM608EGYo4ibAd\\n60LSKSrdysmKsmCYLanpEmpUjft9M8HIqHN5KSvMbbCp/BitikElJ5YpwkCwkiHz\\nVtj04j//2c1EeTkow+j4mkconRQPpTxz+4P58ngoqe9cAM/xmHiVIePAE53N3RsD\\nwbV8es6etxaLmKy7q0yLQRCVPF9sLdclAk2iqw6D37hYmg1sDqE3hNXlX/yUv3Dk\\nFEklEyk3DFu7mqvWWpdYcfNCvSYndUXFTZ10rFCmcehFsAXaete4iPIPlerjmG5k\\n1nT7IJrgXoy4DmEDYpNCZ/qM7D9TQkZvb0nb7o8RQSTr71B1Z3iN9Ig1I37cVFdG\\nchD2owyZAgMBAAECggEAS+8CN7WzF2JGJcAQ4cmpfchwSHny+1Eofhp51l1KjMmK\\nDG4HZCVSeo1HAqZNCrmJjFgP9+doi0WLWR2chZn1NzyhKLd269k00jJxHeafEXEc\\nZqoT7KHhzsexz7jpVVA3lqOZPorGVguRwCGeu8LSH9QegZoQn/ZJBe0VVQerIG1u\\nB9Ee3wcQus23SubKN7UqDlvLKoHwe0u0Mdle/X7u6cnlSYjNuYdwbLXg/EnY4iCG\\nqJOVAEdFuI4juYT6W0Dh5a6T3+JhYG+0SMOBkcU8PWyJ803e/sLb8dzS7Bhv3lbs\\nmTwN3Ue67EJbY4U1SXW7M4KlcmhU/3+Vmt6OYP4EgQKBgQD0niHjhho6mA8y1U5f\\nXiMm9+yKLc1J04oq/gtq/Krrg6BnBuDO6MCb61FUhikmPv49EQmHO3KnUz0NmnY1\\nCENgG5ASvs5OahPIV9R4ZrnyUgQ3LFthzJ35uSQ3wbbFGooqP6hplyq64XN1O0In\\ng/yfONnLy3h0T23jVGIkGWi4UQKBgQDWdEpWsU6I85QzvyDT1yG3SeVA7hJIMDfy\\nBlE3OWlSjgspxGvdIq0YJnbyj46ki5cVFt5VlE+0JHTZPSI5pKzIJ5vZL6J11N6t\\nBjtW4AnJrlaLuwhI8emafOQ0YRAZAqS+/NgUJnkWa0PZelbb200YCovN7qFWuZcI\\nQm3GA1TFyQKBgQDL+1mTG26f0dFKuGkkSaHSiwdqqor3tzkOZM4spwn4XsjRYQDy\\nSVDkNDSb4UxLIlhrn9tsM3yGX3kX8OgFjSBx8koP96Cd7wMUG3mH9VG16gKt54VE\\nZpaNeX/kJts8PcddN7w+YNo3AG2BIqslvIBaXdPwh3mos9uUp/c21yFmIQKBgQCd\\nYE3FfOyjOA1ERDh0/WUyurnQgmVMMIZ9yAEFw8301WR/zDNT3sSj+mZD7vHA8ud2\\nhIe4ydQL4M0XNvPM1XoukFKgeYKBcivPUcluIY9NP/EnLaQQ0+aYhpp5jdlgYT5B\\nIg/4CZvGxgTOribbxP24bNTX1Qz1NdEOMKGaNIubcQKBgQC5aHGegjnVKh6YwEQB\\nf+BrCLpV3XYTKDecmDGsFqHOMSSJed6gwe5xJwIPQuQheww5pPOIOLZ6Mg2Yv6zM\\nspLqna4px5QMcA9LAujiPfGjqCYnQjC0SvaS08VKZDOl90IOOm109awDh+oT4oiR\\nPUlZIw0hi47VZipX/zRbVtlp/w==\\n-----END PRIVATE KEY-----\\n\",\"apiV3Key\":\"1\",\"certSerialNo\":\"691873A7AB8E6CAFBB07EADE9B86C85FB7693693\",\"privateCertContent\":\"-----BEGIN CERTIFICATE-----\\nMIID9jCCAt6gAwIBAgIUddx6/z5j5Cbc2mXAjlvMSNGM8wEwDQYJKoZIhvcNAQEL\\nBQAwXjELMAkGA1UEBhMCQ04xEzARBgNVBAoTClRlbnBheS5jb20xHTAbBgNVBAsT\\nFFRlbnBheS5jb20gQ0EgQ2VudGVyMRswGQYDVQQDExJUZW5wYXkuY29tIFJvb3Qg\\nQ0EwHhcNMjEwOTI0MTQxNjU4WhcNMjYwOTIzMTQxNjU4WjCBhzETMBEGA1UEAwwK\\nMTUzMzE0MTQ4MTEbMBkGA1UECgwS5b6u5L+h5ZWG5oi357O757ufMTMwMQYDVQQL\\nDCrljJfkuqzok53moIfmnoHlhYnkv6Hmga/np5HmioDmnInpmZDlhazlj7gxCzAJ\\nBgNVBAYMAkNOMREwDwYDVQQHDAhTaGVuWmhlbjCCASIwDQYJKoZIhvcNAQEBBQAD\\nggEPADCCAQoCggEBAMzrTwQZijiJsB3rQtIpKt3KyYqyYJgtqekSalSN+30zwcio\\nc3kpK8xtsKn8GK2KQSUnlinCQLCSIfNW2PTiP//ZzUR5OSjD6PiaRyidFA+lPHP7\\ng/nyeCip71wAz/GYeJUh48ATnc3dGwPBtXx6zp63FouYrLurTItBEJU8X2wt1yUC\\nTaKrDoPfuFiaDWwOoTeE1eVf/JS/cOQUSSUTKTcMW7uaq9Zal1hx80K9Jid1RcVN\\nnXSsUKZx6EWwBdp617iI8g+V6uOYbmTWdPsgmuBejLgOYQNik0Jn+ozsP1NCRm9v\\nSdvujxFBJOvvUHVneI30iDUjftxUV0ZyEPajDJkCAwEAAaOBgTB/MAkGA1UdEwQC\\nMAAwCwYDVR0PBAQDAgTwMGUGA1UdHwReMFwwWqBYoFaGVGh0dHA6Ly9ldmNhLml0\\ncnVzLmNvbS5jbi9wdWJsaWMvaXRydXNjcmw/Q0E9MUJENDIyMEU1MERCQzA0QjA2\\nQUQzOTc1NDk4NDZDMDFDM0U4RUJEMjANBgkqhkiG9w0BAQsFAAOCAQEAsFcKeMG3\\nZA9dKurgAUbMY7yO5SEsL/e8jUphNg0TTOfIwEn8vHVxKhgB+4uMuaWauXCI53ZK\\nn7NBUMy5emAPkipMiCBR6XBqnXCXQYBVzJfByI2zixfmTyRyQ00Mk7K6NplggYG/\\nHoGXHmkKiOY13YFGRmp6AiklqIO4k7/1Hp3WAieYG2+L+bJFLEv9xjPr1oTdKgjp\\nRFre/ZTsCxN/moy/AOCw1YaqaXKoV7RS2o/MBvSjVTVdZdqkWZmH3vWkLgFo+9g6\\nNam1Qbyn+0j5XeHPwcEP+DKhhUgN1m5jeVVG+r+rxS8YZpbNYX9NtGS5S1VDeW+/\\nv6IQgtgp9SLf0w==\\n-----END CERTIFICATE-----\\n\"}', '1', '2024-07-25 23:14:32', '1', '2024-07-27 22:22:07', b'0', 1);
INSERT INTO `pay_channel` VALUES (42, 'alipay_wap', 0, '', 0, 1, '{\"@class\":\"cn.iocoder.yudao.framework.pay.core.client.impl.alipay.AlipayPayClientConfig\",\"serverUrl\":\"https://openapi-sandbox.dl.alipaydev.com/gateway.do\",\"appId\":\"9021000123605178\",\"signType\":\"RSA2\",\"mode\":1,\"privateKey\":\"MIIEvAIBADANBgkqhkiG9w0BAQEFAASCBKYwggSiAgEAAoIBAQCEzVAxbZAlYT46UoAxqu5H2Aen1IEzvMrvslJQBRmp/i1EUFp3VHwSkr6r8+I3tabH/cnYAJ4sgtnZh0JjjPMyK1/tcH6cVNUIXfrdSeLR5GBDhBbfI7O8HW3CU7u0sdw2gb9+yNcU7EFir0foO7Zk4K+znmUdAh6I3EGZPW4D7jzHlyfrW5v1y09PSn6yfwcmyh8jq5A3nl1msSu7TYpCpbUgCgfQBxae5B+ZBPrgnsPACxzWJdzxznmVRtCXYFSyOqm28fa4ageRtrBW3YSa1ZtRZXoC8AK4m4SxENipyRF6CaqgVdta+BpUXCPz4OMCjcJYR0m4MaoI5cotuvpvAgMBAAECggEAVgutfQkvT3jtV96inwvQbg5kD3MZ78rQdnRE7wIO+dztuYiSxSSha2tXTZSsq0nwcT5X7LOhyNdTjaUc9+GYpZYDBpZQArzYdx5lb8Hyy+o8ESLhqty4FRfASRv10AM52rtAt0YsTasyRl2pqqgd6sjGLwxfGWeJH0YO3to1kSd5dI6ZixVL07HfuJClbJw3VC5bv+dkel1c04YEP6UJYkLZwb5Yk+rCM3foymgvTsdXolek9Jq5F+UMSeiufIKLyhQDQcjWKS8Yx4D9xvbxqXQLZfJN756M9aK7f9Qco78LTB5MPBaDCPSektU5GNEUXZWHmpbw7e78vOnEpED9eQKBgQC/JooVAOkKuq1oWh/eR58PQhV3DyKqsM9BmHng5wfW+zj5GmCOdEBW9wfTVcOP7RounLys4sFbjmg24PAYNrtTHGvAEL6MJVTtqrzsVPvIicXkBlxYluSOuri2Lf2gpfh8ENr/xgoMD1n/gAf/qD1DOYuA0+o4iVeg+Eljc/nhBQKBgQCx2zE4yl6O7xuXNNQEa9qMgBfid6QXEQgiOIjQl3t9KCh4cq+RNO5Ql5mqkajyF7FTXzNcOqeZ/O1uQbCNe0qjl8Aur5x31OpF4Ol+BoswEGA5pbwBTqU+ZRB3xD4TFujqX5rhv5orysdWpOtqkpveu9MS1eMuIMA6asStGv0X4wKBgFTCPhA6Kxu60xGmhOMHVxxo7SOx7mlJpV0swz5aszs8gnLSo2YHXlAxkaLAMMstE6L/lRoEIkD60HMlItFZ045y18R+qD90fkg0oTkaJdsyXDFUMLaHkilH2ofNtNz7O0eoIbOwmNvoIrwMhX9zllasuZMSZJVVMSoLbl9PGcoRAoGADbMMf4tW7TuNrH/tNMn584iKTm9YvE4bikdAgpCoemN1epGa5FxnXt3OgEzn7n3Uss9KbXg3IK1SvINizgMJJMCzlOUB8Fj+EpPYaFSos/MO9mHFsXQVVlECi7cZ8O560lK641iWz3i3Ef1yBKt2RhnBkFnZPdxX8if3Lj498HECgYBA9rMpt3vz6uXjbqErSBco9qS142ktqTFYZZyOVkJMBEiomY7PEKq2yk5EtD20h3gQrdp/3ljVJ8izntJfd4l9NvrAOcGhq09AKFzWUb7izwo/PfE1PG30U6VVgKYaTaP0Js0iJWWcHS91IohLeQX+H739U7SbvbzAd6+ojNfXLg==\",\"alipayPublicKey\":\"MIIBIjANBgkqhkiG9w0BAQEFAAOCAQ8AMIIBCgKCAQEAimbC/dNuvGectMsxX3c51JKMSwZCj8dPEdXqPDm09sSBoe4s19PAydAys7WoDf97rZ7+Zw+hkvXRiiNbeI2jb1vYfn+hi2hGBLILGjqWM16VMQN3Faq6Q+6kRnpVMt/p//1QZJ/BhtXjh3Y1VCjOUIrPfAsLckVnzvmNqncob/dQUarp3RGN4rtSpGFPFbxU1s26GF01SrJadRFdijPz7vwtoHRl388cxJ0dGZik8ji+pS8MTWom5UV8+NSb2qwlhgE2awAmdM1RK6wxhiAGBRK0AXmWYrQl6KtuF4iWLxkknNEl+bZ6woU+jhxIklEwkzQ3maFRy9yJBU324Q15awIDAQAB\",\"appCertContent\":\"\",\"alipayPublicCertContent\":\"\",\"rootCertContent\":\"\",\"encryptType\":\"\",\"encryptKey\":\"\"}', '1', '2024-09-23 09:30:56', '1', '2024-09-23 09:30:56', b'0', 1);
INSERT INTO `pay_channel` VALUES (43, 'wx_lite', 0, '', 0, 7, '{\"@class\":\"cn.iocoder.yudao.framework.pay.core.client.impl.weixin.WxPayClientConfig\",\"appId\":\"wxc4598c446f8a9cb3\",\"mchId\":\"1533141481\",\"apiVersion\":\"v3\",\"mchKey\":\"\",\"keyContent\":\"\",\"privateKeyContent\":\"-----BEGIN PRIVATE KEY-----\\nMIIEvQIBADANBgkqhkiG9w0BAQEFAASCBKcwggSjAgEAAoIBAQCvdCy7xqmWpgNJ\\n4OGdi3cIxOiFm7QlSbI7xn16EzfUul0s9Z0HwtCF5yZP2Sn+xaAAuNtDScQbwltF\\nFkGev5EIas3DnYMeYJnck3JyiUni7M0aWo74xqCmZIO4ircxXlvuVuT4P5L0uRyw\\n4rGz0HxkCMYywZ3eh8UJQ2eM820YvR3vXhFo302TbHfURoyVPFu5dT+7Ai6MclKX\\nxtatrwNibaCpK0dk94BsAHiIvBfzmmUXiKfCIzBP47p6+6iTlFfSNJz/2dTE1v+t\\nR5CmA2dTxpXk3I4xtAGYJDZxFsXo1PkS8cLtJFgxWxwvvOpI49sod0sPuzDqLTLl\\n7uKckUbbAgMBAAECggEBAJzu4dA3Ops39HsRPVxIUXkzfvN6uKAdkeFrgfI93FNX\\nOl4rdoBpnVAX16nWCX0LUTk0H1LJWTKnHjHmXV1b5aLMvS055vy11Ql5jQWrjL3/\\nptjqpTUZnLoX78WRtZff2YSOjpEJdC2WoXYJ3n6CfbCQNI9TpRxU/kVx1944IZ3c\\nluFthgjwkMRkuNF81KEIu+0dIYFCXPTt+d+J0BC0ta+IGTIw5wHa/IknySG9Dt8V\\ncczZgqghtkD4iVoBq8V/WCiKSJYWWnthdBKXOTW4LMGKK50yKxVloIMYHbbDgveH\\n63HruXVKGt6xHB7tPzcz6yEH7nd8Qd2BcTKq2NP0MKkCgYEA2x0I1bRfIqMQetNK\\nAPnMtwLT8FR3mPkv8OpwMbUEbZzN1fUkVw6w2ayJhwoUYMgaN7fMC2urJxODE9OK\\nu97YDQYXb/MxirHU2zV2tRfmzyQFuCXFTKxnuw6RWPUmX+4HQn8PWHmkYaVmUvQW\\nQUQ8EzuLINADuJiPz8/ypQaT3gUCgYEAzP2TNdVkRF6D2vuJrL3ZEmDhVJQNZwCW\\nc2JAHaf/J2PsJzmi5hsTD2KRnwgBstz+qzwlr/PNyLiHXnmo6bR7UZa7YG6fURE4\\n8/hibO4iu4/d4HGa1obNMNwjDq5V26PkiUTR96RmsIG1+36p8rZj90L5J72E3atK\\nCmamwVBsx18CgYALx1TJQCf5EbD6GU+aG9OQZvuDqNbBB2w3VDLxyRxS1CIQhVwN\\nvgFtwiOmebk8tqUKJ7w1RPVvZVIfh7imfsU4dgJeh0E7hnG90vLtqzpCGlqgWo9v\\nnrj4ykCv+oW0lHQZdAEcLXXTtfN5NBvaKFPeaM4C1ovMqY7ZigEuM9tRDQKBgGvE\\na94DX4EqBzvavZhY/oPQ9uVWKG2cO3xRjM+KgHOe7on4nRFH7o9KDLCErw/vattu\\n9Yk5LVh22oPqhcjHn4VXLw8VWSBvY3evf18xGoVsrwLN9s8Nc1ZahPu032JnGUCp\\nM5FzlqD4sEmVX5dAF/Hn/cDMu8slv/kT2lsLAwUVAoGAO9WKtzzcpfbBhmsa01fP\\n1N4I2jeD8vtBt+JCUyfjmsmRHh2ULa1ok841QOLcpH7JG76i3wa2nQjPS3U4zgwI\\n5H2tr1msb8CpLENKxRDAj8/kc2Evdq7o+5K3V1F1Dg+JcrdEjRNRsa/luSIzygdD\\ngwYPqRrqs67hUtghVovzAuw=\\n-----END PRIVATE KEY-----\\n\",\"apiV3Key\":\"4a1a04e07f6a4a0751b39c3064a92c8b\",\"certSerialNo\":\"7C9EDB078C5F0B7C14DD3040E59C322574E8743C\",\"publicKeyContent\":\"-----BEGIN PUBLIC KEY-----\\nMIIBIjANBgkqhkiG9w0BAQEFAAOCAQ8AMIIBCgKCAQEAwvJeClqAG2M4PaLOWt4E\\n1efelZplw08xb+XwOlc2CY7xlmd1VulsEzA074ZT/RBFvlOEc2npinFlaxlLU7Dn\\n7wZ9ZgWT6nDrgOx49o3QvUaEKbiEbBiUcxlFjMyNW6Ed0aqslWtKII2wDTtEANGp\\nUy4QOy9wP2Hanv9uqT6J8oTXYbF7vrC2k3fmt12ijHEj2JqeUDJ6IHl06Nt/N7T0\\nqghaKgYXO/1WeTfQT5gdphsHrExXnO0ptmn6OMdDAXeTvBjBkmFEcdbOw5+u4g8M\\nzKcsbf7tekx1QMk6d85Ji1OxS55PBNpK1BfAxxzUlH+5VLDKIXjBtRa1GnAq5IcT\\npwIDAQAB\\n-----END PUBLIC KEY-----\\n\",\"publicKeyId\":\"PUB_KEY_ID_0115331414812025043000391776000800\"}', '1', '2025-05-08 19:37:36', '1', '2025-05-08 19:37:36', b'0', 1);
INSERT INTO `pay_channel` VALUES (44, 'alipay_pc', 0, '', 0, 1, '{\"@class\":\"cn.iocoder.yudao.framework.pay.core.client.impl.alipay.AlipayPayClientConfig\",\"serverUrl\":\"https://openapi-sandbox.dl.alipaydev.com/gateway.do\",\"appId\":\"9021000123605178\",\"signType\":\"RSA2\",\"mode\":1,\"privateKey\":\"MIIEvAIBADANBgkqhkiG9w0BAQEFAASCBKYwggSiAgEAAoIBAQCEzVAxbZAlYT46UoAxqu5H2Aen1IEzvMrvslJQBRmp/i1EUFp3VHwSkr6r8+I3tabH/cnYAJ4sgtnZh0JjjPMyK1/tcH6cVNUIXfrdSeLR5GBDhBbfI7O8HW3CU7u0sdw2gb9+yNcU7EFir0foO7Zk4K+znmUdAh6I3EGZPW4D7jzHlyfrW5v1y09PSn6yfwcmyh8jq5A3nl1msSu7TYpCpbUgCgfQBxae5B+ZBPrgnsPACxzWJdzxznmVRtCXYFSyOqm28fa4ageRtrBW3YSa1ZtRZXoC8AK4m4SxENipyRF6CaqgVdta+BpUXCPz4OMCjcJYR0m4MaoI5cotuvpvAgMBAAECggEAVgutfQkvT3jtV96inwvQbg5kD3MZ78rQdnRE7wIO+dztuYiSxSSha2tXTZSsq0nwcT5X7LOhyNdTjaUc9+GYpZYDBpZQArzYdx5lb8Hyy+o8ESLhqty4FRfASRv10AM52rtAt0YsTasyRl2pqqgd6sjGLwxfGWeJH0YO3to1kSd5dI6ZixVL07HfuJClbJw3VC5bv+dkel1c04YEP6UJYkLZwb5Yk+rCM3foymgvTsdXolek9Jq5F+UMSeiufIKLyhQDQcjWKS8Yx4D9xvbxqXQLZfJN756M9aK7f9Qco78LTB5MPBaDCPSektU5GNEUXZWHmpbw7e78vOnEpED9eQKBgQC/JooVAOkKuq1oWh/eR58PQhV3DyKqsM9BmHng5wfW+zj5GmCOdEBW9wfTVcOP7RounLys4sFbjmg24PAYNrtTHGvAEL6MJVTtqrzsVPvIicXkBlxYluSOuri2Lf2gpfh8ENr/xgoMD1n/gAf/qD1DOYuA0+o4iVeg+Eljc/nhBQKBgQCx2zE4yl6O7xuXNNQEa9qMgBfid6QXEQgiOIjQl3t9KCh4cq+RNO5Ql5mqkajyF7FTXzNcOqeZ/O1uQbCNe0qjl8Aur5x31OpF4Ol+BoswEGA5pbwBTqU+ZRB3xD4TFujqX5rhv5orysdWpOtqkpveu9MS1eMuIMA6asStGv0X4wKBgFTCPhA6Kxu60xGmhOMHVxxo7SOx7mlJpV0swz5aszs8gnLSo2YHXlAxkaLAMMstE6L/lRoEIkD60HMlItFZ045y18R+qD90fkg0oTkaJdsyXDFUMLaHkilH2ofNtNz7O0eoIbOwmNvoIrwMhX9zllasuZMSZJVVMSoLbl9PGcoRAoGADbMMf4tW7TuNrH/tNMn584iKTm9YvE4bikdAgpCoemN1epGa5FxnXt3OgEzn7n3Uss9KbXg3IK1SvINizgMJJMCzlOUB8Fj+EpPYaFSos/MO9mHFsXQVVlECi7cZ8O560lK641iWz3i3Ef1yBKt2RhnBkFnZPdxX8if3Lj498HECgYBA9rMpt3vz6uXjbqErSBco9qS142ktqTFYZZyOVkJMBEiomY7PEKq2yk5EtD20h3gQrdp/3ljVJ8izntJfd4l9NvrAOcGhq09AKFzWUb7izwo/PfE1PG30U6VVgKYaTaP0Js0iJWWcHS91IohLeQX+H739U7SbvbzAd6+ojNfXLg==\",\"alipayPublicKey\":\"MIIBIjANBgkqhkiG9w0BAQEFAAOCAQ8AMIIBCgKCAQEAimbC/dNuvGectMsxX3c51JKMSwZCj8dPEdXqPDm09sSBoe4s19PAydAys7WoDf97rZ7+Zw+hkvXRiiNbeI2jb1vYfn+hi2hGBLILGjqWM16VMQN3Faq6Q+6kRnpVMt/p//1QZJ/BhtXjh3Y1VCjOUIrPfAsLckVnzvmNqncob/dQUarp3RGN4rtSpGFPFbxU1s26GF01SrJadRFdijPz7vwtoHRl388cxJ0dGZik8ji+pS8MTWom5UV8+NSb2qwlhgE2awAmdM1RK6wxhiAGBRK0AXmWYrQl6KtuF4iWLxkknNEl+bZ6woU+jhxIklEwkzQ3maFRy9yJBU324Q15awIDAQAB\",\"appCertContent\":\"\",\"alipayPublicCertContent\":\"\",\"rootCertContent\":\"\",\"encryptType\":\"\",\"encryptKey\":\"\"}', '1', '2025-05-10 10:05:53', '1', '2025-05-10 10:05:53', b'0', 1);
INSERT INTO `pay_channel` VALUES (45, 'mock', 0, '', 0, 7, '{\"@class\":\"cn.iocoder.yudao.framework.pay.core.client.impl.NonePayClientConfig\",\"name\":\"mock-conf\"}', '1', '2025-05-10 15:23:10', '1', '2025-05-10 15:23:10', b'0', 1);

DROP TABLE IF EXISTS `pay_demo_order`;
CREATE TABLE `pay_demo_order`  (
  `id` int(10) NOT NULL AUTO_INCREMENT COMMENT '订单编号',
  `user_id` int(10) UNSIGNED NOT NULL COMMENT '用户编号',
  `spu_id` int(10) NOT NULL COMMENT '商品编号',
  `spu_name` varchar(255) CHARACTER SET utf8mb4 COLLATE utf8mb4_bin NOT NULL COMMENT '商品名字',
  `price` int(11) NOT NULL COMMENT '价格，单位：分',
  `pay_status` tinyint(1) NOT NULL DEFAULT b'0' COMMENT '是否已支付：[0:未支付 1:已经支付过]',
  `pay_order_id` int(10) NULL DEFAULT NULL COMMENT '支付订单编号',
  `pay_channel_code` varchar(16) CHARACTER SET utf8mb4 COLLATE utf8mb4_bin NULL DEFAULT NULL COMMENT '支付成功的支付渠道',
  `pay_time` datetime(0) NULL DEFAULT NULL COMMENT '订单支付时间',
  `pay_refund_id` int(10) NULL DEFAULT NULL COMMENT '退款订单编号',
  `refund_price` int(11) NOT NULL DEFAULT 0 COMMENT '退款金额，单位：分',
  `refund_time` datetime(0) NULL DEFAULT NULL COMMENT '退款时间',
  `transfer_channel_package_info` varchar(2048) CHARACTER SET utf8mb4 COLLATE utf8mb4_unicode_ci NULL DEFAULT NULL COMMENT '渠道 package 信息',
  `creator` varchar(64) CHARACTER SET utf8mb4 COLLATE utf8mb4_bin NULL DEFAULT '' COMMENT '创建者',
  `create_time` datetime(0) NOT NULL DEFAULT CURRENT_TIMESTAMP COMMENT '创建时间',
  `updater` varchar(64) CHARACTER SET utf8mb4 COLLATE utf8mb4_bin NULL DEFAULT '' COMMENT '更新者',
  `update_time` datetime(0) NOT NULL DEFAULT CURRENT_TIMESTAMP ON UPDATE CURRENT_TIMESTAMP(0) COMMENT '更新时间',
  `deleted` tinyint(1) NOT NULL DEFAULT b'0' COMMENT '是否删除',
  `tenant_id` int(10) NOT NULL DEFAULT 0 COMMENT '租户编号',
  PRIMARY KEY (`id`) USING BTREE
) ENGINE = InnoDB AUTO_INCREMENT = 204 CHARACTER SET = utf8mb4 COLLATE = utf8mb4_bin COMMENT = '示例订单\n' ROW_FORMAT = Dynamic;

INSERT INTO `pay_demo_order` VALUES (172, 1, 1, '华为手机', 1, b'1', 299, 'alipay_qr', '2023-07-27 15:39:23', 84, 1, '2023-07-27 15:39:29', NULL, '1', '2023-07-27 15:38:56', '1', '2023-07-27 15:39:30', b'0', 1);
INSERT INTO `pay_demo_order` VALUES (173, 1, 1, '华为手机', 1, b'0', 300, NULL, NULL, NULL, 0, NULL, NULL, '1', '2023-08-10 22:45:47', '1', '2023-08-10 22:45:47', b'0', 1);
INSERT INTO `pay_demo_order` VALUES (174, 1, 1, '华为手机', 1, b'1', 301, 'alipay_bar', '2023-08-10 22:52:07', NULL, 0, NULL, NULL, '1', '2023-08-10 22:49:21', NULL, '2023-08-10 22:52:07', b'0', 1);
INSERT INTO `pay_demo_order` VALUES (175, 1, 1, '华为手机', 1, b'0', 302, NULL, NULL, NULL, 0, NULL, NULL, '1', '2023-08-10 22:53:34', '1', '2023-08-10 22:53:34', b'0', 1);
INSERT INTO `pay_demo_order` VALUES (176, 1, 1, '华为手机', 1, b'1', 303, 'alipay_bar', '2023-08-10 23:28:45', NULL, 0, NULL, NULL, '1', '2023-08-10 23:28:26', NULL, '2023-08-10 23:28:45', b'0', 1);
INSERT INTO `pay_demo_order` VALUES (177, 1, 1, '华为手机', 1, b'0', 304, NULL, NULL, NULL, 0, NULL, NULL, '1', '2023-08-10 23:47:02', '1', '2023-08-10 23:47:02', b'0', 1);
INSERT INTO `pay_demo_order` VALUES (178, 1, 1, '华为手机', 1, b'0', 305, NULL, NULL, NULL, 0, NULL, NULL, '1', '2023-08-10 23:47:22', '1', '2023-08-10 23:47:22', b'0', 1);
INSERT INTO `pay_demo_order` VALUES (179, 1, 2, '小米电视', 10, b'0', 306, NULL, NULL, NULL, 0, NULL, NULL, '1', '2023-08-10 23:49:55', '1', '2023-08-10 23:49:55', b'0', 1);
INSERT INTO `pay_demo_order` VALUES (180, 1, 1, '华为手机', 1, b'0', 416, NULL, NULL, NULL, 0, NULL, NULL, '1', '2024-07-24 19:49:50', '1', '2024-07-24 19:49:50', b'0', 1);
INSERT INTO `pay_demo_order` VALUES (181, 1, 1, '华为手机', 1, b'0', 417, NULL, NULL, NULL, 0, NULL, NULL, '1', '2024-07-24 19:54:07', '1', '2024-07-24 19:54:07', b'0', 1);
INSERT INTO `pay_demo_order` VALUES (182, 1, 1, '华为手机', 1, b'0', 418, NULL, NULL, NULL, 0, NULL, NULL, '1', '2024-07-24 21:01:38', '1', '2024-07-24 21:01:38', b'0', 1);
INSERT INTO `pay_demo_order` VALUES (183, 1, 1, '华为手机', 1, b'1', 419, 'alipay_pc', '2024-07-24 23:16:17', 97, 1, '2024-07-24 23:17:05', NULL, '1', '2024-07-24 23:15:52', '1', '2024-07-24 23:17:16', b'0', 1);
INSERT INTO `pay_demo_order` VALUES (184, 1, 1, '华为手机', 1, b'0', 465, NULL, NULL, NULL, 0, NULL, NULL, '1', '2024-08-18 14:42:40', '1', '2024-08-18 14:42:40', b'0', 1);
INSERT INTO `pay_demo_order` VALUES (185, 1, 1, '华为手机', 1, b'1', 479, 'alipay_pc', '2024-09-24 08:55:28', NULL, 0, NULL, NULL, '1', '2024-09-24 08:54:39', NULL, '2024-09-24 08:55:28', b'0', 1);
INSERT INTO `pay_demo_order` VALUES (186, 1, 1, '华为手机', 1, b'1', 480, 'alipay_pc', '2024-09-24 09:20:58', NULL, 0, NULL, NULL, '1', '2024-09-24 09:20:01', NULL, '2024-09-24 09:20:59', b'0', 1);
INSERT INTO `pay_demo_order` VALUES (187, 1, 1, '华为手机', 1, b'1', 529, 'mock', '2025-05-10 15:23:14', 102, 1, NULL, NULL, '1', '2025-05-10 15:22:36', '1', '2025-05-10 15:23:18', b'0', 1);
INSERT INTO `pay_demo_order` VALUES (188, 1, 1, '华为手机', 1, b'1', 530, 'mock', '2025-05-10 15:24:45', 103, 1, NULL, NULL, '1', '2025-05-10 15:23:57', '1', '2025-05-10 15:26:04', b'0', 1);
INSERT INTO `pay_demo_order` VALUES (189, 1, 1, '华为手机', 1, b'1', 531, 'alipay_pc', '2025-05-10 15:32:13', 104, 1, NULL, NULL, '1', '2025-05-10 15:30:41', '1', '2025-05-10 15:32:32', b'0', 1);
INSERT INTO `pay_demo_order` VALUES (190, 1, 1, '华为手机', 1, b'1', 532, 'mock', '2025-05-10 15:33:05', 105, 1, NULL, NULL, '1', '2025-05-10 15:33:00', '1', '2025-05-10 15:33:08', b'0', 1);
INSERT INTO `pay_demo_order` VALUES (191, 1, 1, '华为手机', 1, b'1', 533, 'mock', '2025-05-10 15:33:21', 106, 1, NULL, NULL, '1', '2025-05-10 15:33:19', '1', '2025-05-10 15:33:42', b'0', 1);
INSERT INTO `pay_demo_order` VALUES (192, 1, 1, '华为手机', 1, b'1', 534, 'mock', '2025-05-10 15:36:13', 107, 1, NULL, NULL, '1', '2025-05-10 15:36:10', '1', '2025-05-10 15:36:56', b'0', 1);
INSERT INTO `pay_demo_order` VALUES (193, 1, 1, '华为手机', 1, b'1', 535, 'mock', '2025-05-10 15:48:04', 108, 1, NULL, NULL, '1', '2025-05-10 15:48:01', '1', '2025-05-10 15:48:22', b'0', 1);
INSERT INTO `pay_demo_order` VALUES (194, 1, 1, '华为手机', 1, b'1', 536, 'mock', '2025-05-10 15:48:39', 109, 1, NULL, NULL, '1', '2025-05-10 15:48:37', '1', '2025-05-10 15:48:50', b'0', 1);
INSERT INTO `pay_demo_order` VALUES (195, 1, 1, '华为手机', 1, b'1', 537, 'mock', '2025-05-10 15:49:19', 110, 1, NULL, NULL, '1', '2025-05-10 15:49:17', '1', '2025-05-10 15:49:34', b'0', 1);
INSERT INTO `pay_demo_order` VALUES (196, 1, 1, '华为手机', 1, b'1', 538, 'mock', '2025-05-10 15:53:48', 111, 1, NULL, NULL, '1', '2025-05-10 15:53:45', '1', '2025-05-10 15:53:55', b'0', 1);
INSERT INTO `pay_demo_order` VALUES (197, 1, 1, '华为手机', 1, b'1', 539, 'mock', '2025-05-10 15:54:36', 112, 1, '2025-05-10 15:54:38', NULL, '1', '2025-05-10 15:54:33', NULL, '2025-05-10 15:54:41', b'0', 1);
INSERT INTO `pay_demo_order` VALUES (198, 1, 1, '华为手机', 1, b'1', 542, 'mock', '2025-05-10 16:18:52', 115, 1, '2025-05-10 16:18:55', NULL, '1', '2025-05-10 16:18:47', NULL, '2025-05-10 16:18:55', b'0', 1);
INSERT INTO `pay_demo_order` VALUES (199, 1, 1, '华为手机', 1, b'0', 544, NULL, NULL, NULL, 0, NULL, NULL, '1', '2025-05-10 16:39:11', '1', '2025-05-10 16:39:11', b'0', 1);
INSERT INTO `pay_demo_order` VALUES (200, 1, 1, '华为手机', 1, b'1', 554, 'wallet', '2025-05-16 23:25:00', 117, 1, '2025-05-16 23:25:03', NULL, '1', '2025-05-16 23:17:02', NULL, '2025-05-16 23:25:03', b'0', 1);
INSERT INTO `pay_demo_order` VALUES (201, 1, 1, '华为手机', 1, b'1', 555, 'wallet', '2025-05-16 23:36:19', 118, 1, '2025-05-16 23:36:22', NULL, '1', '2025-05-16 23:36:16', NULL, '2025-05-16 23:36:22', b'0', 1);
INSERT INTO `pay_demo_order` VALUES (202, 1, 1, '华为手机', 1, b'1', 556, 'mock', '2025-07-27 19:06:24', 119, 1, '2025-07-27 19:06:29', NULL, '1', '2025-07-27 19:06:21', NULL, '2025-07-27 19:06:29', b'0', 1);
INSERT INTO `pay_demo_order` VALUES (203, 1, 1, '华为手机', 1, b'0', 557, NULL, NULL, NULL, 0, NULL, NULL, '1', '2025-07-27 19:09:36', '1', '2025-07-27 19:09:36', b'0', 1);

DROP TABLE IF EXISTS `pay_demo_transfer`;
CREATE TABLE `pay_demo_transfer`  (
  `id` int(10) NOT NULL AUTO_INCREMENT COMMENT '订单编号',
  `app_id` int(10) NOT NULL COMMENT '应用编号',
  `type` int(11) NOT NULL COMMENT '转账类型',
  `price` int(11) NOT NULL COMMENT '转账金额，单位：分',
  `user_name` varchar(64) CHARACTER SET utf8mb4 COLLATE utf8mb4_unicode_ci NULL DEFAULT NULL COMMENT '收款人姓名',
  `alipay_logon_id` varchar(64) CHARACTER SET utf8mb4 COLLATE utf8mb4_unicode_ci NULL DEFAULT NULL COMMENT '支付宝登录号',
  `openid` varchar(64) CHARACTER SET utf8mb4 COLLATE utf8mb4_unicode_ci NULL DEFAULT NULL COMMENT '微信 openId',
  `transfer_status` tinyint(4) NOT NULL DEFAULT 0 COMMENT '转账状态',
  `pay_transfer_id` int(10) NULL DEFAULT NULL COMMENT '转账订单编号',
  `pay_channel_code` varchar(16) CHARACTER SET utf8mb4 COLLATE utf8mb4_unicode_ci NULL DEFAULT NULL COMMENT '转账支付成功渠道',
  `transfer_time` datetime(0) NULL DEFAULT NULL COMMENT '转账支付时间',
  `creator` varchar(64) CHARACTER SET utf8mb4 COLLATE utf8mb4_bin NULL DEFAULT '' COMMENT '创建者',
  `create_time` datetime(0) NOT NULL DEFAULT CURRENT_TIMESTAMP COMMENT '创建时间',
  `updater` varchar(64) CHARACTER SET utf8mb4 COLLATE utf8mb4_bin NULL DEFAULT '' COMMENT '更新者',
  `update_time` datetime(0) NOT NULL DEFAULT CURRENT_TIMESTAMP ON UPDATE CURRENT_TIMESTAMP(0) COMMENT '更新时间',
  `deleted` tinyint(1) NOT NULL DEFAULT b'0' COMMENT '是否删除',
  `tenant_id` int(10) NOT NULL DEFAULT 0 COMMENT '租户编号',
  PRIMARY KEY (`id`) USING BTREE
) ENGINE = InnoDB AUTO_INCREMENT = 1 CHARACTER SET = utf8mb4 COLLATE = utf8mb4_unicode_ci COMMENT = '示例业务转账订单' ROW_FORMAT = Dynamic;

DROP TABLE IF EXISTS `pay_demo_withdraw`;
CREATE TABLE `pay_demo_withdraw`  (
  `id` int(10) NOT NULL AUTO_INCREMENT COMMENT '提现单编号',
  `subject` varchar(32) CHARACTER SET utf8mb4 COLLATE utf8mb4_unicode_ci NOT NULL COMMENT '提现标题',
  `price` int(11) NOT NULL COMMENT '提现金额，单位：分',
  `user_account` varchar(64) CHARACTER SET utf8mb4 COLLATE utf8mb4_unicode_ci NOT NULL COMMENT '收款人账号',
  `user_name` varchar(64) CHARACTER SET utf8mb4 COLLATE utf8mb4_unicode_ci NULL DEFAULT NULL COMMENT '收款人姓名',
  `type` tinyint(4) NOT NULL COMMENT '提现方式',
  `status` tinyint(4) NOT NULL COMMENT '提现状态',
  `pay_transfer_id` int(10) NULL DEFAULT NULL COMMENT '转账订单编号',
  `transfer_channel_code` varchar(16) CHARACTER SET utf8mb4 COLLATE utf8mb4_unicode_ci NULL DEFAULT NULL COMMENT '转账渠道',
  `transfer_time` datetime(0) NULL DEFAULT NULL COMMENT '转账支付时间',
  `transfer_error_msg` varchar(4096) CHARACTER SET utf8mb4 COLLATE utf8mb4_bin NULL DEFAULT '' COMMENT '转账错误提示',
  `creator` varchar(64) CHARACTER SET utf8mb4 COLLATE utf8mb4_bin NULL DEFAULT '' COMMENT '创建者',
  `create_time` datetime(0) NOT NULL DEFAULT CURRENT_TIMESTAMP COMMENT '创建时间',
  `updater` varchar(64) CHARACTER SET utf8mb4 COLLATE utf8mb4_bin NULL DEFAULT '' COMMENT '更新者',
  `update_time` datetime(0) NOT NULL DEFAULT CURRENT_TIMESTAMP ON UPDATE CURRENT_TIMESTAMP(0) COMMENT '更新时间',
  `deleted` tinyint(1) NOT NULL DEFAULT b'0' COMMENT '是否删除',
  `tenant_id` int(10) NOT NULL DEFAULT 0 COMMENT '租户编号',
  PRIMARY KEY (`id`) USING BTREE
) ENGINE = InnoDB AUTO_INCREMENT = 65 CHARACTER SET = utf8mb4 COLLATE = utf8mb4_unicode_ci COMMENT = '示例业务提现单' ROW_FORMAT = Dynamic;

INSERT INTO `pay_demo_withdraw` VALUES (11, '测试转账', 10, 'oespxk7368@sandbox.com', 'oespxk7368', 1, 0, NULL, 'alipay_pc', NULL, '', '1', '2025-05-08 09:48:41', '1', '2025-05-08 09:48:41', b'0', 1);
INSERT INTO `pay_demo_withdraw` VALUES (12, '测试转账', 10, 'oespxk7368@sandbox.com', 'oespxk7368', 1, 0, 6, 'alipay_pc', NULL, '', '1', '2025-05-08 09:50:40', '1', '2025-05-08 09:50:43', b'0', 1);
INSERT INTO `pay_demo_withdraw` VALUES (13, '测试转账', 10, 'oespxk7368@sandbox.com', 'oespxk7368', 1, 0, 7, 'alipay_pc', NULL, '', '1', '2025-05-08 09:53:47', '1', '2025-05-08 09:54:04', b'0', 1);
INSERT INTO `pay_demo_withdraw` VALUES (14, '测试转账', 10, 'oespxk7368@sandbox.com', 'oespxk7368', 1, 0, 8, 'alipay_pc', NULL, '', '1', '2025-05-08 09:54:22', '1', '2025-05-08 09:54:36', b'0', 1);
INSERT INTO `pay_demo_withdraw` VALUES (15, '测试转账', 10, 'oespxk7368@sandbox.com', 'oespxk7368', 1, 0, NULL, 'alipay_pc', NULL, '', '1', '2025-05-08 12:38:25', '1', '2025-05-08 12:38:25', b'0', 1);
INSERT INTO `pay_demo_withdraw` VALUES (16, '测试转账', 10, 'oespxk7368@sandbox.com', 'oespxk7368', 1, 10, 9, 'alipay_pc', '2025-05-08 12:42:48', '', '1', '2025-05-08 12:42:45', '1', '2025-05-08 12:43:00', b'0', 1);
INSERT INTO `pay_demo_withdraw` VALUES (17, '测试转账', 10, 'oespxk7368@sandbox.com', 'oespxk7368', 1, 10, 10, 'alipay_pc', '2025-05-08 12:43:36', '', '1', '2025-05-08 12:43:35', '1', '2025-05-08 12:43:38', b'0', 1);
INSERT INTO `pay_demo_withdraw` VALUES (18, '测试一下啊', 100, 'oespxk7368@sandbox.com', 'oespxk7368', 1, 10, 11, 'alipay_pc', '2025-05-08 13:05:30', '', '1', '2025-05-08 13:05:29', '1', '2025-05-08 13:05:32', b'0', 1);
INSERT INTO `pay_demo_withdraw` VALUES (19, '测试转账啊', 1, 'oiSC85elO_OZogXODC5RoGyXamK4', '王文斌', 2, 0, NULL, 'wx_lite', NULL, '', '1', '2025-05-08 19:30:57', '1', '2025-05-08 19:30:57', b'0', 1);
INSERT INTO `pay_demo_withdraw` VALUES (20, '测试转账啦', 1, 'oiSC85elO_OZogXODC5RoGyXamK4', '王文斌', 2, 0, 12, 'wx_lite', NULL, '', '1', '2025-05-08 19:38:04', '1', '2025-05-08 19:38:05', b'0', 1);
INSERT INTO `pay_demo_withdraw` VALUES (21, '测试转账', 10, 'oiSC85elO_OZogXODC5RoGyXamK4', '芋艿', 2, 0, 13, 'wx_lite', NULL, '', '1', '2025-05-08 19:44:04', '1', '2025-05-08 19:44:05', b'0', 1);
INSERT INTO `pay_demo_withdraw` VALUES (22, '测试转账', 10, 'oiSC85elO_OZogXODC5RoGyXamK4', '芋艿', 2, 0, 14, 'wx_lite', NULL, '', '1', '2025-05-08 19:45:13', '1', '2025-05-08 19:45:14', b'0', 1);
INSERT INTO `pay_demo_withdraw` VALUES (23, '测试转账', 10, 'oiSC85elO_OZogXODC5RoGyXamK4', '芋艿', 2, 0, 15, 'wx_lite', NULL, '', '1', '2025-05-08 19:46:17', '1', '2025-05-08 19:46:18', b'0', 1);
INSERT INTO `pay_demo_withdraw` VALUES (24, '测试转账', 10, 'oiSC85elO_OZogXODC5RoGyXamK4', '芋艿', 2, 0, 16, 'wx_lite', NULL, '', '1', '2025-05-08 19:48:39', '1', '2025-05-08 19:49:31', b'0', 1);
INSERT INTO `pay_demo_withdraw` VALUES (25, '测试转账', 10, 'oiSC85elO_OZogXODC5RoGyXamK4', '芋艿', 2, 20, 17, 'wx_lite', NULL, '', '1', '2025-05-08 19:54:40', '1', '2025-05-08 19:55:01', b'0', 1);
INSERT INTO `pay_demo_withdraw` VALUES (26, '测试转账', 10, 'oiSC85elO_OZogXODC5RoGyXamK4', '芋艿', 2, 20, 18, 'wx_lite', NULL, '', '1', '2025-05-08 19:55:10', '1', '2025-05-08 19:55:34', b'0', 1);
INSERT INTO `pay_demo_withdraw` VALUES (27, '测试转账', 10, 'oiSC85elO_OZogXODC5RoGyXamK4', '芋艿', 2, 0, 19, 'wx_lite', NULL, '', '1', '2025-05-08 19:57:06', '1', '2025-05-08 19:57:18', b'0', 1);
INSERT INTO `pay_demo_withdraw` VALUES (28, '测试转账', 10, 'oiSC85elO_OZogXODC5RoGyXamK4', '芋艿', 2, 0, 20, 'wx_lite', NULL, '', '1', '2025-05-08 19:58:01', '1', '2025-05-08 19:58:06', b'0', 1);
INSERT INTO `pay_demo_withdraw` VALUES (29, '测试转账', 10, 'oiSC85elO_OZogXODC5RoGyXamK4', '芋艿', 2, 20, 21, 'wx_lite', NULL, '', '1', '2025-05-08 20:16:00', '1', '2025-05-08 20:16:08', b'0', 1);
INSERT INTO `pay_demo_withdraw` VALUES (30, '测试转账', 10, 'oiSC85elO_OZogXODC5RoGyXamK4', '芋艿', 2, 20, 22, 'wx_lite', NULL, '', '1', '2025-05-08 20:17:49', '1', '2025-05-08 20:17:53', b'0', 1);
INSERT INTO `pay_demo_withdraw` VALUES (31, '测试转账', 10, 'oiSC85elO_OZogXODC5RoGyXamK4', '芋艿', 2, 20, 23, 'wx_lite', NULL, '', '1', '2025-05-08 20:21:27', '1', '2025-05-08 20:23:02', b'0', 1);
INSERT INTO `pay_demo_withdraw` VALUES (32, '测试转账', 10, 'oiSC85elO_OZogXODC5RoGyXamK4', '芋艿', 2, 20, 24, 'wx_lite', NULL, '', '1', '2025-05-08 20:23:22', '1', '2025-05-08 20:23:51', b'0', 1);
INSERT INTO `pay_demo_withdraw` VALUES (33, '测试转账', 10, 'oiSC85elO_OZogXODC5RoGyXamK4', '芋艿', 2, 0, 25, 'wx_lite', NULL, '', '1', '2025-05-08 21:22:27', '1', '2025-05-08 21:23:31', b'0', 1);
INSERT INTO `pay_demo_withdraw` VALUES (34, '测试转账', 10, 'oiSC85elO_OZogXODC5RoGyXamK4', '芋艿', 2, 0, 26, 'wx_lite', NULL, '', '1', '2025-05-08 21:24:33', '1', '2025-05-08 21:24:59', b'0', 1);
INSERT INTO `pay_demo_withdraw` VALUES (35, '测试转账', 10, 'oiSC85elO_OZogXODC5RoGyXamK4', '芋艿', 2, 0, 27, 'wx_lite', NULL, '', '1', '2025-05-08 21:26:23', '1', '2025-05-08 21:30:42', b'0', 1);
INSERT INTO `pay_demo_withdraw` VALUES (36, '测试转账', 10, 'oiSC85elO_OZogXODC5RoGyXamK4', '芋艿', 2, 5, 28, 'wx_lite', NULL, '', '1', '2025-05-08 21:31:00', '1', '2025-05-09 21:32:17', b'0', 1);
INSERT INTO `pay_demo_withdraw` VALUES (37, '测试转账', 1, 'oiSC85elO_OZogXODC5RoGyXamK4', '芋艿', 2, 5, 29, 'wx_lite', NULL, '', '1', '2025-05-08 21:31:12', '1', '2025-05-09 21:33:33', b'0', 1);
INSERT INTO `pay_demo_withdraw` VALUES (38, '测试转账', 1, 'oiSC85elO_OZogXODC5RoGyXamK4', '芋艿', 2, 20, 30, 'wx_lite', NULL, '此IP地址不允许调用该接口	', '1', '2025-05-08 23:17:25', NULL, '2025-05-09 21:42:30', b'0', 1);
INSERT INTO `pay_demo_withdraw` VALUES (39, '测试转账', 1, '1', NULL, 3, 10, 31, 'wallet', '2025-05-08 23:21:01', '', '1', '2025-05-08 23:21:01', '1', '2025-05-08 23:21:02', b'0', 1);
INSERT INTO `pay_demo_withdraw` VALUES (40, '测试转账', 1, '1', NULL, 3, 10, 32, 'wallet', '2025-05-08 23:21:21', '', '1', '2025-05-08 23:21:21', '1', '2025-05-08 23:21:21', b'0', 1);
INSERT INTO `pay_demo_withdraw` VALUES (41, '测试', 1, '1', '', 3, 10, 33, 'wallet', '2025-05-09 20:21:20', '', '1', '2025-05-09 20:21:20', '1', '2025-05-09 20:21:20', b'0', 1);
INSERT INTO `pay_demo_withdraw` VALUES (42, '测试一下余额转账', 1, '1', '', 3, 10, 34, 'wallet', '2025-05-09 20:21:55', '', '1', '2025-05-09 20:21:55', '1', '2025-05-09 20:21:55', b'0', 1);
INSERT INTO `pay_demo_withdraw` VALUES (43, '测试一下钱包把', 1, '1', '', 3, 5, 35, 'wallet', '2025-05-09 20:25:56', '', '1', '2025-05-09 20:25:53', '1', '2025-05-09 20:25:57', b'0', 1);
INSERT INTO `pay_demo_withdraw` VALUES (44, '测试一下钱包1', 1, '1', '', 3, 5, 36, 'wallet', '2025-05-09 20:26:28', '', '1', '2025-05-09 20:26:21', '1', '2025-05-09 20:26:35', b'0', 1);
INSERT INTO `pay_demo_withdraw` VALUES (45, '巴拉巴拉', 1, '1', '', 3, 5, 37, 'wallet', '2025-05-09 20:27:50', '', '1', '2025-05-09 20:27:43', '1', '2025-05-09 20:28:38', b'0', 1);
INSERT INTO `pay_demo_withdraw` VALUES (46, '测试一下钱包啊', 1, '1', '', 3, 10, NULL, 'wallet', '2025-05-09 21:42:23', '', '1', '2025-05-09 21:42:21', NULL, '2025-05-09 21:42:23', b'0', 1);
INSERT INTO `pay_demo_withdraw` VALUES (47, '测试转账（支付宝）', 1, 'oespxk7368@sandbox.com', '', 1, 20, NULL, 'alipay_pc', NULL, '参数有误参数name不能为空', '1', '2025-05-09 21:47:39', NULL, '2025-05-09 22:01:09', b'0', 1);
INSERT INTO `pay_demo_withdraw` VALUES (48, '测试转账', 1, 'oespxk7368@sandbox.com', 'oespxk7368', 1, 10, NULL, 'alipay_pc', '2025-05-09 21:48:16', '', '1', '2025-05-09 21:48:13', NULL, '2025-05-09 21:48:18', b'0', 1);
INSERT INTO `pay_demo_withdraw` VALUES (49, '测试转账(支付宝）', 1, 'oespxk7368@sandbox.com', 'oespxk7368', 1, 10, NULL, 'alipay_pc', '2025-05-09 22:01:02', '', '1', '2025-05-09 22:00:59', NULL, '2025-05-09 22:01:04', b'0', 1);
INSERT INTO `pay_demo_withdraw` VALUES (50, '测试', 1, '1', '1', 3, 0, 49, 'wallet', NULL, '', '1', '2025-05-10 15:58:07', '1', '2025-05-10 15:58:11', b'0', 1);
INSERT INTO `pay_demo_withdraw` VALUES (51, '1', 1, '1', '1', 2, 20, 50, 'wx_lite', NULL, '此IP地址不允许调用该接口	', '1', '2025-05-10 15:58:50', NULL, '2025-05-10 15:59:59', b'0', 1);
INSERT INTO `pay_demo_withdraw` VALUES (52, '1', 1, '1', '1', 3, 10, 51, 'wallet', '2025-05-10 16:00:23', '', '1', '2025-05-10 16:00:19', NULL, '2025-05-10 16:00:23', b'0', 1);
INSERT INTO `pay_demo_withdraw` VALUES (53, '测试微信转账1', 30, 'oiSC85elO_OZogXODC5RoGyXamK4', '', 2, 0, 52, 'wx_lite', NULL, '', '1', '2025-05-10 17:26:25', '1', '2025-05-10 17:28:12', b'0', 1);
INSERT INTO `pay_demo_withdraw` VALUES (54, '微信转账2', 1, 'oiSC85elO_OZogXODC5RoGyXamK4', '', 2, 20, 53, 'wx_lite', NULL, '超过单笔转账上下限，核实产品设置是否准确', '1', '2025-05-10 17:29:30', NULL, '2025-05-10 17:29:35', b'0', 1);
INSERT INTO `pay_demo_withdraw` VALUES (55, '微信转账3', 30, 'oiSC85elO_OZogXODC5RoGyXamK4', '', 2, 0, 54, 'wx_lite', NULL, '', '1', '2025-05-10 17:30:04', '1', '2025-05-10 17:30:08', b'0', 1);
INSERT INTO `pay_demo_withdraw` VALUES (56, '测试微信 03', 1, 'oiSC85elO_OZogXODC5RoGyXamK4', '', 2, 20, 55, 'wx_lite', NULL, 'Connection pool shut down', '1', '2025-05-10 18:11:50', NULL, '2025-05-10 18:12:03', b'0', 1);
INSERT INTO `pay_demo_withdraw` VALUES (57, '测试04', 1, 'oiSC85elO_OZogXODC5RoGyXamK4', '', 2, 20, 56, 'wx_lite', NULL, '超过单笔转账上下限，核实产品设置是否准确', '1', '2025-05-10 18:12:13', NULL, '2025-05-10 18:15:08', b'0', 1);
INSERT INTO `pay_demo_withdraw` VALUES (58, '测试05', 30, 'oiSC85elO_OZogXODC5RoGyXamK4', '', 2, 0, 57, 'wx_lite', NULL, '', '1', '2025-05-10 18:15:34', '1', '2025-05-10 18:18:19', b'0', 1);
INSERT INTO `pay_demo_withdraw` VALUES (59, '微信支付6', 30, 'oiSC85elO_OZogXODC5RoGyXamK4', '', 2, 0, 58, 'wx_lite', NULL, '', '1', '2025-05-10 19:52:45', '1', '2025-05-10 19:53:00', b'0', 1);
INSERT INTO `pay_demo_withdraw` VALUES (60, '微信支付7', 30, 'oiSC85elO_OZogXODC5RoGyXamK4', '', 2, 20, 59, 'wx_lite', NULL, '此IP地址不允许调用该接口	', '1', '2025-05-10 21:23:53', NULL, '2025-05-10 21:23:57', b'0', 1);
INSERT INTO `pay_demo_withdraw` VALUES (61, '测试退款', 1, '1', 'hhhh', 3, 10, 78, 'wallet', '2025-05-11 17:30:17', '', '1', '2025-05-11 17:30:14', NULL, '2025-05-11 17:30:17', b'0', 1);
INSERT INTO `pay_demo_withdraw` VALUES (62, '测试微信提现cloud', 1, 'oiSC85elO_OZogXODC5RoGyXamK4', '', 2, 20, 79, 'wx_lite', NULL, '超过单笔转账上下限，核实产品设置是否准确', '1', '2025-05-11 17:32:49', NULL, '2025-05-11 17:32:52', b'0', 1);
INSERT INTO `pay_demo_withdraw` VALUES (63, '微信提现cloud2', 30, 'oiSC85elO_OZogXODC5RoGyXamK4', '', 2, 0, 80, 'wx_lite', NULL, '', '1', '2025-05-11 17:33:09', '1', '2025-05-11 17:33:12', b'0', 1);
INSERT INTO `pay_demo_withdraw` VALUES (64, '测试一下支付', 1, 'oespxk7368@sandbox.com', 'oespxk7368', 1, 10, 82, 'alipay_pc', '2025-05-11 21:16:21', '', '1', '2025-05-11 21:14:14', NULL, '2025-05-11 21:16:23', b'0', 1);

DROP TABLE IF EXISTS `pay_notify_log`;
CREATE TABLE `pay_notify_log`  (
  `id` int(10) NOT NULL AUTO_INCREMENT COMMENT '日志编号',
  `task_id` int(10) NOT NULL COMMENT '通知任务编号',
  `notify_times` tinyint(4) NOT NULL COMMENT '第几次被通知',
  `response` varchar(2048) CHARACTER SET utf8mb4 COLLATE utf8mb4_unicode_ci NOT NULL COMMENT '请求参数',
  `status` tinyint(4) NOT NULL COMMENT '通知状态',
  `creator` varchar(64) CHARACTER SET utf8mb4 COLLATE utf8mb4_unicode_ci NULL DEFAULT '' COMMENT '创建者',
  `create_time` datetime(0) NOT NULL DEFAULT CURRENT_TIMESTAMP COMMENT '创建时间',
  `updater` varchar(64) CHARACTER SET utf8mb4 COLLATE utf8mb4_unicode_ci NULL DEFAULT '' COMMENT '更新者',
  `update_time` datetime(0) NOT NULL DEFAULT CURRENT_TIMESTAMP ON UPDATE CURRENT_TIMESTAMP(0) COMMENT '更新时间',
  `deleted` tinyint(1) NOT NULL DEFAULT b'0' COMMENT '是否删除',
  `tenant_id` int(10) NOT NULL DEFAULT 0 COMMENT '租户编号',
  PRIMARY KEY (`id`) USING BTREE
) ENGINE = InnoDB AUTO_INCREMENT = 372356 CHARACTER SET = utf8mb4 COLLATE = utf8mb4_unicode_ci COMMENT = '支付通知 App 的日志' ROW_FORMAT = Dynamic;

INSERT INTO `pay_notify_log` VALUES (372095, 261, 1, '{\"code\":0,\"data\":true,\"msg\":\"\"}', 10, NULL, '2023-07-27 15:39:24', NULL, '2023-07-27 15:39:24', b'0', 1);
INSERT INTO `pay_notify_log` VALUES (372096, 262, 1, '{\"code\":0,\"data\":true,\"msg\":\"\"}', 10, '1', '2023-07-27 15:39:30', '1', '2023-07-27 15:39:30', b'0', 1);
INSERT INTO `pay_notify_log` VALUES (372097, 263, 1, '{\"code\":0,\"data\":true,\"msg\":\"\"}', 10, '1', '2023-08-10 22:52:07', '1', '2023-08-10 22:52:07', b'0', 1);
INSERT INTO `pay_notify_log` VALUES (372098, 264, 1, '{\"code\":0,\"data\":true,\"msg\":\"\"}', 10, '1', '2023-08-10 23:28:45', '1', '2023-08-10 23:28:45', b'0', 1);
INSERT INTO `pay_notify_log` VALUES (372099, 265, 1, '{\"code\":1007900000,\"data\":null,\"msg\":\"示例订单不存在\"}', 21, '247', '2023-08-13 16:42:01', '247', '2023-08-13 16:42:01', b'0', 1);
INSERT INTO `pay_notify_log` VALUES (372100, 266, 1, '{\"code\":1007900000,\"data\":null,\"msg\":\"示例订单不存在\"}', 21, '247', '2023-08-13 17:24:48', '247', '2023-08-13 17:24:48', b'0', 1);
INSERT INTO `pay_notify_log` VALUES (372101, 267, 1, '{\"code\":1007900000,\"data\":null,\"msg\":\"示例订单不存在\"}', 21, '247', '2023-08-13 17:25:48', '247', '2023-08-13 17:25:48', b'0', 1);
INSERT INTO `pay_notify_log` VALUES (372102, 268, 1, '{\"code\":0,\"data\":true,\"msg\":\"\"}', 10, '247', '2023-08-13 17:27:09', '247', '2023-08-13 17:27:09', b'0', 1);
INSERT INTO `pay_notify_log` VALUES (372103, 269, 1, '{\"code\":0,\"data\":true,\"msg\":\"\"}', 10, '247', '2023-08-13 17:39:30', '247', '2023-08-13 17:39:30', b'0', 1);
INSERT INTO `pay_notify_log` VALUES (372104, 270, 1, '{\"code\":0,\"data\":true,\"msg\":\"\"}', 10, '247', '2023-08-13 21:35:09', '247', '2023-08-13 21:35:09', b'0', 1);
INSERT INTO `pay_notify_log` VALUES (372105, 271, 1, '{\"code\":0,\"data\":true,\"msg\":\"\"}', 10, '247', '2023-08-13 21:36:04', '247', '2023-08-13 21:36:04', b'0', 1);
INSERT INTO `pay_notify_log` VALUES (372106, 272, 1, '{\"code\":0,\"data\":true,\"msg\":\"\"}', 10, '247', '2023-08-13 21:41:54', '247', '2023-08-13 21:41:54', b'0', 1);
INSERT INTO `pay_notify_log` VALUES (372107, 277, 1, '{\"code\":0,\"data\":true,\"msg\":\"\"}', 10, '247', '2023-08-18 15:17:10', '247', '2023-08-18 15:17:10', b'0', 1);
INSERT INTO `pay_notify_log` VALUES (372108, 278, 1, '{\"code\":0,\"data\":true,\"msg\":\"\"}', 10, '247', '2023-08-18 19:46:37', '247', '2023-08-18 19:46:37', b'0', 1);
INSERT INTO `pay_notify_log` VALUES (372109, 279, 1, '{\"code\":0,\"data\":true,\"msg\":\"\"}', 10, '247', '2023-08-30 18:46:52', '247', '2023-08-30 18:46:52', b'0', 1);
INSERT INTO `pay_notify_log` VALUES (372110, 281, 1, '{\"code\":0,\"data\":true,\"msg\":\"\"}', 10, '247', '2023-08-31 23:43:29', '247', '2023-08-31 23:43:29', b'0', 1);
INSERT INTO `pay_notify_log` VALUES (372111, 282, 1, '{\"code\":0,\"data\":true,\"msg\":\"\"}', 10, '247', '2023-08-31 23:46:17', '247', '2023-08-31 23:46:17', b'0', 1);
INSERT INTO `pay_notify_log` VALUES (372112, 283, 1, '{\"code\":401,\"data\":null,\"msg\":\"账号未登录\"}', 21, '247', '2023-09-30 18:45:25', '247', '2023-09-30 18:45:25', b'0', 1);
INSERT INTO `pay_notify_log` VALUES (372113, 284, 1, '{\"code\":0,\"data\":true,\"msg\":\"\"}', 10, '247', '2023-09-30 18:52:10', '247', '2023-09-30 18:52:10', b'0', 1);
INSERT INTO `pay_notify_log` VALUES (372114, 285, 1, '{\"code\":0,\"data\":true,\"msg\":\"\"}', 10, '247', '2023-09-30 18:52:26', '247', '2023-09-30 18:52:26', b'0', 1);
INSERT INTO `pay_notify_log` VALUES (372115, 286, 1, '{\"code\":0,\"data\":true,\"msg\":\"\"}', 10, '247', '2023-09-30 22:07:42', '247', '2023-09-30 22:07:42', b'0', 1);
INSERT INTO `pay_notify_log` VALUES (372116, 287, 1, '{\"code\":0,\"data\":true,\"msg\":\"\"}', 10, '247', '2023-10-01 21:36:13', '247', '2023-10-01 21:36:13', b'0', 1);
INSERT INTO `pay_notify_log` VALUES (372117, 288, 1, '{\"code\":0,\"data\":true,\"msg\":\"\"}', 10, '247', '2023-10-02 09:40:21', '247', '2023-10-02 09:40:21', b'0', 1);
INSERT INTO `pay_notify_log` VALUES (372118, 289, 1, '{\"code\":0,\"data\":true,\"msg\":\"\"}', 10, '247', '2023-10-02 10:21:12', '247', '2023-10-02 10:21:12', b'0', 1);
INSERT INTO `pay_notify_log` VALUES (372119, 291, 1, '{\"code\":0,\"data\":true,\"msg\":\"\"}', 10, '247', '2023-10-02 15:38:39', '247', '2023-10-02 15:38:39', b'0', 1);
INSERT INTO `pay_notify_log` VALUES (372120, 292, 1, '{\"code\":0,\"data\":true,\"msg\":\"\"}', 10, '247', '2023-10-05 23:05:29', '247', '2023-10-05 23:05:29', b'0', 1);
INSERT INTO `pay_notify_log` VALUES (372121, 293, 1, '{\"code\":0,\"data\":true,\"msg\":\"\"}', 10, '247', '2023-10-05 23:23:00', '247', '2023-10-05 23:23:00', b'0', 1);
INSERT INTO `pay_notify_log` VALUES (372122, 294, 1, '{\"code\":0,\"data\":true,\"msg\":\"\"}', 10, '248', '2023-10-06 10:13:44', '248', '2023-10-06 10:13:44', b'0', 1);
INSERT INTO `pay_notify_log` VALUES (372123, 295, 1, '{\"code\":500,\"data\":null,\"msg\":\"系统异常\"}', 21, '248', '2023-10-07 06:47:27', '248', '2023-10-07 06:47:27', b'0', 1);
INSERT INTO `pay_notify_log` VALUES (372124, 296, 1, '{\"code\":500,\"data\":null,\"msg\":\"系统异常\"}', 21, '248', '2023-10-07 06:56:51', '248', '2023-10-07 06:56:51', b'0', 1);
INSERT INTO `pay_notify_log` VALUES (372125, 297, 1, '{\"code\":500,\"data\":null,\"msg\":\"系统异常\"}', 21, '248', '2023-10-07 06:57:42', '248', '2023-10-07 06:57:42', b'0', 1);
INSERT INTO `pay_notify_log` VALUES (372126, 298, 1, '{\"code\":0,\"data\":true,\"msg\":\"\"}', 10, '248', '2023-10-07 06:58:51', '248', '2023-10-07 06:58:51', b'0', 1);
INSERT INTO `pay_notify_log` VALUES (372127, 299, 1, '{\"code\":0,\"data\":true,\"msg\":\"\"}', 10, '248', '2023-10-10 23:02:36', '248', '2023-10-10 23:02:36', b'0', 1);
INSERT INTO `pay_notify_log` VALUES (372128, 301, 1, '{\"code\":0,\"data\":true,\"msg\":\"\"}', 10, '248', '2023-10-10 23:16:09', '248', '2023-10-10 23:16:09', b'0', 1);
INSERT INTO `pay_notify_log` VALUES (372129, 303, 1, '{\"code\":0,\"data\":true,\"msg\":\"\"}', 10, '248', '2023-10-10 23:23:30', '248', '2023-10-10 23:23:30', b'0', 1);
INSERT INTO `pay_notify_log` VALUES (372130, 305, 1, '{\"code\":0,\"data\":true,\"msg\":\"\"}', 10, '248', '2023-10-10 23:28:07', '248', '2023-10-10 23:28:07', b'0', 1);
INSERT INTO `pay_notify_log` VALUES (372131, 307, 1, '{\"code\":0,\"data\":true,\"msg\":\"\"}', 10, '248', '2023-10-10 23:44:45', '248', '2023-10-10 23:44:45', b'0', 1);
INSERT INTO `pay_notify_log` VALUES (372132, 308, 1, '{\"code\":0,\"data\":true,\"msg\":\"\"}', 10, '248', '2023-10-11 07:03:47', '248', '2023-10-11 07:03:47', b'0', 1);
INSERT INTO `pay_notify_log` VALUES (372133, 310, 1, '{\"code\":0,\"data\":true,\"msg\":\"\"}', 10, '248', '2023-10-11 07:33:29', '248', '2023-10-11 07:33:29', b'0', 1);
INSERT INTO `pay_notify_log` VALUES (372134, 311, 1, '{\"code\":0,\"data\":true,\"msg\":\"\"}', 10, '248', '2023-10-11 07:36:44', '248', '2023-10-11 07:36:44', b'0', 1);
INSERT INTO `pay_notify_log` VALUES (372135, 313, 1, '{\"code\":1011000011,\"data\":null,\"msg\":\"交易订单不存在\"}', 21, '248', '2023-10-24 11:43:45', '248', '2023-10-24 11:43:45', b'0', 1);
INSERT INTO `pay_notify_log` VALUES (372136, 314, 1, '{\"code\":1011000011,\"data\":null,\"msg\":\"交易订单不存在\"}', 21, '248', '2023-10-24 12:27:52', '248', '2023-10-24 12:27:52', b'0', 1);
INSERT INTO `pay_notify_log` VALUES (372137, 315, 1, '{\"code\":1011000011,\"data\":null,\"msg\":\"交易订单不存在\"}', 21, '248', '2023-10-24 12:30:06', '248', '2023-10-24 12:30:06', b'0', 1);
INSERT INTO `pay_notify_log` VALUES (372138, 316, 1, '{\"code\":0,\"data\":true,\"msg\":\"\"}', 10, '248', '2023-10-24 12:33:22', '248', '2023-10-24 12:33:22', b'0', 1);
INSERT INTO `pay_notify_log` VALUES (372139, 319, 1, '{\"code\":0,\"data\":true,\"msg\":\"\"}', 10, '247', '2023-12-12 20:49:44', '247', '2023-12-12 20:49:44', b'0', 1);
INSERT INTO `pay_notify_log` VALUES (372140, 320, 1, '{\"code\":0,\"data\":true,\"msg\":\"\"}', 10, '247', '2023-12-12 20:51:12', '247', '2023-12-12 20:51:12', b'0', 1);
INSERT INTO `pay_notify_log` VALUES (372141, 321, 1, '{\"code\":0,\"data\":true,\"msg\":\"\"}', 10, '247', '2023-12-16 00:01:26', '247', '2023-12-16 00:01:26', b'0', 1);
INSERT INTO `pay_notify_log` VALUES (372142, 322, 1, '{\"code\":0,\"data\":true,\"msg\":\"\"}', 10, '247', '2023-12-18 23:08:29', '247', '2023-12-18 23:08:29', b'0', 1);
INSERT INTO `pay_notify_log` VALUES (372143, 323, 1, '{\"code\":0,\"data\":true,\"msg\":\"\"}', 10, '247', '2023-12-18 23:09:44', '247', '2023-12-18 23:09:44', b'0', 1);
INSERT INTO `pay_notify_log` VALUES (372144, 324, 1, '{\"code\":0,\"data\":true,\"msg\":\"\"}', 10, '247', '2023-12-18 23:11:51', '247', '2023-12-18 23:11:51', b'0', 1);
INSERT INTO `pay_notify_log` VALUES (372145, 325, 1, '{\"code\":0,\"data\":true,\"msg\":\"\"}', 10, NULL, '2023-12-24 11:32:18', NULL, '2023-12-24 11:32:18', b'0', 1);
INSERT INTO `pay_notify_log` VALUES (372146, 326, 1, '{\"code\":0,\"data\":true,\"msg\":\"\"}', 10, NULL, '2023-12-24 13:08:57', NULL, '2023-12-24 13:08:57', b'0', 1);
INSERT INTO `pay_notify_log` VALUES (372147, 327, 1, '{\"code\":0,\"data\":true,\"msg\":\"\"}', 10, '247', '2024-01-04 23:40:52', '247', '2024-01-04 23:40:52', b'0', 1);
INSERT INTO `pay_notify_log` VALUES (372148, 328, 1, '{\"code\":0,\"data\":true,\"msg\":\"\"}', 10, '247', '2024-01-13 16:47:16', '247', '2024-01-13 16:47:16', b'0', 1);
INSERT INTO `pay_notify_log` VALUES (372149, 329, 1, '{\"code\":0,\"data\":true,\"msg\":\"\"}', 10, '247', '2024-01-13 16:47:44', '247', '2024-01-13 16:47:44', b'0', 1);
INSERT INTO `pay_notify_log` VALUES (372150, 330, 1, '{\"code\":0,\"data\":true,\"msg\":\"\"}', 10, '247', '2024-01-13 17:07:58', '247', '2024-01-13 17:07:58', b'0', 1);
INSERT INTO `pay_notify_log` VALUES (372151, 331, 1, '{\"code\":0,\"data\":true,\"msg\":\"\"}', 10, '247', '2024-01-13 17:10:33', '247', '2024-01-13 17:10:33', b'0', 1);
INSERT INTO `pay_notify_log` VALUES (372152, 332, 1, '{\"code\":0,\"data\":true,\"msg\":\"\"}', 10, '247', '2024-01-13 17:12:13', '247', '2024-01-13 17:12:13', b'0', 1);
INSERT INTO `pay_notify_log` VALUES (372153, 333, 1, '{\"code\":0,\"data\":true,\"msg\":\"\"}', 10, '247', '2024-01-13 17:13:45', '247', '2024-01-13 17:13:45', b'0', 1);
INSERT INTO `pay_notify_log` VALUES (372154, 334, 1, '{\"code\":0,\"data\":true,\"msg\":\"\"}', 10, '247', '2024-01-13 17:16:49', '247', '2024-01-13 17:16:49', b'0', 1);
INSERT INTO `pay_notify_log` VALUES (372155, 335, 1, '{\"code\":0,\"data\":true,\"msg\":\"\"}', 10, '247', '2024-01-13 19:16:39', '247', '2024-01-13 19:16:39', b'0', 1);
INSERT INTO `pay_notify_log` VALUES (372156, 336, 1, '{\"code\":0,\"data\":true,\"msg\":\"\"}', 10, '247', '2024-01-13 20:23:10', '247', '2024-01-13 20:23:10', b'0', 1);
INSERT INTO `pay_notify_log` VALUES (372157, 337, 1, '{\"code\":0,\"data\":true,\"msg\":\"\"}', 10, '247', '2024-01-16 08:14:07', '247', '2024-01-16 08:14:07', b'0', 1);
INSERT INTO `pay_notify_log` VALUES (372158, 338, 1, '{\"code\":0,\"data\":true,\"msg\":\"\"}', 10, '283', '2024-01-17 14:42:00', '283', '2024-01-17 14:42:00', b'0', 1);
INSERT INTO `pay_notify_log` VALUES (372159, 339, 1, '{\"code\":0,\"data\":true,\"msg\":\"\"}', 10, '284', '2024-01-17 15:24:09', '284', '2024-01-17 15:24:09', b'0', 1);
INSERT INTO `pay_notify_log` VALUES (372160, 340, 1, '{\"code\":0,\"data\":true,\"msg\":\"\"}', 10, '285', '2024-01-17 15:45:36', '285', '2024-01-17 15:45:36', b'0', 1);
INSERT INTO `pay_notify_log` VALUES (372161, 341, 1, '{\"code\":0,\"data\":true,\"msg\":\"\"}', 10, '247', '2024-01-17 19:35:34', '247', '2024-01-17 19:35:34', b'0', 1);
INSERT INTO `pay_notify_log` VALUES (372162, 342, 1, '{\"code\":0,\"data\":true,\"msg\":\"\"}', 10, '247', '2024-01-19 22:15:45', '247', '2024-01-19 22:15:45', b'0', 1);
INSERT INTO `pay_notify_log` VALUES (372163, 343, 1, '{\"code\":0,\"data\":true,\"msg\":\"\"}', 10, '247', '2024-01-19 23:34:59', '247', '2024-01-19 23:34:59', b'0', 1);
INSERT INTO `pay_notify_log` VALUES (372164, 344, 1, '{\"code\":0,\"data\":true,\"msg\":\"\"}', 10, '247', '2024-03-01 17:48:19', '247', '2024-03-01 17:48:19', b'0', 1);
INSERT INTO `pay_notify_log` VALUES (372165, 345, 1, '{\"code\":0,\"data\":true,\"msg\":\"\"}', 10, NULL, '2024-07-24 23:16:17', NULL, '2024-07-24 23:16:17', b'0', 1);
INSERT INTO `pay_notify_log` VALUES (372166, 346, 1, '{\"code\":0,\"data\":true,\"msg\":\"\"}', 10, '1', '2024-07-24 23:17:16', '1', '2024-07-24 23:17:16', b'0', 1);
INSERT INTO `pay_notify_log` VALUES (372167, 347, 1, '{\"code\":0,\"data\":true,\"msg\":\"\"}', 10, '293', '2024-07-30 23:13:27', '293', '2024-07-30 23:13:27', b'0', 1);
INSERT INTO `pay_notify_log` VALUES (372168, 348, 1, '{\"code\":0,\"data\":true,\"msg\":\"\"}', 10, '293', '2024-07-30 23:20:38', '293', '2024-07-30 23:20:38', b'0', 1);
INSERT INTO `pay_notify_log` VALUES (372169, 349, 1, '{\"code\":0,\"data\":true,\"msg\":\"\"}', 10, '293', '2024-07-31 22:31:53', '293', '2024-07-31 22:31:53', b'0', 1);
INSERT INTO `pay_notify_log` VALUES (372170, 350, 1, '{\"code\":0,\"data\":true,\"msg\":\"\"}', 10, '293', '2024-07-31 22:34:11', '293', '2024-07-31 22:34:11', b'0', 1);
INSERT INTO `pay_notify_log` VALUES (372171, 351, 1, '{\"code\":0,\"data\":true,\"msg\":\"\"}', 10, '293', '2024-07-31 22:35:24', '293', '2024-07-31 22:35:24', b'0', 1);
INSERT INTO `pay_notify_log` VALUES (372172, 352, 1, '{\"code\":0,\"data\":true,\"msg\":\"\"}', 10, '293', '2024-07-31 23:09:41', '293', '2024-07-31 23:09:41', b'0', 1);
INSERT INTO `pay_notify_log` VALUES (372173, 353, 1, '{\"code\":0,\"data\":true,\"msg\":\"\"}', 10, '293', '2024-07-31 23:12:05', '293', '2024-07-31 23:12:05', b'0', 1);
INSERT INTO `pay_notify_log` VALUES (372174, 354, 1, '{\"code\":0,\"data\":true,\"msg\":\"\"}', 10, '293', '2024-07-31 23:14:03', '293', '2024-07-31 23:14:03', b'0', 1);
INSERT INTO `pay_notify_log` VALUES (372175, 355, 1, '{\"code\":0,\"data\":true,\"msg\":\"\"}', 10, '293', '2024-07-31 23:38:41', '293', '2024-07-31 23:38:41', b'0', 1);
INSERT INTO `pay_notify_log` VALUES (372176, 356, 1, '{\"code\":0,\"data\":true,\"msg\":\"\"}', 10, '293', '2024-07-31 23:39:54', '293', '2024-07-31 23:39:54', b'0', 1);
INSERT INTO `pay_notify_log` VALUES (372177, 357, 1, '{\"code\":0,\"data\":true,\"msg\":\"\"}', 10, '293', '2024-07-31 23:43:37', '293', '2024-07-31 23:43:37', b'0', 1);
INSERT INTO `pay_notify_log` VALUES (372178, 358, 1, '{\"code\":0,\"data\":true,\"msg\":\"\"}', 10, '293', '2024-07-31 23:45:17', '293', '2024-07-31 23:45:17', b'0', 1);
INSERT INTO `pay_notify_log` VALUES (372179, 359, 1, '{\"code\":0,\"data\":true,\"msg\":\"\"}', 10, '293', '2024-07-31 23:45:44', '293', '2024-07-31 23:45:44', b'0', 1);
INSERT INTO `pay_notify_log` VALUES (372180, 360, 1, '{\"code\":0,\"data\":true,\"msg\":\"\"}', 10, '293', '2024-08-01 12:47:01', '293', '2024-08-01 12:47:01', b'0', 1);
INSERT INTO `pay_notify_log` VALUES (372181, 361, 1, '{\"code\":0,\"data\":true,\"msg\":\"\"}', 10, '293', '2024-08-01 12:50:14', '293', '2024-08-01 12:50:14', b'0', 1);
INSERT INTO `pay_notify_log` VALUES (372182, 362, 1, '{\"code\":0,\"data\":true,\"msg\":\"\"}', 10, '293', '2024-08-01 12:56:26', '293', '2024-08-01 12:56:26', b'0', 1);
INSERT INTO `pay_notify_log` VALUES (372183, 363, 1, '{\"code\":0,\"data\":true,\"msg\":\"\"}', 10, '293', '2024-08-01 12:57:01', '293', '2024-08-01 12:57:01', b'0', 1);
INSERT INTO `pay_notify_log` VALUES (372184, 364, 1, '{\"code\":0,\"data\":true,\"msg\":\"\"}', 10, '293', '2024-08-01 12:57:21', '293', '2024-08-01 12:57:21', b'0', 1);
INSERT INTO `pay_notify_log` VALUES (372185, 365, 1, '{\"code\":0,\"data\":true,\"msg\":\"\"}', 10, '293', '2024-08-01 12:59:44', '293', '2024-08-01 12:59:44', b'0', 1);
INSERT INTO `pay_notify_log` VALUES (372186, 366, 1, '{\"code\":0,\"data\":true,\"msg\":\"\"}', 10, '293', '2024-08-01 13:00:16', '293', '2024-08-01 13:00:16', b'0', 1);
INSERT INTO `pay_notify_log` VALUES (372187, 367, 1, '{\"code\":0,\"data\":true,\"msg\":\"\"}', 10, '293', '2024-08-01 13:02:55', '293', '2024-08-01 13:02:55', b'0', 1);
INSERT INTO `pay_notify_log` VALUES (372188, 368, 1, '{\"code\":0,\"data\":true,\"msg\":\"\"}', 10, '293', '2024-08-01 13:05:18', '293', '2024-08-01 13:05:18', b'0', 1);
INSERT INTO `pay_notify_log` VALUES (372189, 369, 1, '{\"code\":0,\"data\":true,\"msg\":\"\"}', 10, '293', '2024-08-01 13:05:55', '293', '2024-08-01 13:05:55', b'0', 1);
INSERT INTO `pay_notify_log` VALUES (372190, 370, 1, '{\"code\":0,\"data\":true,\"msg\":\"\"}', 10, '293', '2024-08-01 13:06:36', '293', '2024-08-01 13:06:36', b'0', 1);
INSERT INTO `pay_notify_log` VALUES (372191, 371, 1, '{\"code\":0,\"data\":true,\"msg\":\"\"}', 10, '293', '2024-08-01 13:07:50', '293', '2024-08-01 13:07:50', b'0', 1);
INSERT INTO `pay_notify_log` VALUES (372192, 372, 1, '{\"code\":0,\"data\":true,\"msg\":\"\"}', 10, '293', '2024-08-01 22:55:26', '293', '2024-08-01 22:55:26', b'0', 1);
INSERT INTO `pay_notify_log` VALUES (372193, 373, 1, '{\"code\":0,\"data\":true,\"msg\":\"\"}', 10, '247', '2024-08-07 21:43:22', '247', '2024-08-07 21:43:22', b'0', 1);
INSERT INTO `pay_notify_log` VALUES (372194, 374, 1, '{\"code\":0,\"data\":true,\"msg\":\"\"}', 10, '247', '2024-08-07 22:59:51', '247', '2024-08-07 22:59:51', b'0', 1);
INSERT INTO `pay_notify_log` VALUES (372195, 375, 1, '{\"code\":0,\"data\":true,\"msg\":\"\"}', 10, '292', '2024-08-10 11:37:28', '292', '2024-08-10 11:37:28', b'0', 1);
INSERT INTO `pay_notify_log` VALUES (372196, 376, 1, '{\"code\":0,\"data\":true,\"msg\":\"\"}', 10, '294', '2024-08-15 00:23:21', '294', '2024-08-15 00:23:21', b'0', 1);
INSERT INTO `pay_notify_log` VALUES (372197, 377, 1, '{\"code\":0,\"data\":true,\"msg\":\"\"}', 10, '247', '2024-09-07 08:52:24', '247', '2024-09-07 08:52:24', b'0', 1);
INSERT INTO `pay_notify_log` VALUES (372198, 378, 1, '{\"code\":0,\"data\":true,\"msg\":\"\"}', 10, '247', '2024-09-07 13:24:33', '247', '2024-09-07 13:24:33', b'0', 1);
INSERT INTO `pay_notify_log` VALUES (372199, 379, 1, '{\"code\":0,\"data\":true,\"msg\":\"\"}', 10, '247', '2024-09-18 19:12:49', '247', '2024-09-18 19:12:49', b'0', 1);
INSERT INTO `pay_notify_log` VALUES (372200, 380, 1, '{\"code\":0,\"data\":true,\"msg\":\"\"}', 10, '247', '2024-09-18 19:23:08', '247', '2024-09-18 19:23:08', b'0', 1);
INSERT INTO `pay_notify_log` VALUES (372201, 381, 1, '{\"code\":0,\"data\":true,\"msg\":\"\"}', 10, '247', '2024-09-23 13:44:18', '247', '2024-09-23 13:44:18', b'0', 1);
INSERT INTO `pay_notify_log` VALUES (372202, 382, 1, '{\"code\":0,\"data\":true,\"msg\":\"\"}', 10, '247', '2024-09-24 08:48:29', '247', '2024-09-24 08:48:29', b'0', 1);
INSERT INTO `pay_notify_log` VALUES (372203, 383, 1, '{\"code\":0,\"data\":true,\"msg\":\"\"}', 10, '1', '2024-09-24 08:55:28', '1', '2024-09-24 08:55:28', b'0', 1);
INSERT INTO `pay_notify_log` VALUES (372204, 384, 1, '{\"code\":0,\"data\":true,\"msg\":\"\"}', 10, '247', '2024-09-24 09:01:27', '247', '2024-09-24 09:01:27', b'0', 1);
INSERT INTO `pay_notify_log` VALUES (372205, 385, 1, '{\"code\":0,\"data\":true,\"msg\":\"\"}', 10, '1', '2024-09-24 09:21:01', '1', '2024-09-24 09:21:01', b'0', 1);
INSERT INTO `pay_notify_log` VALUES (372206, 386, 1, '{\"code\":0,\"data\":true,\"msg\":\"\"}', 10, '247', '2024-09-24 09:33:58', '247', '2024-09-24 09:33:58', b'0', 1);
INSERT INTO `pay_notify_log` VALUES (372207, 387, 1, '{\"code\":0,\"data\":true,\"msg\":\"\"}', 10, '247', '2024-09-24 09:34:36', '247', '2024-09-24 09:34:36', b'0', 1);
INSERT INTO `pay_notify_log` VALUES (372208, 388, 1, '{\"code\":0,\"data\":true,\"msg\":\"\"}', 10, '247', '2024-09-24 09:45:28', '247', '2024-09-24 09:45:28', b'0', 1);
INSERT INTO `pay_notify_log` VALUES (372209, 389, 1, '{\"code\":404,\"data\":null,\"msg\":\"请求地址不存在:app-api/trade/order/update-paid\"}', 21, '247', '2024-09-24 12:42:02', '247', '2024-09-24 12:42:02', b'0', 1);
INSERT INTO `pay_notify_log` VALUES (372210, 390, 1, '{\"code\":0,\"data\":true,\"msg\":\"\"}', 10, '247', '2024-09-24 12:44:04', '247', '2024-09-24 12:44:04', b'0', 1);
INSERT INTO `pay_notify_log` VALUES (372211, 391, 1, '{\"code\":0,\"data\":true,\"msg\":\"\"}', 10, '247', '2024-09-30 09:08:44', '247', '2024-09-30 09:08:44', b'0', 1);
INSERT INTO `pay_notify_log` VALUES (372212, 393, 1, '{\"code\":0,\"data\":true,\"msg\":\"\"}', 10, '247', '2024-10-04 19:16:33', '247', '2024-10-04 19:16:33', b'0', 1);
INSERT INTO `pay_notify_log` VALUES (372213, 394, 1, '{\"code\":0,\"data\":true,\"msg\":\"\"}', 10, '286', '2025-04-26 19:04:34', '286', '2025-04-26 19:04:34', b'0', 1);
INSERT INTO `pay_notify_log` VALUES (372214, 395, 1, '{\"code\":0,\"data\":true,\"msg\":\"\"}', 10, '247', '2025-04-26 19:24:18', '247', '2025-04-26 19:24:18', b'0', 1);
INSERT INTO `pay_notify_log` VALUES (372215, 397, 1, '{\"code\":0,\"data\":true,\"msg\":\"\"}', 10, '247', '2025-04-28 00:00:34', '247', '2025-04-28 00:00:34', b'0', 1);
INSERT INTO `pay_notify_log` VALUES (372216, 398, 1, '{\"code\":0,\"data\":true,\"msg\":\"\"}', 10, '247', '2025-04-28 00:00:49', '247', '2025-04-28 00:00:49', b'0', 1);
INSERT INTO `pay_notify_log` VALUES (372217, 399, 1, '{\"code\":0,\"data\":true,\"msg\":\"\"}', 10, '247', '2025-04-28 12:52:53', '247', '2025-04-28 12:52:53', b'0', 1);
INSERT INTO `pay_notify_log` VALUES (372218, 400, 1, '{\"code\":0,\"data\":true,\"msg\":\"\"}', 10, '247', '2025-04-28 22:45:58', '247', '2025-04-28 22:45:58', b'0', 1);
INSERT INTO `pay_notify_log` VALUES (372219, 401, 1, '{\"code\":0,\"data\":true,\"msg\":\"\"}', 10, '247', '2025-05-05 21:03:55', '247', '2025-05-05 21:03:55', b'0', 1);
INSERT INTO `pay_notify_log` VALUES (372220, 402, 1, '{\"code\":0,\"data\":true,\"msg\":\"\"}', 10, NULL, '2025-05-05 23:33:48', NULL, '2025-05-05 23:33:48', b'0', 1);
INSERT INTO `pay_notify_log` VALUES (372221, 403, 1, '{\"code\":0,\"data\":true,\"msg\":\"\"}', 10, '247', '2025-05-06 12:58:42', '247', '2025-05-06 12:58:42', b'0', 1);
INSERT INTO `pay_notify_log` VALUES (372222, 404, 1, 'IllegalArgumentException: Http url must be not blank!', 22, '1', '2025-05-07 12:35:32', '1', '2025-05-07 12:35:32', b'0', 1);
INSERT INTO `pay_notify_log` VALUES (372223, 405, 1, 'IllegalArgumentException: Http url must be not blank!', 22, '1', '2025-05-07 12:37:50', '1', '2025-05-07 12:37:50', b'0', 1);
INSERT INTO `pay_notify_log` VALUES (372224, 406, 1, 'IllegalArgumentException: Http url must be not blank!', 22, '1', '2025-05-07 13:10:11', '1', '2025-05-07 13:10:11', b'0', 1);
INSERT INTO `pay_notify_log` VALUES (372225, 407, 1, 'IllegalArgumentException: Http url must be not blank!', 22, '1', '2025-05-07 13:12:06', '1', '2025-05-07 13:12:06', b'0', 1);
INSERT INTO `pay_notify_log` VALUES (372226, 408, 1, 'IllegalArgumentException: Http url must be not blank!', 22, '1', '2025-05-07 23:35:08', '1', '2025-05-07 23:35:08', b'0', 1);
INSERT INTO `pay_notify_log` VALUES (372227, 409, 1, '{\"code\":1007901004,\"data\":null,\"msg\":\"更新示例提现单状态失败，支付转账单商户订单号不匹配\"}', 21, '1', '2025-05-08 09:50:43', '1', '2025-05-08 09:50:43', b'0', 1);
INSERT INTO `pay_notify_log` VALUES (372228, 410, 1, '{\"code\":1007901004,\"data\":null,\"msg\":\"更新示例提现单状态失败，支付转账单商户订单号不匹配\"}', 21, '1', '2025-05-08 09:54:04', '1', '2025-05-08 09:54:04', b'0', 1);
INSERT INTO `pay_notify_log` VALUES (372229, 411, 1, '{\"code\":1007901004,\"data\":null,\"msg\":\"更新示例提现单状态失败，支付转账单商户订单号不匹配\"}', 21, '1', '2025-05-08 09:54:36', '1', '2025-05-08 09:54:36', b'0', 1);
INSERT INTO `pay_notify_log` VALUES (372230, 412, 1, '{\"code\":0,\"data\":true,\"msg\":\"\"}', 10, '1', '2025-05-08 12:43:00', '1', '2025-05-08 12:43:00', b'0', 1);
INSERT INTO `pay_notify_log` VALUES (372231, 413, 1, '{\"code\":0,\"data\":true,\"msg\":\"\"}', 10, '1', '2025-05-08 12:43:38', '1', '2025-05-08 12:43:38', b'0', 1);
INSERT INTO `pay_notify_log` VALUES (372232, 414, 1, '{\"code\":0,\"data\":true,\"msg\":\"\"}', 10, '1', '2025-05-08 13:05:32', '1', '2025-05-08 13:05:32', b'0', 1);
INSERT INTO `pay_notify_log` VALUES (372233, 415, 1, 'ConnectException: Connection refused', 22, '1', '2025-05-08 19:49:31', '1', '2025-05-08 19:49:31', b'0', 1);
INSERT INTO `pay_notify_log` VALUES (372234, 416, 1, '{\"code\":0,\"data\":true,\"msg\":\"\"}', 10, '1', '2025-05-08 19:55:01', '1', '2025-05-08 19:55:01', b'0', 1);
INSERT INTO `pay_notify_log` VALUES (372235, 417, 1, '{\"code\":0,\"data\":true,\"msg\":\"\"}', 10, '1', '2025-05-08 19:55:34', '1', '2025-05-08 19:55:34', b'0', 1);
INSERT INTO `pay_notify_log` VALUES (372236, 418, 1, 'SocketException: Connection reset', 22, '1', '2025-05-08 19:57:18', '1', '2025-05-08 19:57:18', b'0', 1);
INSERT INTO `pay_notify_log` VALUES (372237, 419, 1, 'ConnectException: Connection refused', 22, '1', '2025-05-08 19:58:06', '1', '2025-05-08 19:58:06', b'0', 1);
INSERT INTO `pay_notify_log` VALUES (372238, 420, 1, '{\"code\":0,\"data\":true,\"msg\":\"\"}', 10, '1', '2025-05-08 20:16:08', '1', '2025-05-08 20:16:08', b'0', 1);
INSERT INTO `pay_notify_log` VALUES (372239, 421, 1, '{\"code\":0,\"data\":true,\"msg\":\"\"}', 10, '1', '2025-05-08 20:17:53', '1', '2025-05-08 20:17:53', b'0', 1);
INSERT INTO `pay_notify_log` VALUES (372240, 422, 1, '{\"code\":0,\"data\":true,\"msg\":\"\"}', 10, '1', '2025-05-08 20:23:02', '1', '2025-05-08 20:23:02', b'0', 1);
INSERT INTO `pay_notify_log` VALUES (372241, 423, 1, '{\"code\":0,\"data\":true,\"msg\":\"\"}', 10, '1', '2025-05-08 20:23:51', '1', '2025-05-08 20:23:51', b'0', 1);
INSERT INTO `pay_notify_log` VALUES (372242, 424, 1, 'ConnectException: Connection refused', 22, '1', '2025-05-08 21:23:31', '1', '2025-05-08 21:23:31', b'0', 1);
INSERT INTO `pay_notify_log` VALUES (372243, 425, 1, 'ConnectException: Connection refused', 22, '1', '2025-05-08 21:24:59', '1', '2025-05-08 21:24:59', b'0', 1);
INSERT INTO `pay_notify_log` VALUES (372244, 426, 1, 'ConnectException: Connection refused', 22, '1', '2025-05-08 21:30:42', '1', '2025-05-08 21:30:42', b'0', 1);
INSERT INTO `pay_notify_log` VALUES (372245, 427, 1, '{\"code\":0,\"data\":true,\"msg\":\"\"}', 10, '1', '2025-05-08 21:31:04', '1', '2025-05-08 21:31:04', b'0', 1);
INSERT INTO `pay_notify_log` VALUES (372246, 428, 1, '{\"code\":0,\"data\":true,\"msg\":\"\"}', 10, '1', '2025-05-08 21:32:22', '1', '2025-05-08 21:32:22', b'0', 1);
INSERT INTO `pay_notify_log` VALUES (372247, 429, 1, '{\"code\":0,\"data\":true,\"msg\":\"\"}', 10, '1', '2025-05-08 23:17:30', '1', '2025-05-08 23:17:30', b'0', 1);
INSERT INTO `pay_notify_log` VALUES (372248, 430, 1, '{\"code\":0,\"data\":true,\"msg\":\"\"}', 10, '1', '2025-05-08 23:21:02', '1', '2025-05-08 23:21:02', b'0', 1);
INSERT INTO `pay_notify_log` VALUES (372249, 431, 1, '{\"code\":0,\"data\":true,\"msg\":\"\"}', 10, '1', '2025-05-08 23:21:21', '1', '2025-05-08 23:21:21', b'0', 1);
INSERT INTO `pay_notify_log` VALUES (372250, 432, 1, '{\"code\":0,\"data\":true,\"msg\":\"\"}', 10, '247', '2025-05-08 23:29:06', '247', '2025-05-08 23:29:06', b'0', 1);
INSERT INTO `pay_notify_log` VALUES (372251, 433, 1, '{\"code\":0,\"data\":true,\"msg\":\"\"}', 10, '1', '2025-05-09 20:21:20', '1', '2025-05-09 20:21:20', b'0', 1);
INSERT INTO `pay_notify_log` VALUES (372252, 434, 1, '{\"code\":0,\"data\":true,\"msg\":\"\"}', 10, '1', '2025-05-09 20:21:55', '1', '2025-05-09 20:21:55', b'0', 1);
INSERT INTO `pay_notify_log` VALUES (372253, 435, 1, '{\"code\":0,\"data\":true,\"msg\":\"\"}', 10, '1', '2025-05-09 20:25:56', '1', '2025-05-09 20:25:56', b'0', 1);
INSERT INTO `pay_notify_log` VALUES (372254, 436, 1, '{\"code\":0,\"data\":true,\"msg\":\"\"}', 10, '1', '2025-05-09 20:26:35', '1', '2025-05-09 20:26:35', b'0', 1);
INSERT INTO `pay_notify_log` VALUES (372255, 437, 1, '{\"code\":0,\"data\":true,\"msg\":\"\"}', 10, '1', '2025-05-09 20:28:36', '1', '2025-05-09 20:28:36', b'0', 1);
INSERT INTO `pay_notify_log` VALUES (372256, 438, 1, '{\"code\":0,\"data\":true,\"msg\":\"\"}', 10, '1', '2025-05-09 21:32:17', '1', '2025-05-09 21:32:17', b'0', 1);
INSERT INTO `pay_notify_log` VALUES (372257, 439, 1, '{\"code\":0,\"data\":true,\"msg\":\"\"}', 10, '1', '2025-05-09 21:33:33', '1', '2025-05-09 21:33:33', b'0', 1);
INSERT INTO `pay_notify_log` VALUES (372258, 440, 1, '{\"code\":0,\"data\":true,\"msg\":\"\"}', 10, '1', '2025-05-09 21:35:41', '1', '2025-05-09 21:35:41', b'0', 1);
INSERT INTO `pay_notify_log` VALUES (372259, 441, 1, '{\"code\":0,\"data\":true,\"msg\":\"\"}', 10, '1', '2025-05-09 21:35:50', '1', '2025-05-09 21:35:50', b'0', 1);
INSERT INTO `pay_notify_log` VALUES (372260, 442, 1, '{\"code\":0,\"data\":true,\"msg\":\"\"}', 10, '1', '2025-05-09 21:42:23', '1', '2025-05-09 21:42:23', b'0', 1);
INSERT INTO `pay_notify_log` VALUES (372261, 443, 1, '{\"code\":0,\"data\":true,\"msg\":\"\"}', 10, '1', '2025-05-09 21:42:30', '1', '2025-05-09 21:42:30', b'0', 1);
INSERT INTO `pay_notify_log` VALUES (372262, 444, 1, '{\"code\":0,\"data\":true,\"msg\":\"\"}', 10, '1', '2025-05-09 21:47:42', '1', '2025-05-09 21:47:42', b'0', 1);
INSERT INTO `pay_notify_log` VALUES (372263, 445, 1, '{\"code\":0,\"data\":true,\"msg\":\"\"}', 10, '1', '2025-05-09 21:48:18', '1', '2025-05-09 21:48:18', b'0', 1);
INSERT INTO `pay_notify_log` VALUES (372264, 446, 1, '{\"code\":0,\"data\":true,\"msg\":\"\"}', 10, '1', '2025-05-09 22:01:04', '1', '2025-05-09 22:01:04', b'0', 1);
INSERT INTO `pay_notify_log` VALUES (372265, 447, 1, '{\"code\":0,\"data\":true,\"msg\":\"\"}', 10, '1', '2025-05-09 22:01:09', '1', '2025-05-09 22:01:09', b'0', 1);
INSERT INTO `pay_notify_log` VALUES (372266, 450, 1, '{\"code\":0,\"data\":true,\"msg\":\"\"}', 10, '1', '2025-05-10 10:03:51', '1', '2025-05-10 10:03:51', b'0', 1);
INSERT INTO `pay_notify_log` VALUES (372267, 451, 1, '{\"code\":0,\"data\":true,\"msg\":\"\"}', 10, '1', '2025-05-10 10:06:02', '1', '2025-05-10 10:06:02', b'0', 1);
INSERT INTO `pay_notify_log` VALUES (372268, 452, 1, '{\"code\":0,\"data\":true,\"msg\":\"\"}', 10, '1', '2025-05-10 10:43:03', '1', '2025-05-10 10:43:03', b'0', 1);
INSERT INTO `pay_notify_log` VALUES (372269, 453, 1, '{\"code\":0,\"data\":true,\"msg\":\"\"}', 10, '1', '2025-05-10 11:26:44', '1', '2025-05-10 11:26:44', b'0', 1);
INSERT INTO `pay_notify_log` VALUES (372270, 454, 1, '{\"code\":0,\"data\":true,\"msg\":\"\"}', 10, '1', '2025-05-10 11:47:27', '1', '2025-05-10 11:47:27', b'0', 1);
INSERT INTO `pay_notify_log` VALUES (372271, 455, 1, '{\"code\":0,\"data\":true,\"msg\":\"\"}', 10, '247', '2025-05-10 13:52:07', '247', '2025-05-10 13:52:07', b'0', 1);
INSERT INTO `pay_notify_log` VALUES (372272, 456, 1, '{\"code\":1011000100,\"data\":null,\"msg\":\"售后单不存在\"}', 21, '1', '2025-05-10 13:52:31', '1', '2025-05-10 13:52:31', b'0', 1);
INSERT INTO `pay_notify_log` VALUES (372273, 457, 1, '{\"code\":0,\"data\":true,\"msg\":\"\"}', 10, '247', '2025-05-10 13:53:45', '247', '2025-05-10 13:53:45', b'0', 1);
INSERT INTO `pay_notify_log` VALUES (372274, 458, 1, '{\"code\":1011000100,\"data\":null,\"msg\":\"售后单不存在\"}', 21, '1', '2025-05-10 13:54:43', '1', '2025-05-10 13:54:43', b'0', 1);
INSERT INTO `pay_notify_log` VALUES (372275, 459, 1, '{\"code\":0,\"data\":true,\"msg\":\"\"}', 10, '1', '2025-05-10 15:23:14', '1', '2025-05-10 15:23:14', b'0', 1);
INSERT INTO `pay_notify_log` VALUES (372276, 460, 1, '{\"code\":1007900009,\"data\":null,\"msg\":\"发起退款失败，退款单编号不匹配\"}', 21, '1', '2025-05-10 15:23:18', '1', '2025-05-10 15:23:18', b'0', 1);
INSERT INTO `pay_notify_log` VALUES (372277, 461, 1, '{\"code\":0,\"data\":true,\"msg\":\"\"}', 10, '1', '2025-05-10 15:24:45', '1', '2025-05-10 15:24:45', b'0', 1);
INSERT INTO `pay_notify_log` VALUES (372278, 462, 1, '{\"code\":1007900009,\"data\":null,\"msg\":\"发起退款失败，退款单编号不匹配\"}', 21, '1', '2025-05-10 15:26:04', '1', '2025-05-10 15:26:04', b'0', 1);
INSERT INTO `pay_notify_log` VALUES (372279, 463, 1, '{\"code\":0,\"data\":true,\"msg\":\"\"}', 10, NULL, '2025-05-10 15:32:14', NULL, '2025-05-10 15:32:14', b'0', 1);
INSERT INTO `pay_notify_log` VALUES (372280, 464, 1, '{\"code\":1007900009,\"data\":null,\"msg\":\"发起退款失败，退款单编号不匹配\"}', 21, '1', '2025-05-10 15:32:32', '1', '2025-05-10 15:32:32', b'0', 1);
INSERT INTO `pay_notify_log` VALUES (372281, 465, 1, '{\"code\":0,\"data\":true,\"msg\":\"\"}', 10, '1', '2025-05-10 15:33:05', '1', '2025-05-10 15:33:05', b'0', 1);
INSERT INTO `pay_notify_log` VALUES (372282, 466, 1, '{\"code\":1007900009,\"data\":null,\"msg\":\"发起退款失败，退款单编号不匹配\"}', 21, '1', '2025-05-10 15:33:08', '1', '2025-05-10 15:33:08', b'0', 1);
INSERT INTO `pay_notify_log` VALUES (372283, 467, 1, '{\"code\":0,\"data\":true,\"msg\":\"\"}', 10, '1', '2025-05-10 15:33:21', '1', '2025-05-10 15:33:21', b'0', 1);
INSERT INTO `pay_notify_log` VALUES (372284, 468, 1, '{\"code\":1007900009,\"data\":null,\"msg\":\"发起退款失败，退款单编号不匹配\"}', 21, '1', '2025-05-10 15:33:42', '1', '2025-05-10 15:33:42', b'0', 1);
INSERT INTO `pay_notify_log` VALUES (372285, 469, 1, '{\"code\":0,\"data\":true,\"msg\":\"\"}', 10, '1', '2025-05-10 15:36:13', '1', '2025-05-10 15:36:13', b'0', 1);
INSERT INTO `pay_notify_log` VALUES (372286, 470, 1, '{\"code\":1007900009,\"data\":null,\"msg\":\"发起退款失败，退款单编号不匹配\"}', 21, '1', '2025-05-10 15:36:51', '1', '2025-05-10 15:36:51', b'0', 1);
INSERT INTO `pay_notify_log` VALUES (372287, 471, 1, '{\"code\":0,\"data\":true,\"msg\":\"\"}', 10, '1', '2025-05-10 15:48:04', '1', '2025-05-10 15:48:04', b'0', 1);
INSERT INTO `pay_notify_log` VALUES (372288, 472, 1, '{\"code\":1007900009,\"data\":null,\"msg\":\"发起退款失败，退款单编号不匹配\"}', 21, '1', '2025-05-10 15:48:22', '1', '2025-05-10 15:48:22', b'0', 1);
INSERT INTO `pay_notify_log` VALUES (372289, 473, 1, '{\"code\":0,\"data\":true,\"msg\":\"\"}', 10, '1', '2025-05-10 15:48:39', '1', '2025-05-10 15:48:39', b'0', 1);
INSERT INTO `pay_notify_log` VALUES (372290, 474, 1, '{\"code\":1007900009,\"data\":null,\"msg\":\"发起退款失败，退款单编号不匹配\"}', 21, '1', '2025-05-10 15:48:45', '1', '2025-05-10 15:48:45', b'0', 1);
INSERT INTO `pay_notify_log` VALUES (372291, 475, 1, '{\"code\":0,\"data\":true,\"msg\":\"\"}', 10, '1', '2025-05-10 15:49:19', '1', '2025-05-10 15:49:19', b'0', 1);
INSERT INTO `pay_notify_log` VALUES (372292, 476, 1, '{\"code\":1007900009,\"data\":null,\"msg\":\"发起退款失败，退款单编号不匹配\"}', 21, '1', '2025-05-10 15:49:34', '1', '2025-05-10 15:49:34', b'0', 1);
INSERT INTO `pay_notify_log` VALUES (372293, 477, 1, '{\"code\":0,\"data\":true,\"msg\":\"\"}', 10, '1', '2025-05-10 15:53:48', '1', '2025-05-10 15:53:48', b'0', 1);
INSERT INTO `pay_notify_log` VALUES (372294, 478, 1, '{\"code\":1007900009,\"data\":null,\"msg\":\"发起退款失败，退款单编号不匹配\"}', 21, '1', '2025-05-10 15:53:55', '1', '2025-05-10 15:53:55', b'0', 1);
INSERT INTO `pay_notify_log` VALUES (372295, 479, 1, '{\"code\":0,\"data\":true,\"msg\":\"\"}', 10, NULL, '2025-05-10 15:54:36', NULL, '2025-05-10 15:54:36', b'0', 1);
INSERT INTO `pay_notify_log` VALUES (372296, 480, 1, '{\"code\":0,\"data\":true,\"msg\":\"\"}', 10, NULL, '2025-05-10 15:54:41', NULL, '2025-05-10 15:54:41', b'0', 1);
INSERT INTO `pay_notify_log` VALUES (372297, 481, 1, '{\"code\":1007901004,\"data\":null,\"msg\":\"更新示例提现单状态失败，支付转账单商户订单号不匹配\"}', 21, NULL, '2025-05-10 15:58:11', NULL, '2025-05-10 15:58:11', b'0', 1);
INSERT INTO `pay_notify_log` VALUES (372298, 482, 1, '{\"code\":1007901004,\"data\":null,\"msg\":\"更新示例提现单状态失败，支付转账单商户订单号不匹配\"}', 21, NULL, '2025-05-10 15:59:04', NULL, '2025-05-10 15:59:04', b'0', 1);
INSERT INTO `pay_notify_log` VALUES (372299, 483, 1, '{\"code\":0,\"data\":true,\"msg\":\"\"}', 10, NULL, '2025-05-10 15:59:52', NULL, '2025-05-10 15:59:52', b'0', 1);
INSERT INTO `pay_notify_log` VALUES (372300, 484, 1, '{\"code\":0,\"data\":true,\"msg\":\"\"}', 10, NULL, '2025-05-10 15:59:59', NULL, '2025-05-10 15:59:59', b'0', 1);
INSERT INTO `pay_notify_log` VALUES (372301, 485, 1, '{\"code\":0,\"data\":true,\"msg\":\"\"}', 10, NULL, '2025-05-10 16:00:23', NULL, '2025-05-10 16:00:23', b'0', 1);
INSERT INTO `pay_notify_log` VALUES (372302, 486, 1, '{\"code\":0,\"data\":true,\"msg\":\"\"}', 10, NULL, '2025-05-10 16:09:43', NULL, '2025-05-10 16:09:43', b'0', 1);
INSERT INTO `pay_notify_log` VALUES (372303, 487, 1, '{\"code\":1011000114,\"data\":null,\"msg\":\"退款失败，退款单不匹配\"}', 21, NULL, '2025-05-10 16:10:26', NULL, '2025-05-10 16:10:26', b'0', 1);
INSERT INTO `pay_notify_log` VALUES (372304, 488, 1, '{\"code\":0,\"data\":true,\"msg\":\"\"}', 10, NULL, '2025-05-10 16:16:47', NULL, '2025-05-10 16:16:47', b'0', 1);
INSERT INTO `pay_notify_log` VALUES (372305, 489, 1, '{\"code\":0,\"data\":true,\"msg\":\"\"}', 10, NULL, '2025-05-10 16:17:05', NULL, '2025-05-10 16:17:05', b'0', 1);
INSERT INTO `pay_notify_log` VALUES (372306, 490, 1, '{\"code\":0,\"data\":true,\"msg\":\"\"}', 10, NULL, '2025-05-10 16:18:52', NULL, '2025-05-10 16:18:52', b'0', 1);
INSERT INTO `pay_notify_log` VALUES (372307, 491, 1, '{\"code\":0,\"data\":true,\"msg\":\"\"}', 10, NULL, '2025-05-10 16:18:55', NULL, '2025-05-10 16:18:55', b'0', 1);
INSERT INTO `pay_notify_log` VALUES (372308, 492, 1, '{\"code\":0,\"data\":true,\"msg\":\"\"}', 10, NULL, '2025-05-10 16:39:37', NULL, '2025-05-10 16:39:37', b'0', 1);
INSERT INTO `pay_notify_log` VALUES (372309, 493, 1, '{\"code\":0,\"data\":true,\"msg\":\"\"}', 10, NULL, '2025-05-10 16:40:28', NULL, '2025-05-10 16:40:28', b'0', 1);
INSERT INTO `pay_notify_log` VALUES (372310, 494, 1, '{\"code\":0,\"data\":true,\"msg\":\"\"}', 10, NULL, '2025-05-10 17:26:31', NULL, '2025-05-10 17:26:31', b'0', 1);
INSERT INTO `pay_notify_log` VALUES (372311, 495, 1, '{\"code\":0,\"data\":true,\"msg\":\"\"}', 10, NULL, '2025-05-10 17:29:35', NULL, '2025-05-10 17:29:35', b'0', 1);
INSERT INTO `pay_notify_log` VALUES (372312, 496, 1, '{\"code\":0,\"data\":true,\"msg\":\"\"}', 10, NULL, '2025-05-10 18:11:58', NULL, '2025-05-10 18:11:58', b'0', 1);
INSERT INTO `pay_notify_log` VALUES (372313, 497, 1, '{\"code\":0,\"data\":true,\"msg\":\"\"}', 10, NULL, '2025-05-10 18:12:03', NULL, '2025-05-10 18:12:03', b'0', 1);
INSERT INTO `pay_notify_log` VALUES (372314, 498, 1, '{\"code\":0,\"data\":true,\"msg\":\"\"}', 10, NULL, '2025-05-10 18:12:28', NULL, '2025-05-10 18:12:28', b'0', 1);
INSERT INTO `pay_notify_log` VALUES (372315, 499, 1, '{\"code\":0,\"data\":true,\"msg\":\"\"}', 10, NULL, '2025-05-10 18:13:41', NULL, '2025-05-10 18:13:41', b'0', 1);
INSERT INTO `pay_notify_log` VALUES (372316, 500, 1, '{\"code\":0,\"data\":true,\"msg\":\"\"}', 10, NULL, '2025-05-10 18:15:08', NULL, '2025-05-10 18:15:08', b'0', 1);
INSERT INTO `pay_notify_log` VALUES (372317, 501, 1, '{\"code\":0,\"data\":true,\"msg\":\"\"}', 10, NULL, '2025-05-10 18:15:39', NULL, '2025-05-10 18:15:39', b'0', 1);
INSERT INTO `pay_notify_log` VALUES (372318, 502, 1, '{\"code\":0,\"data\":true,\"msg\":\"\"}', 10, NULL, '2025-05-10 21:23:57', NULL, '2025-05-10 21:23:57', b'0', 1);
INSERT INTO `pay_notify_log` VALUES (372319, 503, 1, '{\"code\":0,\"data\":true,\"msg\":\"\"}', 10, NULL, '2025-05-11 08:51:15', NULL, '2025-05-11 08:51:15', b'0', 1);
INSERT INTO `pay_notify_log` VALUES (372320, 504, 1, '{\"code\":0,\"data\":true,\"msg\":\"\"}', 10, NULL, '2025-05-11 09:16:45', NULL, '2025-05-11 09:16:45', b'0', 1);
INSERT INTO `pay_notify_log` VALUES (372321, 505, 1, '{\"code\":0,\"data\":true,\"msg\":\"\"}', 10, NULL, '2025-05-11 09:54:51', NULL, '2025-05-11 09:54:51', b'0', 1);
INSERT INTO `pay_notify_log` VALUES (372322, 506, 1, '{\"code\":0,\"data\":true,\"msg\":\"\"}', 10, NULL, '2025-05-11 09:56:37', NULL, '2025-05-11 09:56:37', b'0', 1);
INSERT INTO `pay_notify_log` VALUES (372323, 507, 1, '{\"code\":0,\"data\":true,\"msg\":\"\"}', 10, NULL, '2025-05-11 11:24:17', NULL, '2025-05-11 11:24:17', b'0', 1);
INSERT INTO `pay_notify_log` VALUES (372324, 508, 1, '{\"code\":0,\"data\":true,\"msg\":\"\"}', 10, NULL, '2025-05-11 11:26:04', NULL, '2025-05-11 11:26:04', b'0', 1);
INSERT INTO `pay_notify_log` VALUES (372325, 509, 1, '{\"code\":0,\"data\":true,\"msg\":\"\"}', 10, NULL, '2025-05-11 11:29:10', NULL, '2025-05-11 11:29:10', b'0', 1);
INSERT INTO `pay_notify_log` VALUES (372326, 510, 1, '{\"code\":0,\"data\":true,\"msg\":\"\"}', 10, NULL, '2025-05-11 11:31:34', NULL, '2025-05-11 11:31:34', b'0', 1);
INSERT INTO `pay_notify_log` VALUES (372327, 511, 1, '{\"code\":0,\"data\":true,\"msg\":\"\"}', 10, NULL, '2025-05-11 11:35:32', NULL, '2025-05-11 11:35:32', b'0', 1);
INSERT INTO `pay_notify_log` VALUES (372328, 512, 1, '{\"code\":0,\"data\":true,\"msg\":\"\"}', 10, NULL, '2025-05-11 12:15:29', NULL, '2025-05-11 12:15:29', b'0', 1);
INSERT INTO `pay_notify_log` VALUES (372329, 513, 1, '{\"code\":0,\"data\":true,\"msg\":\"\"}', 10, NULL, '2025-05-11 12:21:47', NULL, '2025-05-11 12:21:47', b'0', 1);
INSERT INTO `pay_notify_log` VALUES (372330, 514, 1, '{\"code\":0,\"data\":true,\"msg\":\"\"}', 10, NULL, '2025-05-11 12:24:48', NULL, '2025-05-11 12:24:48', b'0', 1);
INSERT INTO `pay_notify_log` VALUES (372331, 515, 1, '{\"code\":0,\"data\":true,\"msg\":\"\"}', 10, NULL, '2025-05-11 12:26:09', NULL, '2025-05-11 12:26:09', b'0', 1);
INSERT INTO `pay_notify_log` VALUES (372332, 516, 1, '{\"code\":0,\"data\":true,\"msg\":\"\"}', 10, NULL, '2025-05-11 12:27:34', NULL, '2025-05-11 12:27:34', b'0', 1);
INSERT INTO `pay_notify_log` VALUES (372333, 517, 1, '{\"code\":0,\"data\":true,\"msg\":\"\"}', 10, NULL, '2025-05-11 12:28:42', NULL, '2025-05-11 12:28:42', b'0', 1);
INSERT INTO `pay_notify_log` VALUES (372334, 518, 1, '{\"code\":0,\"data\":true,\"msg\":\"\"}', 10, NULL, '2025-05-11 12:30:26', NULL, '2025-05-11 12:30:26', b'0', 1);
INSERT INTO `pay_notify_log` VALUES (372335, 519, 1, '{\"code\":0,\"data\":true,\"msg\":\"\"}', 10, NULL, '2025-05-11 12:31:22', NULL, '2025-05-11 12:31:22', b'0', 1);
INSERT INTO `pay_notify_log` VALUES (372336, 520, 1, '{\"code\":0,\"data\":true,\"msg\":\"\"}', 10, NULL, '2025-05-11 12:36:52', NULL, '2025-05-11 12:36:52', b'0', 1);
INSERT INTO `pay_notify_log` VALUES (372337, 521, 1, '{\"code\":0,\"data\":true,\"msg\":\"\"}', 10, NULL, '2025-05-11 16:27:27', NULL, '2025-05-11 16:27:27', b'0', 1);
INSERT INTO `pay_notify_log` VALUES (372338, 522, 1, '{\"code\":0,\"data\":true,\"msg\":\"\"}', 10, NULL, '2025-05-11 16:35:33', NULL, '2025-05-11 16:35:33', b'0', 1);
INSERT INTO `pay_notify_log` VALUES (372339, 523, 1, '{\"code\":0,\"data\":true,\"msg\":\"\"}', 10, NULL, '2025-05-11 17:04:02', NULL, '2025-05-11 17:04:02', b'0', 1);
INSERT INTO `pay_notify_log` VALUES (372340, 524, 1, '{\"code\":0,\"data\":true,\"msg\":\"\"}', 10, NULL, '2025-05-11 17:30:17', NULL, '2025-05-11 17:30:17', b'0', 1);
INSERT INTO `pay_notify_log` VALUES (372341, 525, 1, '{\"code\":0,\"data\":true,\"msg\":\"\"}', 10, NULL, '2025-05-11 17:32:52', NULL, '2025-05-11 17:32:52', b'0', 1);
INSERT INTO `pay_notify_log` VALUES (372342, 526, 1, '{\"code\":0,\"data\":true,\"msg\":\"\"}', 10, NULL, '2025-05-11 17:37:57', NULL, '2025-05-11 17:37:57', b'0', 1);
INSERT INTO `pay_notify_log` VALUES (372343, 527, 1, '{\"code\":0,\"data\":true,\"msg\":\"\"}', 10, NULL, '2025-05-11 17:43:00', NULL, '2025-05-11 17:43:00', b'0', 1);
INSERT INTO `pay_notify_log` VALUES (372344, 528, 1, '{\"code\":0,\"data\":true,\"msg\":\"\"}', 10, NULL, '2025-05-11 21:16:23', NULL, '2025-05-11 21:16:23', b'0', 1);
INSERT INTO `pay_notify_log` VALUES (372345, 529, 1, '{\"code\":0,\"data\":true,\"msg\":\"\"}', 10, NULL, '2025-05-11 23:00:54', NULL, '2025-05-11 23:00:54', b'0', 1);
INSERT INTO `pay_notify_log` VALUES (372346, 530, 1, '{\"code\":0,\"data\":true,\"msg\":\"\"}', 10, NULL, '2025-05-12 00:04:29', NULL, '2025-05-12 00:04:29', b'0', 1);
INSERT INTO `pay_notify_log` VALUES (372347, 531, 1, '{\"code\":0,\"data\":true,\"msg\":\"\"}', 10, NULL, '2025-05-12 23:01:11', NULL, '2025-05-12 23:01:11', b'0', 1);
INSERT INTO `pay_notify_log` VALUES (372348, 532, 1, '{\"code\":0,\"data\":true,\"msg\":\"\"}', 10, NULL, '2025-05-16 23:25:00', NULL, '2025-05-16 23:25:00', b'0', 1);
INSERT INTO `pay_notify_log` VALUES (372349, 533, 1, '{\"code\":0,\"data\":true,\"msg\":\"\"}', 10, NULL, '2025-05-16 23:25:03', NULL, '2025-05-16 23:25:03', b'0', 1);
INSERT INTO `pay_notify_log` VALUES (372350, 534, 1, '{\"code\":0,\"data\":true,\"msg\":\"\"}', 10, NULL, '2025-05-16 23:36:19', NULL, '2025-05-16 23:36:19', b'0', 1);
INSERT INTO `pay_notify_log` VALUES (372351, 535, 1, '{\"code\":0,\"data\":true,\"msg\":\"\"}', 10, NULL, '2025-05-16 23:36:22', NULL, '2025-05-16 23:36:22', b'0', 1);
INSERT INTO `pay_notify_log` VALUES (372352, 536, 1, '{\"code\":0,\"data\":true,\"msg\":\"\"}', 10, '1', '2025-07-27 19:06:25', '1', '2025-07-27 19:06:25', b'0', 1);
INSERT INTO `pay_notify_log` VALUES (372353, 537, 1, '{\"code\":0,\"data\":true,\"msg\":\"\"}', 10, '1', '2025-07-27 19:06:29', '1', '2025-07-27 19:06:29', b'0', 1);
INSERT INTO `pay_notify_log` VALUES (372354, 538, 1, '{\"code\":0,\"data\":true,\"msg\":\"\"}', 10, '247', '2025-07-27 19:10:20', '247', '2025-07-27 19:10:20', b'0', 1);
INSERT INTO `pay_notify_log` VALUES (372355, 539, 1, '{\"code\":1011000013,\"data\":null,\"msg\":\"交易订单更新支付状态失败，订单不是【未支付】状态\"}', 21, '247', '2025-07-27 19:15:06', '247', '2025-07-27 19:15:06', b'0', 1);

DROP TABLE IF EXISTS `pay_notify_task`;
CREATE TABLE `pay_notify_task`  (
  `id` int(10) NOT NULL AUTO_INCREMENT COMMENT '任务编号',
  `app_id` int(10) NOT NULL COMMENT '应用编号',
  `type` tinyint(4) NOT NULL COMMENT '通知类型',
  `data_id` int(10) NOT NULL COMMENT '数据编号',
  `merchant_order_id` varchar(64) CHARACTER SET utf8mb4 COLLATE utf8mb4_unicode_ci NULL DEFAULT NULL COMMENT '商户订单编号（商户系统生成）',
  `merchant_refund_id` varchar(64) CHARACTER SET utf8mb4 COLLATE utf8mb4_unicode_ci NULL DEFAULT NULL COMMENT '商户退款编号（商户系统生成）',
  `merchant_transfer_id` varchar(64) CHARACTER SET utf8mb4 COLLATE utf8mb4_unicode_ci NULL DEFAULT NULL COMMENT '商户转账编号（商户系统生成）',
  `status` tinyint(4) NOT NULL COMMENT '通知状态',
  `next_notify_time` datetime(0) NOT NULL DEFAULT CURRENT_TIMESTAMP COMMENT '下一次通知时间',
  `last_execute_time` datetime(0) NOT NULL DEFAULT CURRENT_TIMESTAMP COMMENT '最后一次执行时间',
  `notify_times` tinyint(4) NOT NULL COMMENT '当前通知次数',
  `max_notify_times` tinyint(4) NOT NULL COMMENT '最大可通知次数',
  `notify_url` varchar(1024) CHARACTER SET utf8mb4 COLLATE utf8mb4_unicode_ci NOT NULL COMMENT '异步通知商户地址',
  `creator` varchar(64) CHARACTER SET utf8mb4 COLLATE utf8mb4_unicode_ci NULL DEFAULT '' COMMENT '创建者',
  `create_time` datetime(0) NOT NULL DEFAULT CURRENT_TIMESTAMP COMMENT '创建时间',
  `updater` varchar(64) CHARACTER SET utf8mb4 COLLATE utf8mb4_unicode_ci NULL DEFAULT '' COMMENT '更新者',
  `update_time` datetime(0) NOT NULL DEFAULT CURRENT_TIMESTAMP ON UPDATE CURRENT_TIMESTAMP(0) COMMENT '更新时间',
  `deleted` tinyint(1) NOT NULL DEFAULT b'0' COMMENT '是否删除',
  `tenant_id` int(10) NOT NULL DEFAULT 0 COMMENT '租户编号',
  PRIMARY KEY (`id`) USING BTREE
) ENGINE = InnoDB AUTO_INCREMENT = 1 CHARACTER SET = utf8mb4 COLLATE = utf8mb4_unicode_ci COMMENT = '商户支付、退款等的通知\n' ROW_FORMAT = Dynamic;

DROP TABLE IF EXISTS `pay_order`;
CREATE TABLE `pay_order`  (
  `id` int(10) NOT NULL AUTO_INCREMENT COMMENT '支付订单编号',
  `app_id` int(10) NOT NULL COMMENT '应用编号',
  `channel_id` int(10) NULL DEFAULT NULL COMMENT '渠道编号',
  `channel_code` varchar(32) CHARACTER SET utf8mb4 COLLATE utf8mb4_unicode_ci NULL DEFAULT NULL COMMENT '渠道编码',
  `merchant_order_id` varchar(64) CHARACTER SET utf8mb4 COLLATE utf8mb4_unicode_ci NOT NULL COMMENT '商户订单编号',
  `subject` varchar(32) CHARACTER SET utf8mb4 COLLATE utf8mb4_unicode_ci NOT NULL COMMENT '商品标题',
  `body` varchar(128) CHARACTER SET utf8mb4 COLLATE utf8mb4_unicode_ci NOT NULL COMMENT '商品描述',
  `notify_url` varchar(1024) CHARACTER SET utf8mb4 COLLATE utf8mb4_unicode_ci NOT NULL COMMENT '异步通知地址',
  `price` int(10) NOT NULL COMMENT '支付金额，单位：分',
  `channel_fee_rate` double NULL DEFAULT 0 COMMENT '渠道手续费，单位：百分比',
  `channel_fee_price` int(10) NULL DEFAULT 0 COMMENT '渠道手续金额，单位：分',
  `status` tinyint(4) NOT NULL COMMENT '支付状态',
  `user_ip` varchar(50) CHARACTER SET utf8mb4 COLLATE utf8mb4_unicode_ci NOT NULL COMMENT '用户 IP',
  `expire_time` datetime(0) NOT NULL DEFAULT CURRENT_TIMESTAMP COMMENT '订单失效时间',
  `success_time` datetime(0) NULL DEFAULT CURRENT_TIMESTAMP COMMENT '订单支付成功时间',
  `extension_id` int(10) NULL DEFAULT NULL COMMENT '支付成功的订单拓展单编号',
  `no` varchar(64) CHARACTER SET utf8mb4 COLLATE utf8mb4_unicode_ci NULL DEFAULT NULL COMMENT '支付订单号',
  `refund_price` int(10) NOT NULL COMMENT '退款总金额，单位：分',
  `channel_user_id` varchar(255) CHARACTER SET utf8mb4 COLLATE utf8mb4_unicode_ci NULL DEFAULT NULL COMMENT '渠道用户编号',
  `channel_order_no` varchar(64) CHARACTER SET utf8mb4 COLLATE utf8mb4_unicode_ci NULL DEFAULT NULL COMMENT '渠道订单号',
  `creator` varchar(64) CHARACTER SET utf8mb4 COLLATE utf8mb4_unicode_ci NULL DEFAULT '' COMMENT '创建者',
  `create_time` datetime(0) NOT NULL DEFAULT CURRENT_TIMESTAMP COMMENT '创建时间',
  `updater` varchar(64) CHARACTER SET utf8mb4 COLLATE utf8mb4_unicode_ci NULL DEFAULT '' COMMENT '更新者',
  `update_time` datetime(0) NOT NULL DEFAULT CURRENT_TIMESTAMP ON UPDATE CURRENT_TIMESTAMP(0) COMMENT '更新时间',
  `deleted` tinyint(1) NOT NULL DEFAULT b'0' COMMENT '是否删除',
  `tenant_id` int(10) NOT NULL DEFAULT 0 COMMENT '租户编号',
  PRIMARY KEY (`id`) USING BTREE
) ENGINE = InnoDB AUTO_INCREMENT = 3 CHARACTER SET = utf8mb4 COLLATE = utf8mb4_unicode_ci COMMENT = '支付订单\n' ROW_FORMAT = Dynamic;

INSERT INTO `pay_order` VALUES (1, 1, 2, 'mock', '222', '积分测试商品', '积分测试商品', 'http://127.0.0.1:48080/app-api/trade/order/update-paid', 100, 0, 0, 10, '192.168.12.3', '2025-07-26 22:18:08', '2025-07-26 20:40:21', 2, 'P202507262040101', 0, '', 'MOCK-P-P202507262040101', '285', '2025-07-26 20:18:08', '285', '2025-07-26 20:40:23', b'0', 1);
INSERT INTO `pay_order` VALUES (2, 8, 3, 'mock', '1', '钱包余额充值', '', 'http://127.0.0.1:48080/admin-api/pay/wallet-recharge/update-paid', 11100, 0, 0, 10, '192.168.12.3', '2025-07-26 22:54:23', '2025-07-26 20:54:35', 3, 'P202507262054351', 0, '', 'MOCK-P-P202507262054351', '285', '2025-07-26 20:54:23', '285', '2025-07-26 20:54:35', b'0', 1);

DROP TABLE IF EXISTS `pay_order_extension`;
CREATE TABLE `pay_order_extension`  (
  `id` int(10) NOT NULL AUTO_INCREMENT COMMENT '支付订单编号',
  `no` varchar(64) CHARACTER SET utf8mb4 COLLATE utf8mb4_unicode_ci NOT NULL COMMENT '支付订单号',
  `order_id` int(10) NOT NULL COMMENT '支付订单编号',
  `channel_id` int(10) NOT NULL COMMENT '渠道编号',
  `channel_code` varchar(32) CHARACTER SET utf8mb4 COLLATE utf8mb4_unicode_ci NOT NULL COMMENT '渠道编码',
  `user_ip` varchar(50) CHARACTER SET utf8mb4 COLLATE utf8mb4_unicode_ci NOT NULL COMMENT '用户 IP',
  `status` tinyint(4) NOT NULL COMMENT '支付状态',
  `channel_extras` varchar(256) CHARACTER SET utf8mb4 COLLATE utf8mb4_unicode_ci NULL DEFAULT NULL COMMENT '支付渠道的额外参数',
  `channel_error_code` varchar(128) CHARACTER SET utf8mb4 COLLATE utf8mb4_unicode_ci NULL DEFAULT NULL COMMENT '渠道调用报错时，错误码',
  `channel_error_msg` varchar(256) CHARACTER SET utf8mb4 COLLATE utf8mb4_unicode_ci NULL DEFAULT NULL COMMENT '渠道调用报错时，错误信息',
  `channel_notify_data` varchar(4096) CHARACTER SET utf8mb4 COLLATE utf8mb4_unicode_ci NULL DEFAULT NULL COMMENT '支付渠道异步通知的内容',
  `creator` varchar(64) CHARACTER SET utf8mb4 COLLATE utf8mb4_unicode_ci NULL DEFAULT '' COMMENT '创建者',
  `create_time` datetime(0) NOT NULL DEFAULT CURRENT_TIMESTAMP COMMENT '创建时间',
  `updater` varchar(64) CHARACTER SET utf8mb4 COLLATE utf8mb4_unicode_ci NULL DEFAULT '' COMMENT '更新者',
  `update_time` datetime(0) NOT NULL DEFAULT CURRENT_TIMESTAMP ON UPDATE CURRENT_TIMESTAMP(0) COMMENT '更新时间',
  `deleted` tinyint(1) NOT NULL DEFAULT b'0' COMMENT '是否删除',
  `tenant_id` int(10) NOT NULL DEFAULT 0 COMMENT '租户编号',
  PRIMARY KEY (`id`) USING BTREE
) ENGINE = InnoDB AUTO_INCREMENT = 4 CHARACTER SET = utf8mb4 COLLATE = utf8mb4_unicode_ci COMMENT = '支付订单\n' ROW_FORMAT = Dynamic;

INSERT INTO `pay_order_extension` VALUES (1, 'P202507262025111', 1, 1, 'wx_lite', '192.168.12.3', 30, '{\"openid\":\"oc9Il7f3S6lGOb5WAWRTZYmZvT9s\"}', 'FAIL', 'mch_id参数格式错误', '{\"status\":30,\"outTradeNo\":\"P202507262025111\",\"channelOrderNo\":null,\"channelUserId\":null,\"successTime\":null,\"rawData\":\"<xml><return_code><![CDATA[FAIL]]></return_code><return_msg><![CDATA[mch_id参数格式错误]]></return_msg></xml>\",\"displayMode\":null,\"displayContent\":null,\"channelErrorCode\":\"FAIL\",\"channelErrorMsg\":\"mch_id参数格式错误\"}', '285', '2025-07-26 20:25:11', '285', '2025-07-26 20:25:11', b'0', 1);
INSERT INTO `pay_order_extension` VALUES (2, 'P202507262040101', 1, 2, 'mock', '192.168.12.3', 10, '{}', NULL, NULL, '{\"status\":10,\"outTradeNo\":\"P202507262040101\",\"channelOrderNo\":\"MOCK-P-P202507262040101\",\"channelUserId\":\"\",\"successTime\":1753533620676,\"rawData\":\"MOCK_SUCCESS\",\"displayMode\":null,\"displayContent\":null,\"channelErrorCode\":null,\"channelErrorMsg\":null}', '285', '2025-07-26 20:40:14', '285', '2025-07-26 20:40:23', b'0', 1);
INSERT INTO `pay_order_extension` VALUES (3, 'P202507262054351', 2, 3, 'mock', '192.168.12.3', 10, '{}', NULL, NULL, '{\"status\":10,\"outTradeNo\":\"P202507262054351\",\"channelOrderNo\":\"MOCK-P-P202507262054351\",\"channelUserId\":\"\",\"successTime\":1753534475084,\"rawData\":\"MOCK_SUCCESS\",\"displayMode\":null,\"displayContent\":null,\"channelErrorCode\":null,\"channelErrorMsg\":null}', '285', '2025-07-26 20:54:35', '285', '2025-07-26 20:54:35', b'0', 1);

DROP TABLE IF EXISTS `pay_refund`;
CREATE TABLE `pay_refund`  (
  `id` int(10) NOT NULL AUTO_INCREMENT COMMENT '支付退款编号',
  `no` varchar(64) CHARACTER SET utf8mb4 COLLATE utf8mb4_unicode_ci NOT NULL COMMENT '退款单号',
  `app_id` int(10) NOT NULL COMMENT '应用编号',
  `channel_id` int(10) NOT NULL COMMENT '渠道编号',
  `channel_code` varchar(32) CHARACTER SET utf8mb4 COLLATE utf8mb4_unicode_ci NOT NULL COMMENT '渠道编码',
  `order_id` int(10) NOT NULL COMMENT '支付订单编号 pay_order 表id',
  `order_no` varchar(64) CHARACTER SET utf8mb4 COLLATE utf8mb4_unicode_ci NOT NULL COMMENT '支付订单 no',
  `merchant_order_id` varchar(64) CHARACTER SET utf8mb4 COLLATE utf8mb4_unicode_ci NOT NULL COMMENT '商户订单编号（商户系统生成）',
  `merchant_refund_id` varchar(64) CHARACTER SET utf8mb4 COLLATE utf8mb4_unicode_ci NOT NULL COMMENT '商户退款订单号（商户系统生成）',
  `notify_url` varchar(1024) CHARACTER SET utf8mb4 COLLATE utf8mb4_unicode_ci NOT NULL COMMENT '异步通知商户地址',
  `status` tinyint(4) NOT NULL COMMENT '退款状态',
  `pay_price` int(10) NOT NULL COMMENT '支付金额,单位分',
  `refund_price` int(10) NOT NULL COMMENT '退款金额,单位分',
  `reason` varchar(256) CHARACTER SET utf8mb4 COLLATE utf8mb4_unicode_ci NOT NULL COMMENT '退款原因',
  `user_ip` varchar(50) CHARACTER SET utf8mb4 COLLATE utf8mb4_unicode_ci NULL DEFAULT NULL COMMENT '用户 IP',
  `channel_order_no` varchar(64) CHARACTER SET utf8mb4 COLLATE utf8mb4_unicode_ci NOT NULL COMMENT '渠道订单号，pay_order 中的 channel_order_no 对应',
  `channel_refund_no` varchar(64) CHARACTER SET utf8mb4 COLLATE utf8mb4_unicode_ci NULL DEFAULT NULL COMMENT '渠道退款单号，渠道返回',
  `success_time` datetime(0) NULL DEFAULT NULL COMMENT '退款成功时间',
  `channel_error_code` varchar(128) CHARACTER SET utf8mb4 COLLATE utf8mb4_unicode_ci NULL DEFAULT NULL COMMENT '渠道调用报错时，错误码',
  `channel_error_msg` varchar(256) CHARACTER SET utf8mb4 COLLATE utf8mb4_unicode_ci NULL DEFAULT NULL COMMENT '渠道调用报错时，错误信息',
  `channel_notify_data` varchar(4096) CHARACTER SET utf8mb4 COLLATE utf8mb4_unicode_ci NULL DEFAULT NULL COMMENT '支付渠道异步通知的内容',
  `creator` varchar(64) CHARACTER SET utf8mb4 COLLATE utf8mb4_unicode_ci NULL DEFAULT '' COMMENT '创建者',
  `create_time` datetime(0) NOT NULL DEFAULT CURRENT_TIMESTAMP COMMENT '创建时间',
  `updater` varchar(64) CHARACTER SET utf8mb4 COLLATE utf8mb4_unicode_ci NULL DEFAULT '' COMMENT '更新者',
  `update_time` datetime(0) NOT NULL DEFAULT CURRENT_TIMESTAMP ON UPDATE CURRENT_TIMESTAMP(0) COMMENT '更新时间',
  `deleted` tinyint(1) NOT NULL DEFAULT b'0' COMMENT '是否删除',
  `tenant_id` int(10) NOT NULL DEFAULT 0 COMMENT '租户编号',
  PRIMARY KEY (`id`) USING BTREE
) ENGINE = InnoDB AUTO_INCREMENT = 1 CHARACTER SET = utf8mb4 COLLATE = utf8mb4_unicode_ci COMMENT = '退款订单' ROW_FORMAT = Dynamic;

DROP TABLE IF EXISTS `pay_transfer`;
CREATE TABLE `pay_transfer`  (
  `id` int(10) NOT NULL AUTO_INCREMENT COMMENT '编号',
  `no` varchar(64) CHARACTER SET utf8mb4 COLLATE utf8mb4_unicode_ci NOT NULL COMMENT '转账单号',
  `app_id` int(10) NOT NULL COMMENT '应用编号',
  `channel_id` int(10) NOT NULL COMMENT '转账渠道编号',
  `channel_code` varchar(32) CHARACTER SET utf8mb4 COLLATE utf8mb4_unicode_ci NOT NULL COMMENT '转账渠道编码',
  `merchant_transfer_id` varchar(64) CHARACTER SET utf8mb4 COLLATE utf8mb4_unicode_ci NOT NULL COMMENT '商户转账单编号',
  `type` int(11) NOT NULL COMMENT '类型',
  `status` tinyint(4) NOT NULL COMMENT '转账状态',
  `success_time` datetime(0) NULL DEFAULT NULL COMMENT '转账成功时间',
  `price` int(11) NOT NULL COMMENT '转账金额，单位：分',
  `subject` varchar(512) CHARACTER SET utf8mb4 COLLATE utf8mb4_unicode_ci NOT NULL COMMENT '转账标题',
  `user_name` varchar(64) CHARACTER SET utf8mb4 COLLATE utf8mb4_unicode_ci NULL DEFAULT NULL COMMENT '收款人姓名',
  `alipay_logon_id` varchar(64) CHARACTER SET utf8mb4 COLLATE utf8mb4_unicode_ci NULL DEFAULT NULL COMMENT '支付宝登录号',
  `openid` varchar(64) CHARACTER SET utf8mb4 COLLATE utf8mb4_unicode_ci NULL DEFAULT NULL COMMENT '微信 openId',
  `notify_url` varchar(1024) CHARACTER SET utf8mb4 COLLATE utf8mb4_unicode_ci NOT NULL COMMENT '异步通知商户地址',
  `user_ip` varchar(50) CHARACTER SET utf8mb4 COLLATE utf8mb4_unicode_ci NOT NULL COMMENT '用户 IP',
  `channel_extras` varchar(512) CHARACTER SET utf8mb4 COLLATE utf8mb4_unicode_ci NULL DEFAULT NULL COMMENT '渠道的额外参数',
  `channel_transfer_no` varchar(64) CHARACTER SET utf8mb4 COLLATE utf8mb4_unicode_ci NULL DEFAULT NULL COMMENT '渠道转账单号',
  `channel_error_code` varchar(128) CHARACTER SET utf8mb4 COLLATE utf8mb4_unicode_ci NULL DEFAULT NULL COMMENT '调用渠道的错误码',
  `channel_error_msg` varchar(256) CHARACTER SET utf8mb4 COLLATE utf8mb4_unicode_ci NULL DEFAULT NULL COMMENT '调用渠道的错误提示',
  `channel_notify_data` varchar(4096) CHARACTER SET utf8mb4 COLLATE utf8mb4_unicode_ci NULL DEFAULT NULL COMMENT '渠道的同步/异步通知的内容',
  `creator` varchar(64) CHARACTER SET utf8mb4 COLLATE utf8mb4_unicode_ci NULL DEFAULT '' COMMENT '创建者',
  `create_time` datetime(0) NOT NULL DEFAULT CURRENT_TIMESTAMP COMMENT '创建时间',
  `updater` varchar(64) CHARACTER SET utf8mb4 COLLATE utf8mb4_unicode_ci NULL DEFAULT '' COMMENT '更新者',
  `update_time` datetime(0) NOT NULL DEFAULT CURRENT_TIMESTAMP ON UPDATE CURRENT_TIMESTAMP(0) COMMENT '更新时间',
  `deleted` tinyint(1) NOT NULL DEFAULT b'0' COMMENT '是否删除',
  `tenant_id` int(10) NOT NULL DEFAULT 0 COMMENT '租户编号',
  PRIMARY KEY (`id`) USING BTREE
) ENGINE = InnoDB AUTO_INCREMENT = 1 CHARACTER SET = utf8mb4 COLLATE = utf8mb4_unicode_ci COMMENT = '转账单表' ROW_FORMAT = Dynamic;

DROP TABLE IF EXISTS `pay_wallet`;
CREATE TABLE `pay_wallet`  (
  `id` int(10) NOT NULL AUTO_INCREMENT COMMENT '编号',
  `user_id` int(10) NOT NULL COMMENT '用户编号',
  `user_type` tinyint(4) NOT NULL DEFAULT 0 COMMENT '用户类型',
  `balance` int(11) NOT NULL DEFAULT 0 COMMENT '余额，单位分',
  `total_expense` int(11) NOT NULL DEFAULT 0 COMMENT '累计支出，单位分',
  `total_recharge` int(11) NOT NULL DEFAULT 0 COMMENT '累计充值，单位分',
  `freeze_price` int(11) NOT NULL DEFAULT 0 COMMENT '冻结金额，单位分',
  `creator` varchar(64) CHARACTER SET utf8mb4 COLLATE utf8mb4_unicode_ci NULL DEFAULT '' COMMENT '创建者',
  `create_time` datetime(0) NOT NULL DEFAULT CURRENT_TIMESTAMP COMMENT '创建时间',
  `updater` varchar(64) CHARACTER SET utf8mb4 COLLATE utf8mb4_unicode_ci NULL DEFAULT '' COMMENT '更新者',
  `update_time` datetime(0) NOT NULL DEFAULT CURRENT_TIMESTAMP ON UPDATE CURRENT_TIMESTAMP(0) COMMENT '更新时间',
  `deleted` tinyint(1) NOT NULL DEFAULT b'0' COMMENT '是否删除',
  `tenant_id` int(10) NOT NULL DEFAULT 0 COMMENT '租户编号',
  PRIMARY KEY (`id`) USING BTREE
) ENGINE = InnoDB AUTO_INCREMENT = 2 CHARACTER SET = utf8mb4 COLLATE = utf8mb4_unicode_ci COMMENT = '会员钱包表' ROW_FORMAT = Dynamic;

INSERT INTO `pay_wallet` VALUES (1, 285, 1, 1000000, 0, 0, 0, '1', '2025-07-26 20:04:25', '1', '2025-07-26 20:06:41', b'0', 1);

DROP TABLE IF EXISTS `pay_wallet_recharge`;
CREATE TABLE `pay_wallet_recharge`  (
  `id` int(10) NOT NULL AUTO_INCREMENT COMMENT '编号',
  `wallet_id` int(10) NOT NULL COMMENT '会员钱包 id',
  `total_price` int(11) NOT NULL COMMENT '用户实际到账余额，例如充 100 送 20，则该值是 120',
  `pay_price` int(11) NOT NULL COMMENT '实际支付金额',
  `bonus_price` int(11) NOT NULL COMMENT '钱包赠送金额',
  `package_id` int(10) NULL DEFAULT NULL COMMENT '充值套餐编号',
  `pay_status` tinyint(1) NOT NULL DEFAULT b'0' COMMENT '是否已支付：[0:未支付 1:已经支付过]',
  `pay_order_id` int(10) NULL DEFAULT NULL COMMENT '支付订单编号',
  `pay_channel_code` varchar(16) CHARACTER SET utf8mb4 COLLATE utf8mb4_unicode_ci NULL DEFAULT NULL COMMENT '支付成功的支付渠道',
  `pay_time` datetime(0) NULL DEFAULT NULL COMMENT '订单支付时间',
  `pay_refund_id` int(10) NULL DEFAULT NULL COMMENT '支付退款单编号',
  `refund_total_price` int(11) NOT NULL DEFAULT 0 COMMENT '退款金额，包含赠送金额',
  `refund_pay_price` int(11) NOT NULL DEFAULT 0 COMMENT '退款支付金额',
  `refund_bonus_price` int(11) NOT NULL DEFAULT 0 COMMENT '退款钱包赠送金额',
  `refund_time` datetime(0) NULL DEFAULT NULL COMMENT '退款时间',
  `refund_status` int(11) NOT NULL DEFAULT 0 COMMENT '退款状态',
  `creator` varchar(64) CHARACTER SET utf8mb4 COLLATE utf8mb4_unicode_ci NULL DEFAULT '' COMMENT '创建者',
  `create_time` datetime(0) NOT NULL DEFAULT CURRENT_TIMESTAMP COMMENT '创建时间',
  `updater` varchar(64) CHARACTER SET utf8mb4 COLLATE utf8mb4_unicode_ci NULL DEFAULT '' COMMENT '更新者',
  `update_time` datetime(0) NOT NULL DEFAULT CURRENT_TIMESTAMP ON UPDATE CURRENT_TIMESTAMP(0) COMMENT '更新时间',
  `deleted` tinyint(1) NOT NULL DEFAULT b'0' COMMENT '是否删除',
  `tenant_id` int(10) NOT NULL DEFAULT 0 COMMENT '租户编号',
  PRIMARY KEY (`id`) USING BTREE
) ENGINE = InnoDB AUTO_INCREMENT = 2 CHARACTER SET = utf8mb4 COLLATE = utf8mb4_unicode_ci COMMENT = '会员钱包充值' ROW_FORMAT = Dynamic;

INSERT INTO `pay_wallet_recharge` VALUES (1, 1, 11100, 11100, 0, NULL, b'0', 2, NULL, NULL, NULL, 0, 0, 0, NULL, 0, '285', '2025-07-26 20:54:23', '285', '2025-07-26 20:54:23', b'0', 1);

DROP TABLE IF EXISTS `pay_wallet_recharge_package`;
CREATE TABLE `pay_wallet_recharge_package`  (
  `id` int(10) NOT NULL AUTO_INCREMENT COMMENT '编号',
  `name` varchar(64) CHARACTER SET utf8mb4 COLLATE utf8mb4_unicode_ci NOT NULL COMMENT '套餐名',
  `pay_price` int(11) NOT NULL COMMENT '支付金额',
  `bonus_price` int(11) NOT NULL COMMENT '赠送金额',
  `status` tinyint(4) NOT NULL COMMENT '状态',
  `creator` varchar(64) CHARACTER SET utf8mb4 COLLATE utf8mb4_bin NULL DEFAULT '' COMMENT '创建者',
  `create_time` datetime(0) NOT NULL DEFAULT CURRENT_TIMESTAMP COMMENT '创建时间',
  `updater` varchar(64) CHARACTER SET utf8mb4 COLLATE utf8mb4_unicode_ci NULL DEFAULT '' COMMENT '更新者',
  `update_time` datetime(0) NOT NULL DEFAULT CURRENT_TIMESTAMP ON UPDATE CURRENT_TIMESTAMP(0) COMMENT '更新时间',
  `deleted` tinyint(1) NOT NULL DEFAULT b'0' COMMENT '是否删除',
  `tenant_id` int(10) NOT NULL DEFAULT 0 COMMENT '租户编号',
  PRIMARY KEY (`id`) USING BTREE
) ENGINE = InnoDB AUTO_INCREMENT = 1 CHARACTER SET = utf8mb4 COLLATE = utf8mb4_unicode_ci COMMENT = '充值套餐表' ROW_FORMAT = Dynamic;

DROP TABLE IF EXISTS `pay_wallet_transaction`;
CREATE TABLE `pay_wallet_transaction`  (
  `id` int(10) NOT NULL AUTO_INCREMENT COMMENT '编号',
  `wallet_id` int(10) NOT NULL COMMENT '会员钱包 id',
  `biz_type` tinyint(4) NOT NULL COMMENT '关联类型',
  `biz_id` varchar(64) CHARACTER SET utf8mb4 COLLATE utf8mb4_unicode_ci NOT NULL COMMENT '关联业务编号',
  `no` varchar(64) CHARACTER SET utf8mb4 COLLATE utf8mb4_unicode_ci NOT NULL COMMENT '流水号',
  `title` varchar(128) CHARACTER SET utf8mb4 COLLATE utf8mb4_unicode_ci NOT NULL COMMENT '流水标题',
  `price` int(11) NOT NULL COMMENT '交易金额, 单位分',
  `balance` int(11) NOT NULL COMMENT '余额, 单位分',
  `creator` varchar(64) CHARACTER SET utf8mb4 COLLATE utf8mb4_unicode_ci NULL DEFAULT '' COMMENT '创建者',
  `create_time` datetime(0) NOT NULL DEFAULT CURRENT_TIMESTAMP COMMENT '创建时间',
  `updater` varchar(64) CHARACTER SET utf8mb4 COLLATE utf8mb4_unicode_ci NULL DEFAULT '' COMMENT '更新者',
  `update_time` datetime(0) NOT NULL DEFAULT CURRENT_TIMESTAMP ON UPDATE CURRENT_TIMESTAMP(0) COMMENT '更新时间',
  `deleted` tinyint(1) NOT NULL DEFAULT b'0' COMMENT '是否删除',
  `tenant_id` int(10) NOT NULL DEFAULT 0 COMMENT '租户编号',
  PRIMARY KEY (`id`) USING BTREE
) ENGINE = InnoDB AUTO_INCREMENT = 2 CHARACTER SET = utf8mb4 COLLATE = utf8mb4_unicode_ci COMMENT = '会员钱包流水表' ROW_FORMAT = Dynamic;

INSERT INTO `pay_wallet_transaction` VALUES (1, 1, 5, '285', 'W202507262006411', '更新余额', 1000000, 1000000, '1', '2025-07-26 20:06:41', '1', '2025-07-26 20:06:41', b'0', 1);

DROP TABLE IF EXISTS `product_brand`;
CREATE TABLE `product_brand`  (
  `id` int(10) NOT NULL AUTO_INCREMENT COMMENT '品牌编号',
  `name` varchar(255) CHARACTER SET utf8mb4 COLLATE utf8mb4_unicode_ci NOT NULL COMMENT '品牌名称',
  `pic_url` varchar(255) CHARACTER SET utf8mb4 COLLATE utf8mb4_unicode_ci NOT NULL COMMENT '品牌图片',
  `sort` int(11) NULL DEFAULT 0 COMMENT '品牌排序',
  `description` varchar(1024) CHARACTER SET utf8mb4 COLLATE utf8mb4_unicode_ci NULL DEFAULT NULL COMMENT '品牌描述',
  `status` tinyint(4) NOT NULL COMMENT '状态',
  `creator` varchar(64) CHARACTER SET utf8mb4 COLLATE utf8mb4_unicode_ci NULL DEFAULT '' COMMENT '创建者',
  `create_time` datetime(0) NOT NULL DEFAULT CURRENT_TIMESTAMP COMMENT '创建时间',
  `updater` varchar(64) CHARACTER SET utf8mb4 COLLATE utf8mb4_unicode_ci NULL DEFAULT '' COMMENT '更新者',
  `update_time` datetime(0) NOT NULL DEFAULT CURRENT_TIMESTAMP ON UPDATE CURRENT_TIMESTAMP(0) COMMENT '更新时间',
  `deleted` tinyint(1) NOT NULL DEFAULT b'0' COMMENT '是否删除',
  `tenant_id` int(10) NOT NULL DEFAULT 0 COMMENT '租户编号',
  PRIMARY KEY (`id`) USING BTREE
) ENGINE = InnoDB AUTO_INCREMENT = 4 CHARACTER SET = utf8mb4 COLLATE = utf8mb4_unicode_ci COMMENT = '商品品牌' ROW_FORMAT = Dynamic;

INSERT INTO `product_brand` VALUES (1, '苹果', 'http://127.0.0.1:48080/admin-api/infra/file/4/get/047b5ef63a1b72ff5bfff423e4973c6a4821c8bf56dac6b0aa5972f50c2645d4.png', 1, '是上市', 0, '1', '2022-07-30 22:12:18', '1', '2023-08-31 14:26:05', b'0', 1);
INSERT INTO `product_brand` VALUES (2, '华为', 'http://127.0.0.1:48080/admin-api/infra/file/4/get/6a14445c06448a4133b74d5e67bbe32dfc4d0022cbef44e3d0669407bf18db15.png', 0, '遥遥领先', 0, '1', '2023-08-31 14:26:00', '1', '2023-08-31 14:26:00', b'0', 1);
INSERT INTO `product_brand` VALUES (3, '索尼', 'http://127.0.0.1:48080/admin-api/infra/file/4/get/f5b7a536306cd1180a42a2211a8212dc23de6b949d30c30d036caa063042f928.png', 2, '<p>xxx</p>', 0, '1', '2023-08-31 14:39:58', '1', '2024-07-21 10:23:16', b'0', 1);

DROP TABLE IF EXISTS `product_browse_history`;
CREATE TABLE `product_browse_history`  (
  `id` int(10) NOT NULL AUTO_INCREMENT COMMENT '记录编号',
  `user_id` int(10) NOT NULL COMMENT '用户编号',
  `spu_id` int(10) NOT NULL COMMENT '商品 SPU 编号',
  `user_deleted` tinyint(1) NOT NULL DEFAULT b'0' COMMENT '用户是否删除',
  `creator` varchar(64) CHARACTER SET utf8mb4 COLLATE utf8mb4_unicode_ci NULL DEFAULT '' COMMENT '创建者',
  `create_time` datetime(0) NOT NULL DEFAULT CURRENT_TIMESTAMP COMMENT '创建时间',
  `updater` varchar(64) CHARACTER SET utf8mb4 COLLATE utf8mb4_unicode_ci NULL DEFAULT '' COMMENT '更新者',
  `update_time` datetime(0) NOT NULL DEFAULT CURRENT_TIMESTAMP ON UPDATE CURRENT_TIMESTAMP(0) COMMENT '更新时间',
  `deleted` tinyint(1) NOT NULL DEFAULT b'0' COMMENT '是否删除',
  `tenant_id` int(10) NOT NULL DEFAULT 0 COMMENT '租户编号',
  PRIMARY KEY (`id`) USING BTREE,
  INDEX `idx_spuId`(`spu_id`) USING BTREE,
  INDEX `idx_userId`(`user_id`) USING BTREE
) ENGINE = InnoDB AUTO_INCREMENT = 1746 CHARACTER SET = utf8mb4 COLLATE = utf8mb4_unicode_ci COMMENT = '商品浏览记录表' ROW_FORMAT = Dynamic;

INSERT INTO `product_browse_history` VALUES (251, 247, 634, b'0', NULL, '2024-09-07 11:37:24', NULL, '2024-09-07 11:37:24', b'1', 1);
INSERT INTO `product_browse_history` VALUES (252, 247, 633, b'0', NULL, '2024-09-07 11:38:15', NULL, '2024-09-07 11:38:15', b'1', 1);
INSERT INTO `product_browse_history` VALUES (253, 247, 633, b'0', NULL, '2024-09-07 13:24:17', NULL, '2024-09-07 13:24:17', b'1', 1);
INSERT INTO `product_browse_history` VALUES (254, 247, 633, b'0', NULL, '2024-09-07 17:25:40', NULL, '2024-09-07 17:25:40', b'1', 1);
INSERT INTO `product_browse_history` VALUES (255, 247, 640, b'0', NULL, '2024-09-07 18:53:36', NULL, '2024-09-07 18:53:36', b'1', 1);
INSERT INTO `product_browse_history` VALUES (256, 247, 633, b'0', NULL, '2024-09-13 19:18:04', NULL, '2024-09-13 19:18:04', b'1', 1);
INSERT INTO `product_browse_history` VALUES (257, 247, 633, b'0', NULL, '2024-09-16 08:25:23', NULL, '2024-09-16 08:25:23', b'1', 1);
INSERT INTO `product_browse_history` VALUES (258, 247, 633, b'0', NULL, '2024-09-16 09:03:44', NULL, '2024-09-16 09:03:44', b'1', 1);
INSERT INTO `product_browse_history` VALUES (259, 247, 633, b'0', NULL, '2024-09-16 09:03:46', NULL, '2024-09-16 09:03:46', b'1', 1);
INSERT INTO `product_browse_history` VALUES (260, 247, 633, b'0', NULL, '2024-09-16 09:03:48', NULL, '2024-09-16 09:03:48', b'1', 1);
INSERT INTO `product_browse_history` VALUES (261, 247, 633, b'0', NULL, '2024-09-16 09:37:53', NULL, '2024-09-16 09:37:53', b'1', 1);
INSERT INTO `product_browse_history` VALUES (262, 247, 633, b'0', NULL, '2024-09-16 09:41:34', NULL, '2024-09-16 09:41:34', b'1', 1);
INSERT INTO `product_browse_history` VALUES (263, 247, 633, b'0', NULL, '2024-09-16 09:42:11', NULL, '2024-09-16 09:42:11', b'1', 1);
INSERT INTO `product_browse_history` VALUES (264, 247, 633, b'0', NULL, '2024-09-16 09:44:22', NULL, '2024-09-16 09:44:22', b'1', 1);
INSERT INTO `product_browse_history` VALUES (265, 247, 633, b'0', NULL, '2024-09-16 09:45:00', NULL, '2024-09-16 09:45:00', b'1', 1);
INSERT INTO `product_browse_history` VALUES (266, 247, 633, b'0', NULL, '2024-09-16 09:58:26', NULL, '2024-09-16 09:58:26', b'1', 1);
INSERT INTO `product_browse_history` VALUES (267, 247, 633, b'0', NULL, '2024-09-16 09:58:29', NULL, '2024-09-16 09:58:29', b'1', 1);
INSERT INTO `product_browse_history` VALUES (268, 247, 633, b'0', NULL, '2024-09-16 09:58:39', NULL, '2024-09-16 09:58:39', b'1', 1);
INSERT INTO `product_browse_history` VALUES (269, 247, 633, b'0', NULL, '2024-09-16 09:58:44', NULL, '2024-09-16 09:58:44', b'1', 1);
INSERT INTO `product_browse_history` VALUES (270, 247, 633, b'0', NULL, '2024-09-16 09:58:46', NULL, '2024-09-16 09:58:46', b'1', 1);
INSERT INTO `product_browse_history` VALUES (271, 247, 633, b'0', NULL, '2024-09-16 09:58:59', NULL, '2024-09-16 09:58:59', b'1', 1);
INSERT INTO `product_browse_history` VALUES (272, 247, 633, b'0', NULL, '2024-09-16 09:59:02', NULL, '2024-09-16 09:59:02', b'1', 1);
INSERT INTO `product_browse_history` VALUES (273, 247, 633, b'0', NULL, '2024-09-16 09:59:23', NULL, '2024-09-16 09:59:23', b'1', 1);
INSERT INTO `product_browse_history` VALUES (274, 247, 633, b'0', NULL, '2024-09-16 09:59:27', NULL, '2024-09-16 09:59:27', b'1', 1);
INSERT INTO `product_browse_history` VALUES (275, 247, 633, b'0', NULL, '2024-09-16 09:59:39', NULL, '2024-09-16 09:59:39', b'1', 1);
INSERT INTO `product_browse_history` VALUES (276, 247, 633, b'0', NULL, '2024-09-16 10:23:20', NULL, '2024-09-16 10:23:20', b'1', 1);
INSERT INTO `product_browse_history` VALUES (277, 247, 633, b'0', NULL, '2024-09-16 10:24:47', NULL, '2024-09-16 10:24:47', b'1', 1);
INSERT INTO `product_browse_history` VALUES (278, 247, 633, b'0', NULL, '2024-09-16 10:25:43', NULL, '2024-09-16 10:25:43', b'1', 1);
INSERT INTO `product_browse_history` VALUES (279, 247, 633, b'0', NULL, '2024-09-16 10:26:22', NULL, '2024-09-16 10:26:22', b'1', 1);
INSERT INTO `product_browse_history` VALUES (280, 247, 633, b'0', NULL, '2024-09-16 10:27:17', NULL, '2024-09-16 10:27:17', b'1', 1);
INSERT INTO `product_browse_history` VALUES (281, 247, 633, b'0', NULL, '2024-09-16 10:27:51', NULL, '2024-09-16 10:27:51', b'1', 1);
INSERT INTO `product_browse_history` VALUES (282, 247, 633, b'0', NULL, '2024-09-16 10:27:54', NULL, '2024-09-16 10:27:54', b'1', 1);
INSERT INTO `product_browse_history` VALUES (283, 247, 633, b'0', NULL, '2024-09-16 10:30:43', NULL, '2024-09-16 10:30:43', b'1', 1);
INSERT INTO `product_browse_history` VALUES (284, 247, 633, b'0', NULL, '2024-09-16 10:30:44', NULL, '2024-09-16 10:30:44', b'1', 1);
INSERT INTO `product_browse_history` VALUES (285, 247, 633, b'0', NULL, '2024-09-16 10:46:26', NULL, '2024-09-16 10:46:26', b'1', 1);
INSERT INTO `product_browse_history` VALUES (286, 247, 633, b'0', NULL, '2024-09-16 10:49:07', NULL, '2024-09-16 10:49:07', b'1', 1);
INSERT INTO `product_browse_history` VALUES (287, 247, 633, b'0', NULL, '2024-09-16 10:58:35', NULL, '2024-09-16 10:58:35', b'1', 1);
INSERT INTO `product_browse_history` VALUES (288, 247, 633, b'0', NULL, '2024-09-16 11:00:26', NULL, '2024-09-16 11:00:26', b'1', 1);
INSERT INTO `product_browse_history` VALUES (289, 247, 633, b'0', NULL, '2024-09-16 11:02:39', NULL, '2024-09-16 11:02:39', b'1', 1);
INSERT INTO `product_browse_history` VALUES (290, 247, 633, b'0', NULL, '2024-09-16 11:02:40', NULL, '2024-09-16 11:02:40', b'1', 1);
INSERT INTO `product_browse_history` VALUES (291, 247, 633, b'0', NULL, '2024-09-16 11:03:55', NULL, '2024-09-16 11:03:55', b'1', 1);
INSERT INTO `product_browse_history` VALUES (292, 247, 633, b'0', NULL, '2024-09-16 11:06:17', NULL, '2024-09-16 11:06:17', b'1', 1);
INSERT INTO `product_browse_history` VALUES (293, 247, 633, b'0', NULL, '2024-09-16 11:06:47', NULL, '2024-09-16 11:06:47', b'1', 1);
INSERT INTO `product_browse_history` VALUES (294, 247, 633, b'0', NULL, '2024-09-16 11:15:42', NULL, '2024-09-16 11:15:42', b'1', 1);
INSERT INTO `product_browse_history` VALUES (295, 247, 633, b'0', NULL, '2024-09-16 11:15:48', NULL, '2024-09-16 11:15:48', b'1', 1);
INSERT INTO `product_browse_history` VALUES (296, 247, 633, b'0', NULL, '2024-09-16 11:16:02', NULL, '2024-09-16 11:16:02', b'1', 1);
INSERT INTO `product_browse_history` VALUES (297, 247, 633, b'0', NULL, '2024-09-16 11:53:17', NULL, '2024-09-16 11:53:17', b'1', 1);
INSERT INTO `product_browse_history` VALUES (298, 247, 633, b'0', NULL, '2024-09-16 11:53:32', NULL, '2024-09-16 11:53:32', b'1', 1);
INSERT INTO `product_browse_history` VALUES (299, 247, 633, b'0', NULL, '2024-09-16 11:54:46', NULL, '2024-09-16 11:54:46', b'1', 1);
INSERT INTO `product_browse_history` VALUES (300, 247, 633, b'0', NULL, '2024-09-16 11:55:51', NULL, '2024-09-16 11:55:51', b'1', 1);
INSERT INTO `product_browse_history` VALUES (301, 247, 633, b'0', NULL, '2024-09-16 11:55:54', NULL, '2024-09-16 11:55:54', b'1', 1);
INSERT INTO `product_browse_history` VALUES (302, 247, 633, b'0', NULL, '2024-09-16 11:56:03', NULL, '2024-09-16 11:56:03', b'1', 1);
INSERT INTO `product_browse_history` VALUES (303, 247, 633, b'0', NULL, '2024-09-16 11:57:02', NULL, '2024-09-16 11:57:02', b'1', 1);
INSERT INTO `product_browse_history` VALUES (304, 247, 633, b'0', NULL, '2024-09-16 11:57:20', NULL, '2024-09-16 11:57:20', b'1', 1);
INSERT INTO `product_browse_history` VALUES (305, 247, 633, b'0', NULL, '2024-09-16 12:07:37', NULL, '2024-09-16 12:07:37', b'1', 1);
INSERT INTO `product_browse_history` VALUES (306, 247, 633, b'0', NULL, '2024-09-16 12:08:12', NULL, '2024-09-16 12:08:12', b'1', 1);
INSERT INTO `product_browse_history` VALUES (307, 247, 633, b'0', NULL, '2024-09-16 12:09:06', NULL, '2024-09-16 12:09:06', b'1', 1);
INSERT INTO `product_browse_history` VALUES (308, 247, 633, b'0', NULL, '2024-09-16 12:09:37', NULL, '2024-09-16 12:09:37', b'1', 1);
INSERT INTO `product_browse_history` VALUES (309, 247, 633, b'0', NULL, '2024-09-16 12:10:57', NULL, '2024-09-16 12:10:57', b'1', 1);
INSERT INTO `product_browse_history` VALUES (310, 247, 633, b'0', NULL, '2024-09-16 12:10:57', NULL, '2024-09-16 12:10:57', b'1', 1);
INSERT INTO `product_browse_history` VALUES (311, 247, 639, b'0', NULL, '2024-09-16 19:25:23', NULL, '2024-09-16 19:25:23', b'1', 1);
INSERT INTO `product_browse_history` VALUES (312, 247, 640, b'0', NULL, '2024-09-16 19:26:51', NULL, '2024-09-16 19:26:51', b'1', 1);
INSERT INTO `product_browse_history` VALUES (313, 247, 639, b'0', NULL, '2024-09-16 19:26:53', NULL, '2024-09-16 19:26:53', b'1', 1);
INSERT INTO `product_browse_history` VALUES (314, 247, 638, b'0', NULL, '2024-09-16 19:26:56', NULL, '2024-09-16 19:26:56', b'1', 1);
INSERT INTO `product_browse_history` VALUES (315, 295, 633, b'0', NULL, '2024-09-29 09:18:32', NULL, '2024-09-29 09:18:32', b'0', 1);
INSERT INTO `product_browse_history` VALUES (316, 247, 639, b'0', NULL, '2024-10-01 10:09:29', NULL, '2024-10-01 10:09:29', b'1', 1);
INSERT INTO `product_browse_history` VALUES (317, 247, 639, b'0', NULL, '2024-10-01 10:09:41', NULL, '2024-10-01 10:09:41', b'1', 1);
INSERT INTO `product_browse_history` VALUES (318, 247, 637, b'0', NULL, '2024-10-13 21:16:03', NULL, '2024-10-13 21:16:03', b'1', 1);
INSERT INTO `product_browse_history` VALUES (319, 247, 640, b'0', NULL, '2024-10-27 20:41:52', NULL, '2024-10-27 20:41:52', b'1', 1);
INSERT INTO `product_browse_history` VALUES (321, 249, 633, b'0', NULL, '2025-03-15 22:29:08', NULL, '2025-03-15 22:29:08', b'1', 1);
INSERT INTO `product_browse_history` VALUES (322, 249, 633, b'0', NULL, '2025-03-15 22:29:10', NULL, '2025-03-15 22:29:10', b'1', 1);
INSERT INTO `product_browse_history` VALUES (325, 249, 633, b'0', NULL, '2025-03-16 10:21:01', NULL, '2025-03-16 10:21:01', b'1', 1);
INSERT INTO `product_browse_history` VALUES (326, 249, 634, b'0', NULL, '2025-03-16 10:21:01', NULL, '2025-03-16 10:21:01', b'1', 1);
INSERT INTO `product_browse_history` VALUES (327, 249, 634, b'0', NULL, '2025-03-16 10:21:01', NULL, '2025-03-16 10:21:01', b'1', 1);
INSERT INTO `product_browse_history` VALUES (328, 249, 633, b'0', NULL, '2025-03-16 10:21:07', NULL, '2025-03-16 10:21:07', b'1', 1);
INSERT INTO `product_browse_history` VALUES (329, 249, 633, b'0', NULL, '2025-03-16 10:21:30', NULL, '2025-03-16 10:21:30', b'1', 1);
INSERT INTO `product_browse_history` VALUES (330, 249, 633, b'0', NULL, '2025-03-16 10:21:57', NULL, '2025-03-16 10:21:57', b'1', 1);
INSERT INTO `product_browse_history` VALUES (331, 249, 633, b'0', NULL, '2025-03-16 10:21:59', NULL, '2025-03-16 10:21:59', b'1', 1);
INSERT INTO `product_browse_history` VALUES (332, 249, 633, b'0', NULL, '2025-03-16 10:22:39', NULL, '2025-03-16 10:22:39', b'1', 1);
INSERT INTO `product_browse_history` VALUES (333, 249, 633, b'0', NULL, '2025-03-16 10:22:50', '249', '2025-03-16 10:22:50', b'1', 1);
INSERT INTO `product_browse_history` VALUES (334, 249, 633, b'0', '249', '2025-03-16 10:43:11', '249', '2025-03-16 10:43:11', b'1', 1);
INSERT INTO `product_browse_history` VALUES (335, 249, 633, b'0', '249', '2025-03-16 10:43:14', '249', '2025-03-16 10:43:14', b'1', 1);
INSERT INTO `product_browse_history` VALUES (336, 249, 633, b'0', '249', '2025-03-16 10:44:08', '249', '2025-03-16 10:44:08', b'1', 1);
INSERT INTO `product_browse_history` VALUES (337, 249, 633, b'0', '249', '2025-03-16 10:44:10', '249', '2025-03-16 10:44:10', b'1', 1);
INSERT INTO `product_browse_history` VALUES (338, 249, 633, b'0', '249', '2025-03-16 10:44:11', '249', '2025-03-16 10:44:11', b'1', 1);
INSERT INTO `product_browse_history` VALUES (339, 249, 633, b'0', '249', '2025-03-16 10:44:15', '249', '2025-03-16 10:44:15', b'1', 1);
INSERT INTO `product_browse_history` VALUES (340, 249, 633, b'0', '249', '2025-03-16 10:44:16', '249', '2025-03-16 10:44:16', b'1', 1);
INSERT INTO `product_browse_history` VALUES (341, 249, 633, b'0', '249', '2025-03-16 10:44:18', '249', '2025-03-16 10:44:18', b'1', 1);
INSERT INTO `product_browse_history` VALUES (342, 249, 633, b'0', '249', '2025-03-16 10:44:28', '249', '2025-03-16 10:44:28', b'1', 1);
INSERT INTO `product_browse_history` VALUES (343, 249, 633, b'0', '249', '2025-03-16 10:50:16', '249', '2025-03-16 10:50:16', b'1', 1);
INSERT INTO `product_browse_history` VALUES (344, 249, 633, b'0', '249', '2025-03-16 10:50:17', '249', '2025-03-16 10:50:17', b'1', 1);
INSERT INTO `product_browse_history` VALUES (345, 249, 633, b'0', '249', '2025-03-16 10:51:51', '249', '2025-03-16 10:51:51', b'1', 1);
INSERT INTO `product_browse_history` VALUES (346, 249, 633, b'0', '249', '2025-03-16 10:51:53', '249', '2025-03-16 10:51:53', b'1', 1);
INSERT INTO `product_browse_history` VALUES (347, 249, 633, b'0', '249', '2025-03-16 10:52:18', '249', '2025-03-16 10:52:18', b'1', 1);
INSERT INTO `product_browse_history` VALUES (348, 249, 633, b'0', '249', '2025-03-16 10:52:22', '249', '2025-03-16 10:52:22', b'1', 1);
INSERT INTO `product_browse_history` VALUES (349, 249, 634, b'0', NULL, '2025-03-16 16:34:17', NULL, '2025-03-16 16:34:17', b'0', 1);
INSERT INTO `product_browse_history` VALUES (350, 249, 634, b'0', NULL, '2025-03-16 16:34:17', NULL, '2025-03-16 16:34:17', b'0', 1);
INSERT INTO `product_browse_history` VALUES (351, 249, 633, b'0', NULL, '2025-03-16 16:34:17', NULL, '2025-03-16 16:34:17', b'1', 1);
INSERT INTO `product_browse_history` VALUES (352, 249, 633, b'0', NULL, '2025-03-16 16:34:20', NULL, '2025-03-16 16:34:20', b'0', 1);
INSERT INTO `product_browse_history` VALUES (353, 296, 633, b'0', NULL, '2025-04-26 17:41:08', NULL, '2025-04-26 17:41:08', b'1', 1);
INSERT INTO `product_browse_history` VALUES (354, 296, 634, b'0', NULL, '2025-04-26 17:41:08', NULL, '2025-04-26 17:41:08', b'1', 1);
INSERT INTO `product_browse_history` VALUES (355, 296, 634, b'0', NULL, '2025-04-26 17:41:08', NULL, '2025-04-26 17:41:08', b'1', 1);
INSERT INTO `product_browse_history` VALUES (356, 296, 634, b'0', NULL, '2025-04-26 18:41:18', NULL, '2025-04-26 18:41:18', b'1', 1);
INSERT INTO `product_browse_history` VALUES (357, 296, 634, b'0', NULL, '2025-04-26 18:41:29', NULL, '2025-04-26 18:41:29', b'1', 1);
INSERT INTO `product_browse_history` VALUES (358, 296, 634, b'0', NULL, '2025-04-26 18:41:34', NULL, '2025-04-26 18:41:34', b'1', 1);
INSERT INTO `product_browse_history` VALUES (359, 296, 634, b'0', NULL, '2025-04-26 18:41:53', NULL, '2025-04-26 18:41:53', b'1', 1);
INSERT INTO `product_browse_history` VALUES (360, 296, 633, b'0', NULL, '2025-04-26 18:41:59', NULL, '2025-04-26 18:41:59', b'1', 1);
INSERT INTO `product_browse_history` VALUES (361, 296, 634, b'0', NULL, '2025-04-26 18:41:59', NULL, '2025-04-26 18:41:59', b'1', 1);
INSERT INTO `product_browse_history` VALUES (362, 296, 634, b'0', NULL, '2025-04-26 18:41:59', NULL, '2025-04-26 18:41:59', b'1', 1);
INSERT INTO `product_browse_history` VALUES (363, 296, 634, b'0', NULL, '2025-04-26 18:42:31', NULL, '2025-04-26 18:42:31', b'1', 1);
INSERT INTO `product_browse_history` VALUES (364, 296, 633, b'0', NULL, '2025-04-26 18:42:35', NULL, '2025-04-26 18:42:35', b'1', 1);
INSERT INTO `product_browse_history` VALUES (365, 296, 634, b'0', NULL, '2025-04-26 18:42:38', NULL, '2025-04-26 18:42:38', b'1', 1);
INSERT INTO `product_browse_history` VALUES (366, 296, 634, b'0', NULL, '2025-04-26 18:43:35', NULL, '2025-04-26 18:43:35', b'1', 1);
INSERT INTO `product_browse_history` VALUES (367, 296, 634, b'0', NULL, '2025-04-26 18:43:38', NULL, '2025-04-26 18:43:38', b'1', 1);
INSERT INTO `product_browse_history` VALUES (368, 286, 634, b'0', NULL, '2025-04-26 19:03:53', NULL, '2025-04-26 19:03:53', b'1', 1);
INSERT INTO `product_browse_history` VALUES (369, 286, 634, b'0', NULL, '2025-04-26 19:04:26', NULL, '2025-04-26 19:04:26', b'1', 1);
INSERT INTO `product_browse_history` VALUES (370, 286, 633, b'0', NULL, '2025-04-26 19:04:28', NULL, '2025-04-26 19:04:28', b'1', 1);
INSERT INTO `product_browse_history` VALUES (371, 286, 634, b'0', NULL, '2025-04-26 19:04:28', NULL, '2025-04-26 19:04:28', b'1', 1);
INSERT INTO `product_browse_history` VALUES (372, 286, 634, b'0', NULL, '2025-04-26 19:04:28', NULL, '2025-04-26 19:04:28', b'1', 1);
INSERT INTO `product_browse_history` VALUES (373, 286, 634, b'0', NULL, '2025-04-26 19:04:39', NULL, '2025-04-26 19:04:39', b'1', 1);
INSERT INTO `product_browse_history` VALUES (374, 286, 634, b'0', NULL, '2025-04-26 19:06:14', NULL, '2025-04-26 19:06:14', b'1', 1);
INSERT INTO `product_browse_history` VALUES (375, 286, 634, b'0', NULL, '2025-04-26 19:12:24', NULL, '2025-04-26 19:12:24', b'1', 1);
INSERT INTO `product_browse_history` VALUES (376, 286, 634, b'0', NULL, '2025-04-26 19:12:36', NULL, '2025-04-26 19:12:36', b'1', 1);
INSERT INTO `product_browse_history` VALUES (377, 286, 634, b'0', NULL, '2025-04-26 19:12:59', NULL, '2025-04-26 19:12:59', b'1', 1);
INSERT INTO `product_browse_history` VALUES (378, 286, 634, b'0', NULL, '2025-04-26 19:12:59', NULL, '2025-04-26 19:12:59', b'1', 1);
INSERT INTO `product_browse_history` VALUES (379, 286, 633, b'0', NULL, '2025-04-26 19:12:59', NULL, '2025-04-26 19:12:59', b'1', 1);
INSERT INTO `product_browse_history` VALUES (380, 286, 633, b'0', NULL, '2025-04-26 19:13:01', NULL, '2025-04-26 19:13:01', b'1', 1);
INSERT INTO `product_browse_history` VALUES (381, 286, 634, b'0', NULL, '2025-04-26 19:13:03', NULL, '2025-04-26 19:13:03', b'1', 1);
INSERT INTO `product_browse_history` VALUES (382, 286, 634, b'0', NULL, '2025-04-26 19:14:01', NULL, '2025-04-26 19:14:01', b'1', 1);
INSERT INTO `product_browse_history` VALUES (383, 286, 634, b'0', NULL, '2025-04-26 19:14:05', NULL, '2025-04-26 19:14:05', b'1', 1);
INSERT INTO `product_browse_history` VALUES (384, 286, 634, b'0', NULL, '2025-04-26 19:14:18', NULL, '2025-04-26 19:14:18', b'1', 1);
INSERT INTO `product_browse_history` VALUES (385, 286, 634, b'0', NULL, '2025-04-26 19:16:18', NULL, '2025-04-26 19:16:18', b'1', 1);
INSERT INTO `product_browse_history` VALUES (386, 286, 634, b'0', NULL, '2025-04-26 19:16:43', NULL, '2025-04-26 19:16:43', b'1', 1);
INSERT INTO `product_browse_history` VALUES (387, 286, 634, b'0', NULL, '2025-04-26 19:16:44', NULL, '2025-04-26 19:16:44', b'1', 1);
INSERT INTO `product_browse_history` VALUES (388, 286, 634, b'0', NULL, '2025-04-26 19:16:49', NULL, '2025-04-26 19:16:49', b'1', 1);
INSERT INTO `product_browse_history` VALUES (389, 286, 634, b'0', NULL, '2025-04-26 19:16:50', NULL, '2025-04-26 19:16:50', b'1', 1);
INSERT INTO `product_browse_history` VALUES (390, 286, 634, b'0', NULL, '2025-04-26 19:16:59', NULL, '2025-04-26 19:16:59', b'1', 1);
INSERT INTO `product_browse_history` VALUES (391, 286, 634, b'0', NULL, '2025-04-26 19:17:22', NULL, '2025-04-26 19:17:22', b'1', 1);
INSERT INTO `product_browse_history` VALUES (392, 286, 634, b'0', NULL, '2025-04-26 19:17:41', NULL, '2025-04-26 19:17:41', b'1', 1);
INSERT INTO `product_browse_history` VALUES (393, 286, 634, b'0', NULL, '2025-04-26 19:22:34', NULL, '2025-04-26 19:22:34', b'1', 1);
INSERT INTO `product_browse_history` VALUES (394, 286, 633, b'0', NULL, '2025-04-26 19:22:34', NULL, '2025-04-26 19:22:34', b'1', 1);
INSERT INTO `product_browse_history` VALUES (395, 286, 634, b'0', NULL, '2025-04-26 19:22:34', NULL, '2025-04-26 19:22:34', b'0', 1);
INSERT INTO `product_browse_history` VALUES (396, 286, 633, b'0', NULL, '2025-04-26 19:22:39', NULL, '2025-04-26 19:22:39', b'1', 1);
INSERT INTO `product_browse_history` VALUES (397, 286, 634, b'0', NULL, '2025-04-26 19:22:39', NULL, '2025-04-26 19:22:39', b'0', 1);
INSERT INTO `product_browse_history` VALUES (398, 286, 634, b'0', NULL, '2025-04-26 19:22:39', NULL, '2025-04-26 19:22:39', b'0', 1);
INSERT INTO `product_browse_history` VALUES (399, 286, 633, b'0', NULL, '2025-04-26 19:22:41', NULL, '2025-04-26 19:22:41', b'1', 1);
INSERT INTO `product_browse_history` VALUES (400, 286, 633, b'0', NULL, '2025-04-26 19:23:09', NULL, '2025-04-26 19:23:09', b'1', 1);
INSERT INTO `product_browse_history` VALUES (401, 286, 633, b'0', NULL, '2025-04-26 19:23:39', NULL, '2025-04-26 19:23:39', b'1', 1);
INSERT INTO `product_browse_history` VALUES (402, 286, 634, b'0', NULL, '2025-04-26 19:23:42', NULL, '2025-04-26 19:23:42', b'0', 1);
INSERT INTO `product_browse_history` VALUES (403, 286, 634, b'0', NULL, '2025-04-26 19:23:42', NULL, '2025-04-26 19:23:42', b'0', 1);
INSERT INTO `product_browse_history` VALUES (404, 286, 633, b'0', NULL, '2025-04-26 19:23:42', NULL, '2025-04-26 19:23:42', b'0', 1);
INSERT INTO `product_browse_history` VALUES (405, 247, 633, b'0', NULL, '2025-04-26 19:24:05', NULL, '2025-04-26 19:24:05', b'1', 1);
INSERT INTO `product_browse_history` VALUES (406, 247, 634, b'0', NULL, '2025-04-27 08:33:57', NULL, '2025-04-27 08:33:57', b'1', 1);
INSERT INTO `product_browse_history` VALUES (407, 247, 634, b'0', NULL, '2025-04-27 09:02:19', NULL, '2025-04-27 09:02:19', b'1', 1);
INSERT INTO `product_browse_history` VALUES (408, 247, 633, b'0', NULL, '2025-04-27 09:02:19', NULL, '2025-04-27 09:02:19', b'1', 1);
INSERT INTO `product_browse_history` VALUES (409, 247, 634, b'0', NULL, '2025-04-27 09:02:19', NULL, '2025-04-27 09:02:19', b'1', 1);
INSERT INTO `product_browse_history` VALUES (410, 247, 634, b'0', NULL, '2025-04-27 09:02:23', NULL, '2025-04-27 09:02:23', b'1', 1);
INSERT INTO `product_browse_history` VALUES (411, 247, 633, b'0', NULL, '2025-04-27 09:02:23', NULL, '2025-04-27 09:02:23', b'1', 1);
INSERT INTO `product_browse_history` VALUES (412, 247, 634, b'0', NULL, '2025-04-27 09:02:23', NULL, '2025-04-27 09:02:23', b'1', 1);
INSERT INTO `product_browse_history` VALUES (413, 247, 633, b'0', NULL, '2025-04-27 09:02:24', NULL, '2025-04-27 09:02:24', b'1', 1);
INSERT INTO `product_browse_history` VALUES (414, 247, 633, b'0', NULL, '2025-04-27 09:03:36', NULL, '2025-04-27 09:03:36', b'1', 1);
INSERT INTO `product_browse_history` VALUES (415, 247, 634, b'0', NULL, '2025-04-27 09:03:36', NULL, '2025-04-27 09:03:36', b'1', 1);
INSERT INTO `product_browse_history` VALUES (416, 247, 634, b'0', NULL, '2025-04-27 09:03:36', NULL, '2025-04-27 09:03:36', b'1', 1);
INSERT INTO `product_browse_history` VALUES (417, 247, 634, b'0', NULL, '2025-04-27 09:04:08', NULL, '2025-04-27 09:04:08', b'1', 1);
INSERT INTO `product_browse_history` VALUES (418, 247, 634, b'0', NULL, '2025-04-27 10:02:12', NULL, '2025-04-27 10:02:12', b'1', 1);
INSERT INTO `product_browse_history` VALUES (419, 247, 634, b'0', NULL, '2025-04-27 12:38:11', NULL, '2025-04-27 12:38:11', b'1', 1);
INSERT INTO `product_browse_history` VALUES (420, 247, 634, b'0', NULL, '2025-04-27 12:38:11', NULL, '2025-04-27 12:38:11', b'1', 1);
INSERT INTO `product_browse_history` VALUES (421, 247, 633, b'0', NULL, '2025-04-27 12:38:11', NULL, '2025-04-27 12:38:11', b'1', 1);
INSERT INTO `product_browse_history` VALUES (422, 247, 634, b'0', NULL, '2025-04-27 12:38:16', NULL, '2025-04-27 12:38:16', b'1', 1);
INSERT INTO `product_browse_history` VALUES (423, 247, 633, b'0', NULL, '2025-04-27 12:38:16', NULL, '2025-04-27 12:38:16', b'1', 1);
INSERT INTO `product_browse_history` VALUES (424, 247, 634, b'0', NULL, '2025-04-27 12:38:16', NULL, '2025-04-27 12:38:16', b'1', 1);
INSERT INTO `product_browse_history` VALUES (425, 247, 640, b'0', NULL, '2025-04-27 12:40:00', NULL, '2025-04-27 12:40:00', b'1', 1);
INSERT INTO `product_browse_history` VALUES (426, 247, 634, b'0', NULL, '2025-04-27 12:43:38', NULL, '2025-04-27 12:43:38', b'1', 1);
INSERT INTO `product_browse_history` VALUES (427, 247, 634, b'0', NULL, '2025-04-27 12:43:42', NULL, '2025-04-27 12:43:42', b'1', 1);
INSERT INTO `product_browse_history` VALUES (428, 247, 634, b'0', NULL, '2025-04-27 12:43:46', NULL, '2025-04-27 12:43:46', b'1', 1);
INSERT INTO `product_browse_history` VALUES (429, 247, 634, b'0', NULL, '2025-04-27 12:43:55', NULL, '2025-04-27 12:43:55', b'1', 1);
INSERT INTO `product_browse_history` VALUES (430, 247, 634, b'0', NULL, '2025-04-27 12:44:24', NULL, '2025-04-27 12:44:24', b'1', 1);
INSERT INTO `product_browse_history` VALUES (431, 247, 634, b'0', NULL, '2025-04-27 12:44:29', NULL, '2025-04-27 12:44:29', b'1', 1);
INSERT INTO `product_browse_history` VALUES (432, 247, 634, b'0', NULL, '2025-04-27 12:44:29', NULL, '2025-04-27 12:44:29', b'1', 1);
INSERT INTO `product_browse_history` VALUES (433, 247, 633, b'0', NULL, '2025-04-27 12:44:29', NULL, '2025-04-27 12:44:29', b'1', 1);
INSERT INTO `product_browse_history` VALUES (434, 247, 634, b'0', NULL, '2025-04-27 12:45:44', NULL, '2025-04-27 12:45:44', b'1', 1);
INSERT INTO `product_browse_history` VALUES (435, 247, 634, b'0', NULL, '2025-04-27 12:45:44', NULL, '2025-04-27 12:45:44', b'1', 1);
INSERT INTO `product_browse_history` VALUES (436, 247, 633, b'0', NULL, '2025-04-27 12:45:44', NULL, '2025-04-27 12:45:44', b'1', 1);
INSERT INTO `product_browse_history` VALUES (437, 247, 634, b'0', NULL, '2025-04-27 12:45:44', NULL, '2025-04-27 12:45:44', b'1', 1);
INSERT INTO `product_browse_history` VALUES (438, 247, 634, b'0', NULL, '2025-04-27 12:45:58', NULL, '2025-04-27 12:45:58', b'1', 1);
INSERT INTO `product_browse_history` VALUES (439, 247, 634, b'0', NULL, '2025-04-27 12:45:58', NULL, '2025-04-27 12:45:58', b'1', 1);
INSERT INTO `product_browse_history` VALUES (440, 247, 633, b'0', NULL, '2025-04-27 12:45:58', NULL, '2025-04-27 12:45:58', b'1', 1);
INSERT INTO `product_browse_history` VALUES (441, 247, 634, b'0', NULL, '2025-04-27 12:45:58', NULL, '2025-04-27 12:45:58', b'1', 1);
INSERT INTO `product_browse_history` VALUES (442, 247, 633, b'0', NULL, '2025-04-27 12:59:03', NULL, '2025-04-27 12:59:03', b'1', 1);
INSERT INTO `product_browse_history` VALUES (443, 247, 634, b'0', NULL, '2025-04-27 12:59:03', NULL, '2025-04-27 12:59:03', b'1', 1);
INSERT INTO `product_browse_history` VALUES (444, 247, 634, b'0', NULL, '2025-04-27 12:59:03', NULL, '2025-04-27 12:59:03', b'1', 1);
INSERT INTO `product_browse_history` VALUES (445, 247, 633, b'0', NULL, '2025-04-27 12:59:08', NULL, '2025-04-27 12:59:08', b'1', 1);
INSERT INTO `product_browse_history` VALUES (446, 247, 639, b'0', NULL, '2025-04-27 13:01:01', NULL, '2025-04-27 13:01:01', b'1', 1);
INSERT INTO `product_browse_history` VALUES (447, 247, 639, b'0', NULL, '2025-04-27 13:01:05', NULL, '2025-04-27 13:01:05', b'1', 1);
INSERT INTO `product_browse_history` VALUES (448, 247, 638, b'0', NULL, '2025-04-27 13:01:06', NULL, '2025-04-27 13:01:06', b'1', 1);
INSERT INTO `product_browse_history` VALUES (449, 247, 638, b'0', NULL, '2025-04-27 13:01:38', NULL, '2025-04-27 13:01:38', b'1', 1);
INSERT INTO `product_browse_history` VALUES (450, 247, 638, b'0', NULL, '2025-04-27 13:01:40', NULL, '2025-04-27 13:01:40', b'1', 1);
INSERT INTO `product_browse_history` VALUES (451, 247, 637, b'0', NULL, '2025-04-27 13:01:42', NULL, '2025-04-27 13:01:42', b'1', 1);
INSERT INTO `product_browse_history` VALUES (452, 247, 639, b'0', NULL, '2025-04-27 13:01:45', NULL, '2025-04-27 13:01:45', b'1', 1);
INSERT INTO `product_browse_history` VALUES (453, 247, 638, b'0', NULL, '2025-04-27 13:01:47', NULL, '2025-04-27 13:01:47', b'1', 1);
INSERT INTO `product_browse_history` VALUES (454, 247, 637, b'0', NULL, '2025-04-27 13:01:49', NULL, '2025-04-27 13:01:49', b'1', 1);
INSERT INTO `product_browse_history` VALUES (455, 247, 637, b'0', NULL, '2025-04-27 13:01:52', NULL, '2025-04-27 13:01:52', b'1', 1);
INSERT INTO `product_browse_history` VALUES (456, 247, 634, b'0', NULL, '2025-04-27 13:01:58', NULL, '2025-04-27 13:01:58', b'1', 1);
INSERT INTO `product_browse_history` VALUES (457, 247, 634, b'0', NULL, '2025-04-27 13:01:58', NULL, '2025-04-27 13:01:58', b'1', 1);
INSERT INTO `product_browse_history` VALUES (458, 247, 633, b'0', NULL, '2025-04-27 13:01:58', NULL, '2025-04-27 13:01:58', b'1', 1);
INSERT INTO `product_browse_history` VALUES (459, 247, 633, b'0', NULL, '2025-04-27 13:02:00', NULL, '2025-04-27 13:02:00', b'1', 1);
INSERT INTO `product_browse_history` VALUES (460, 247, 633, b'0', NULL, '2025-04-27 13:02:04', NULL, '2025-04-27 13:02:04', b'1', 1);
INSERT INTO `product_browse_history` VALUES (461, 247, 639, b'0', NULL, '2025-04-27 13:02:25', NULL, '2025-04-27 13:02:25', b'1', 1);
INSERT INTO `product_browse_history` VALUES (462, 247, 638, b'0', NULL, '2025-04-27 13:02:32', NULL, '2025-04-27 13:02:32', b'1', 1);
INSERT INTO `product_browse_history` VALUES (463, 247, 637, b'0', NULL, '2025-04-27 13:02:35', NULL, '2025-04-27 13:02:35', b'1', 1);
INSERT INTO `product_browse_history` VALUES (464, 247, 637, b'0', NULL, '2025-04-27 21:39:48', NULL, '2025-04-27 21:39:48', b'1', 1);
INSERT INTO `product_browse_history` VALUES (465, 247, 634, b'0', NULL, '2025-04-27 21:39:48', NULL, '2025-04-27 21:39:48', b'1', 1);
INSERT INTO `product_browse_history` VALUES (466, 247, 637, b'0', NULL, '2025-04-27 21:40:09', NULL, '2025-04-27 21:40:09', b'0', 1);
INSERT INTO `product_browse_history` VALUES (467, 247, 634, b'0', NULL, '2025-04-27 21:40:09', NULL, '2025-04-27 21:40:09', b'1', 1);
INSERT INTO `product_browse_history` VALUES (468, 247, 634, b'0', NULL, '2025-04-27 23:01:19', NULL, '2025-04-27 23:01:19', b'1', 1);
INSERT INTO `product_browse_history` VALUES (469, 247, 633, b'0', NULL, '2025-04-27 23:01:19', NULL, '2025-04-27 23:01:19', b'1', 1);
INSERT INTO `product_browse_history` VALUES (470, 247, 634, b'0', NULL, '2025-04-27 23:01:19', NULL, '2025-04-27 23:01:19', b'1', 1);
INSERT INTO `product_browse_history` VALUES (471, 247, 633, b'0', NULL, '2025-04-27 23:01:24', NULL, '2025-04-27 23:01:24', b'1', 1);
INSERT INTO `product_browse_history` VALUES (472, 247, 634, b'0', NULL, '2025-04-27 23:01:24', NULL, '2025-04-27 23:01:24', b'1', 1);
INSERT INTO `product_browse_history` VALUES (473, 247, 634, b'0', NULL, '2025-04-27 23:01:24', NULL, '2025-04-27 23:01:24', b'1', 1);
INSERT INTO `product_browse_history` VALUES (474, 247, 633, b'0', NULL, '2025-04-27 23:01:28', NULL, '2025-04-27 23:01:28', b'1', 1);
INSERT INTO `product_browse_history` VALUES (475, 247, 633, b'0', NULL, '2025-04-27 23:01:32', NULL, '2025-04-27 23:01:32', b'1', 1);
INSERT INTO `product_browse_history` VALUES (476, 247, 633, b'0', NULL, '2025-04-27 23:01:51', NULL, '2025-04-27 23:01:51', b'1', 1);
INSERT INTO `product_browse_history` VALUES (477, 247, 634, b'0', NULL, '2025-04-27 23:01:55', NULL, '2025-04-27 23:01:55', b'1', 1);
INSERT INTO `product_browse_history` VALUES (478, 247, 634, b'0', NULL, '2025-04-27 23:01:58', NULL, '2025-04-27 23:01:58', b'1', 1);
INSERT INTO `product_browse_history` VALUES (479, 247, 639, b'0', NULL, '2025-04-27 23:02:00', NULL, '2025-04-27 23:02:00', b'1', 1);
INSERT INTO `product_browse_history` VALUES (480, 247, 634, b'0', NULL, '2025-04-27 23:03:20', NULL, '2025-04-27 23:03:20', b'1', 1);
INSERT INTO `product_browse_history` VALUES (481, 247, 634, b'0', NULL, '2025-04-27 23:03:20', NULL, '2025-04-27 23:03:20', b'1', 1);
INSERT INTO `product_browse_history` VALUES (482, 247, 633, b'0', NULL, '2025-04-27 23:03:20', NULL, '2025-04-27 23:03:20', b'1', 1);
INSERT INTO `product_browse_history` VALUES (483, 247, 633, b'0', NULL, '2025-04-27 23:03:21', NULL, '2025-04-27 23:03:21', b'1', 1);
INSERT INTO `product_browse_history` VALUES (484, 247, 639, b'0', NULL, '2025-04-27 23:03:23', NULL, '2025-04-27 23:03:23', b'1', 1);
INSERT INTO `product_browse_history` VALUES (485, 247, 633, b'0', NULL, '2025-04-27 23:06:17', NULL, '2025-04-27 23:06:17', b'1', 1);
INSERT INTO `product_browse_history` VALUES (486, 247, 634, b'0', NULL, '2025-04-27 23:06:17', NULL, '2025-04-27 23:06:17', b'1', 1);
INSERT INTO `product_browse_history` VALUES (487, 247, 634, b'0', NULL, '2025-04-27 23:06:17', NULL, '2025-04-27 23:06:17', b'1', 1);
INSERT INTO `product_browse_history` VALUES (488, 247, 633, b'0', NULL, '2025-04-27 23:06:18', NULL, '2025-04-27 23:06:18', b'1', 1);
INSERT INTO `product_browse_history` VALUES (489, 247, 638, b'0', NULL, '2025-04-27 23:06:21', NULL, '2025-04-27 23:06:21', b'0', 1);
INSERT INTO `product_browse_history` VALUES (490, 247, 634, b'0', NULL, '2025-04-27 23:07:00', NULL, '2025-04-27 23:07:00', b'1', 1);
INSERT INTO `product_browse_history` VALUES (491, 247, 633, b'0', NULL, '2025-04-27 23:07:00', NULL, '2025-04-27 23:07:00', b'1', 1);
INSERT INTO `product_browse_history` VALUES (492, 247, 634, b'0', NULL, '2025-04-27 23:07:00', NULL, '2025-04-27 23:07:00', b'1', 1);
INSERT INTO `product_browse_history` VALUES (493, 247, 634, b'0', NULL, '2025-04-27 23:42:45', NULL, '2025-04-27 23:42:45', b'1', 1);
INSERT INTO `product_browse_history` VALUES (494, 247, 633, b'0', NULL, '2025-04-27 23:42:47', NULL, '2025-04-27 23:42:47', b'1', 1);
INSERT INTO `product_browse_history` VALUES (495, 247, 634, b'0', NULL, '2025-04-27 23:42:47', NULL, '2025-04-27 23:42:47', b'1', 1);
INSERT INTO `product_browse_history` VALUES (496, 247, 634, b'0', NULL, '2025-04-27 23:42:47', NULL, '2025-04-27 23:42:47', b'1', 1);
INSERT INTO `product_browse_history` VALUES (497, 247, 634, b'0', NULL, '2025-04-27 23:50:48', NULL, '2025-04-27 23:50:48', b'1', 1);
INSERT INTO `product_browse_history` VALUES (498, 247, 633, b'0', NULL, '2025-04-27 23:50:48', NULL, '2025-04-27 23:50:48', b'1', 1);
INSERT INTO `product_browse_history` VALUES (499, 247, 634, b'0', NULL, '2025-04-27 23:50:48', NULL, '2025-04-27 23:50:48', b'1', 1);
INSERT INTO `product_browse_history` VALUES (500, 247, 634, b'0', NULL, '2025-04-27 23:54:12', NULL, '2025-04-27 23:54:12', b'1', 1);
INSERT INTO `product_browse_history` VALUES (501, 247, 634, b'0', NULL, '2025-04-27 23:54:12', NULL, '2025-04-27 23:54:12', b'1', 1);
INSERT INTO `product_browse_history` VALUES (502, 247, 633, b'0', NULL, '2025-04-27 23:54:12', NULL, '2025-04-27 23:54:12', b'1', 1);
INSERT INTO `product_browse_history` VALUES (503, 247, 633, b'0', NULL, '2025-04-27 23:54:19', NULL, '2025-04-27 23:54:19', b'1', 1);
INSERT INTO `product_browse_history` VALUES (504, 247, 634, b'0', NULL, '2025-04-27 23:54:19', NULL, '2025-04-27 23:54:19', b'1', 1);
INSERT INTO `product_browse_history` VALUES (505, 247, 634, b'0', NULL, '2025-04-27 23:54:19', NULL, '2025-04-27 23:54:19', b'1', 1);
INSERT INTO `product_browse_history` VALUES (506, 247, 633, b'0', NULL, '2025-04-27 23:54:42', NULL, '2025-04-27 23:54:42', b'1', 1);
INSERT INTO `product_browse_history` VALUES (507, 247, 634, b'0', NULL, '2025-04-27 23:54:42', NULL, '2025-04-27 23:54:42', b'1', 1);
INSERT INTO `product_browse_history` VALUES (508, 247, 634, b'0', NULL, '2025-04-27 23:54:42', NULL, '2025-04-27 23:54:42', b'1', 1);
INSERT INTO `product_browse_history` VALUES (509, 247, 634, b'0', NULL, '2025-04-28 00:00:25', NULL, '2025-04-28 00:00:25', b'1', 1);
INSERT INTO `product_browse_history` VALUES (510, 247, 633, b'0', NULL, '2025-04-28 00:00:25', NULL, '2025-04-28 00:00:25', b'1', 1);
INSERT INTO `product_browse_history` VALUES (511, 247, 634, b'0', NULL, '2025-04-28 00:00:25', NULL, '2025-04-28 00:00:25', b'1', 1);
INSERT INTO `product_browse_history` VALUES (512, 247, 633, b'0', NULL, '2025-04-28 00:00:26', NULL, '2025-04-28 00:00:26', b'1', 1);
INSERT INTO `product_browse_history` VALUES (513, 247, 634, b'0', NULL, '2025-04-28 00:24:05', NULL, '2025-04-28 00:24:05', b'1', 1);
INSERT INTO `product_browse_history` VALUES (514, 247, 633, b'0', NULL, '2025-04-28 00:24:05', NULL, '2025-04-28 00:24:05', b'1', 1);
INSERT INTO `product_browse_history` VALUES (515, 247, 634, b'0', NULL, '2025-04-28 00:24:05', NULL, '2025-04-28 00:24:05', b'1', 1);
INSERT INTO `product_browse_history` VALUES (516, 296, 634, b'0', NULL, '2025-04-28 00:36:22', NULL, '2025-04-28 00:36:22', b'1', 1);
INSERT INTO `product_browse_history` VALUES (517, 296, 634, b'0', NULL, '2025-04-28 00:36:23', NULL, '2025-04-28 00:36:23', b'1', 1);
INSERT INTO `product_browse_history` VALUES (518, 296, 634, b'0', NULL, '2025-04-28 00:37:14', NULL, '2025-04-28 00:37:14', b'1', 1);
INSERT INTO `product_browse_history` VALUES (519, 296, 633, b'0', NULL, '2025-04-28 00:37:14', NULL, '2025-04-28 00:37:14', b'1', 1);
INSERT INTO `product_browse_history` VALUES (520, 296, 634, b'0', NULL, '2025-04-28 00:37:14', NULL, '2025-04-28 00:37:14', b'1', 1);
INSERT INTO `product_browse_history` VALUES (521, 296, 633, b'0', NULL, '2025-04-28 00:37:43', NULL, '2025-04-28 00:37:43', b'1', 1);
INSERT INTO `product_browse_history` VALUES (522, 296, 634, b'0', NULL, '2025-04-28 00:37:43', NULL, '2025-04-28 00:37:43', b'1', 1);
INSERT INTO `product_browse_history` VALUES (523, 296, 634, b'0', NULL, '2025-04-28 00:37:43', NULL, '2025-04-28 00:37:43', b'1', 1);
INSERT INTO `product_browse_history` VALUES (524, 247, 634, b'0', NULL, '2025-04-28 08:25:56', NULL, '2025-04-28 08:25:56', b'1', 1);
INSERT INTO `product_browse_history` VALUES (525, 247, 633, b'0', NULL, '2025-04-28 08:25:56', NULL, '2025-04-28 08:25:56', b'1', 1);
INSERT INTO `product_browse_history` VALUES (526, 247, 634, b'0', NULL, '2025-04-28 08:25:56', NULL, '2025-04-28 08:25:56', b'1', 1);
INSERT INTO `product_browse_history` VALUES (527, 247, 634, b'0', NULL, '2025-04-28 08:56:00', NULL, '2025-04-28 08:56:00', b'1', 1);
INSERT INTO `product_browse_history` VALUES (528, 247, 634, b'0', NULL, '2025-04-28 08:56:00', NULL, '2025-04-28 08:56:00', b'1', 1);
INSERT INTO `product_browse_history` VALUES (529, 247, 633, b'0', NULL, '2025-04-28 08:56:00', NULL, '2025-04-28 08:56:00', b'1', 1);
INSERT INTO `product_browse_history` VALUES (530, 247, 633, b'0', NULL, '2025-04-28 09:38:09', NULL, '2025-04-28 09:38:09', b'1', 1);
INSERT INTO `product_browse_history` VALUES (531, 247, 634, b'0', NULL, '2025-04-28 09:38:09', NULL, '2025-04-28 09:38:09', b'1', 1);
INSERT INTO `product_browse_history` VALUES (532, 247, 634, b'0', NULL, '2025-04-28 09:38:09', NULL, '2025-04-28 09:38:09', b'1', 1);
INSERT INTO `product_browse_history` VALUES (533, 247, 634, b'0', NULL, '2025-04-28 09:45:38', NULL, '2025-04-28 09:45:38', b'1', 1);
INSERT INTO `product_browse_history` VALUES (534, 247, 633, b'0', NULL, '2025-04-28 09:45:38', NULL, '2025-04-28 09:45:38', b'1', 1);
INSERT INTO `product_browse_history` VALUES (535, 247, 634, b'0', NULL, '2025-04-28 09:45:38', NULL, '2025-04-28 09:45:38', b'1', 1);
INSERT INTO `product_browse_history` VALUES (536, 247, 633, b'0', NULL, '2025-04-28 09:45:44', NULL, '2025-04-28 09:45:44', b'1', 1);
INSERT INTO `product_browse_history` VALUES (537, 247, 634, b'0', NULL, '2025-04-28 12:40:23', NULL, '2025-04-28 12:40:23', b'1', 1);
INSERT INTO `product_browse_history` VALUES (538, 247, 634, b'0', NULL, '2025-04-28 12:40:23', NULL, '2025-04-28 12:40:23', b'1', 1);
INSERT INTO `product_browse_history` VALUES (539, 247, 633, b'0', NULL, '2025-04-28 12:40:23', NULL, '2025-04-28 12:40:23', b'1', 1);
INSERT INTO `product_browse_history` VALUES (540, 247, 633, b'0', NULL, '2025-04-28 12:52:09', NULL, '2025-04-28 12:52:09', b'1', 1);
INSERT INTO `product_browse_history` VALUES (541, 247, 633, b'0', NULL, '2025-04-28 12:59:03', NULL, '2025-04-28 12:59:03', b'1', 1);
INSERT INTO `product_browse_history` VALUES (542, 247, 633, b'0', NULL, '2025-04-28 12:59:04', NULL, '2025-04-28 12:59:04', b'1', 1);
INSERT INTO `product_browse_history` VALUES (543, 247, 633, b'0', NULL, '2025-04-28 22:36:54', NULL, '2025-04-28 22:36:54', b'1', 1);
INSERT INTO `product_browse_history` VALUES (544, 247, 634, b'0', NULL, '2025-04-28 22:36:54', NULL, '2025-04-28 22:36:54', b'1', 1);
INSERT INTO `product_browse_history` VALUES (545, 247, 634, b'0', NULL, '2025-04-28 22:36:54', NULL, '2025-04-28 22:36:54', b'1', 1);
INSERT INTO `product_browse_history` VALUES (546, 247, 633, b'0', NULL, '2025-04-28 22:44:33', NULL, '2025-04-28 22:44:33', b'1', 1);
INSERT INTO `product_browse_history` VALUES (547, 247, 634, b'0', NULL, '2025-04-28 22:44:33', NULL, '2025-04-28 22:44:33', b'1', 1);
INSERT INTO `product_browse_history` VALUES (548, 247, 634, b'0', NULL, '2025-04-28 22:44:33', NULL, '2025-04-28 22:44:33', b'1', 1);
INSERT INTO `product_browse_history` VALUES (549, 247, 633, b'0', NULL, '2025-04-28 22:44:34', NULL, '2025-04-28 22:44:34', b'1', 1);
INSERT INTO `product_browse_history` VALUES (550, 247, 634, b'0', NULL, '2025-04-28 22:44:34', NULL, '2025-04-28 22:44:34', b'1', 1);
INSERT INTO `product_browse_history` VALUES (551, 247, 634, b'0', NULL, '2025-04-28 22:44:34', NULL, '2025-04-28 22:44:34', b'1', 1);
INSERT INTO `product_browse_history` VALUES (552, 247, 633, b'0', NULL, '2025-04-28 22:44:52', NULL, '2025-04-28 22:44:52', b'1', 1);
INSERT INTO `product_browse_history` VALUES (553, 247, 633, b'0', NULL, '2025-04-28 22:44:58', NULL, '2025-04-28 22:44:58', b'1', 1);
INSERT INTO `product_browse_history` VALUES (554, 247, 634, b'0', NULL, '2025-04-28 22:46:31', NULL, '2025-04-28 22:46:31', b'1', 1);
INSERT INTO `product_browse_history` VALUES (555, 247, 633, b'0', NULL, '2025-04-28 22:46:31', NULL, '2025-04-28 22:46:31', b'1', 1);
INSERT INTO `product_browse_history` VALUES (556, 247, 634, b'0', NULL, '2025-04-28 22:46:31', NULL, '2025-04-28 22:46:31', b'1', 1);
INSERT INTO `product_browse_history` VALUES (557, 247, 633, b'0', NULL, '2025-04-28 22:51:43', NULL, '2025-04-28 22:51:43', b'1', 1);
INSERT INTO `product_browse_history` VALUES (558, 247, 634, b'0', NULL, '2025-04-28 22:51:43', NULL, '2025-04-28 22:51:43', b'1', 1);
INSERT INTO `product_browse_history` VALUES (559, 247, 634, b'0', NULL, '2025-04-28 22:51:43', NULL, '2025-04-28 22:51:43', b'1', 1);
INSERT INTO `product_browse_history` VALUES (560, 247, 633, b'0', NULL, '2025-04-28 22:52:26', NULL, '2025-04-28 22:52:26', b'1', 1);
INSERT INTO `product_browse_history` VALUES (561, 247, 633, b'0', NULL, '2025-04-28 22:52:36', NULL, '2025-04-28 22:52:36', b'1', 1);
INSERT INTO `product_browse_history` VALUES (562, 247, 633, b'0', NULL, '2025-04-28 22:53:01', NULL, '2025-04-28 22:53:01', b'1', 1);
INSERT INTO `product_browse_history` VALUES (563, 247, 633, b'0', NULL, '2025-04-28 22:53:02', NULL, '2025-04-28 22:53:02', b'1', 1);
INSERT INTO `product_browse_history` VALUES (564, 247, 633, b'0', NULL, '2025-04-28 22:53:03', NULL, '2025-04-28 22:53:03', b'1', 1);
INSERT INTO `product_browse_history` VALUES (565, 247, 633, b'0', NULL, '2025-04-28 22:53:05', NULL, '2025-04-28 22:53:05', b'1', 1);
INSERT INTO `product_browse_history` VALUES (566, 247, 633, b'0', NULL, '2025-04-28 22:53:06', NULL, '2025-04-28 22:53:06', b'1', 1);
INSERT INTO `product_browse_history` VALUES (567, 247, 634, b'0', NULL, '2025-04-28 22:53:06', NULL, '2025-04-28 22:53:06', b'1', 1);
INSERT INTO `product_browse_history` VALUES (568, 247, 634, b'0', NULL, '2025-04-28 22:53:06', NULL, '2025-04-28 22:53:06', b'1', 1);
INSERT INTO `product_browse_history` VALUES (569, 247, 633, b'0', NULL, '2025-04-28 22:54:04', NULL, '2025-04-28 22:54:04', b'1', 1);
INSERT INTO `product_browse_history` VALUES (570, 247, 633, b'0', NULL, '2025-04-28 22:54:08', NULL, '2025-04-28 22:54:08', b'1', 1);
INSERT INTO `product_browse_history` VALUES (571, 247, 634, b'0', NULL, '2025-04-28 22:54:09', NULL, '2025-04-28 22:54:09', b'1', 1);
INSERT INTO `product_browse_history` VALUES (572, 247, 633, b'0', NULL, '2025-04-28 22:54:09', NULL, '2025-04-28 22:54:09', b'1', 1);
INSERT INTO `product_browse_history` VALUES (573, 247, 634, b'0', NULL, '2025-04-28 22:54:09', NULL, '2025-04-28 22:54:09', b'1', 1);
INSERT INTO `product_browse_history` VALUES (574, 247, 633, b'0', NULL, '2025-04-28 22:54:20', NULL, '2025-04-28 22:54:20', b'1', 1);
INSERT INTO `product_browse_history` VALUES (575, 247, 633, b'0', NULL, '2025-04-28 22:55:04', NULL, '2025-04-28 22:55:04', b'1', 1);
INSERT INTO `product_browse_history` VALUES (576, 247, 634, b'0', NULL, '2025-04-28 22:58:01', NULL, '2025-04-28 22:58:01', b'1', 1);
INSERT INTO `product_browse_history` VALUES (577, 247, 634, b'0', NULL, '2025-04-28 22:58:01', NULL, '2025-04-28 22:58:01', b'1', 1);
INSERT INTO `product_browse_history` VALUES (578, 247, 633, b'0', NULL, '2025-04-28 22:58:01', NULL, '2025-04-28 22:58:01', b'1', 1);
INSERT INTO `product_browse_history` VALUES (579, 247, 633, b'0', NULL, '2025-04-28 22:58:50', NULL, '2025-04-28 22:58:50', b'1', 1);
INSERT INTO `product_browse_history` VALUES (580, 247, 634, b'0', NULL, '2025-04-28 22:58:50', NULL, '2025-04-28 22:58:50', b'1', 1);
INSERT INTO `product_browse_history` VALUES (581, 247, 634, b'0', NULL, '2025-04-28 22:58:50', NULL, '2025-04-28 22:58:50', b'1', 1);
INSERT INTO `product_browse_history` VALUES (582, 247, 634, b'0', NULL, '2025-04-28 23:01:24', NULL, '2025-04-28 23:01:24', b'1', 1);
INSERT INTO `product_browse_history` VALUES (583, 247, 634, b'0', NULL, '2025-04-28 23:01:24', NULL, '2025-04-28 23:01:24', b'1', 1);
INSERT INTO `product_browse_history` VALUES (584, 247, 633, b'0', NULL, '2025-04-28 23:01:24', NULL, '2025-04-28 23:01:24', b'1', 1);
INSERT INTO `product_browse_history` VALUES (585, 247, 634, b'0', NULL, '2025-04-28 23:04:11', NULL, '2025-04-28 23:04:11', b'1', 1);
INSERT INTO `product_browse_history` VALUES (586, 247, 633, b'0', NULL, '2025-04-28 23:04:11', NULL, '2025-04-28 23:04:11', b'1', 1);
INSERT INTO `product_browse_history` VALUES (587, 247, 634, b'0', NULL, '2025-04-28 23:04:11', NULL, '2025-04-28 23:04:11', b'1', 1);
INSERT INTO `product_browse_history` VALUES (588, 247, 633, b'0', NULL, '2025-04-28 23:04:19', NULL, '2025-04-28 23:04:19', b'1', 1);
INSERT INTO `product_browse_history` VALUES (589, 247, 634, b'0', NULL, '2025-04-28 23:04:19', NULL, '2025-04-28 23:04:19', b'1', 1);
INSERT INTO `product_browse_history` VALUES (590, 247, 634, b'0', NULL, '2025-04-28 23:04:19', NULL, '2025-04-28 23:04:19', b'1', 1);
INSERT INTO `product_browse_history` VALUES (591, 247, 633, b'0', NULL, '2025-04-28 23:06:36', NULL, '2025-04-28 23:06:36', b'1', 1);
INSERT INTO `product_browse_history` VALUES (592, 247, 634, b'0', NULL, '2025-04-28 23:06:36', NULL, '2025-04-28 23:06:36', b'1', 1);
INSERT INTO `product_browse_history` VALUES (593, 247, 634, b'0', NULL, '2025-04-28 23:06:36', NULL, '2025-04-28 23:06:36', b'1', 1);
INSERT INTO `product_browse_history` VALUES (594, 247, 633, b'0', NULL, '2025-04-28 23:06:45', NULL, '2025-04-28 23:06:45', b'1', 1);
INSERT INTO `product_browse_history` VALUES (595, 247, 634, b'0', NULL, '2025-04-28 23:06:47', NULL, '2025-04-28 23:06:47', b'1', 1);
INSERT INTO `product_browse_history` VALUES (596, 247, 634, b'0', NULL, '2025-04-28 23:06:47', NULL, '2025-04-28 23:06:47', b'1', 1);
INSERT INTO `product_browse_history` VALUES (597, 247, 633, b'0', NULL, '2025-04-28 23:06:47', NULL, '2025-04-28 23:06:47', b'1', 1);
INSERT INTO `product_browse_history` VALUES (598, 247, 633, b'0', NULL, '2025-04-28 23:14:48', NULL, '2025-04-28 23:14:48', b'1', 1);
INSERT INTO `product_browse_history` VALUES (599, 247, 634, b'0', NULL, '2025-04-28 23:14:48', NULL, '2025-04-28 23:14:48', b'1', 1);
INSERT INTO `product_browse_history` VALUES (600, 247, 634, b'0', NULL, '2025-04-28 23:14:48', NULL, '2025-04-28 23:14:48', b'1', 1);
INSERT INTO `product_browse_history` VALUES (601, 247, 633, b'0', NULL, '2025-04-28 23:15:49', NULL, '2025-04-28 23:15:49', b'1', 1);
INSERT INTO `product_browse_history` VALUES (602, 247, 634, b'0', NULL, '2025-04-28 23:15:49', NULL, '2025-04-28 23:15:49', b'1', 1);
INSERT INTO `product_browse_history` VALUES (603, 247, 634, b'0', NULL, '2025-04-28 23:15:49', NULL, '2025-04-28 23:15:49', b'1', 1);
INSERT INTO `product_browse_history` VALUES (604, 247, 633, b'0', NULL, '2025-04-28 23:16:22', NULL, '2025-04-28 23:16:22', b'1', 1);
INSERT INTO `product_browse_history` VALUES (605, 247, 634, b'0', NULL, '2025-04-28 23:16:22', NULL, '2025-04-28 23:16:22', b'1', 1);
INSERT INTO `product_browse_history` VALUES (606, 247, 634, b'0', NULL, '2025-04-28 23:16:22', NULL, '2025-04-28 23:16:22', b'1', 1);
INSERT INTO `product_browse_history` VALUES (607, 247, 634, b'0', NULL, '2025-04-28 23:16:26', NULL, '2025-04-28 23:16:26', b'1', 1);
INSERT INTO `product_browse_history` VALUES (608, 247, 633, b'0', NULL, '2025-04-28 23:16:26', NULL, '2025-04-28 23:16:26', b'1', 1);
INSERT INTO `product_browse_history` VALUES (609, 247, 634, b'0', NULL, '2025-04-28 23:16:26', NULL, '2025-04-28 23:16:26', b'1', 1);
INSERT INTO `product_browse_history` VALUES (610, 247, 634, b'0', NULL, '2025-04-28 23:24:16', NULL, '2025-04-28 23:24:16', b'1', 1);
INSERT INTO `product_browse_history` VALUES (611, 247, 633, b'0', NULL, '2025-04-28 23:24:16', NULL, '2025-04-28 23:24:16', b'1', 1);
INSERT INTO `product_browse_history` VALUES (612, 247, 634, b'0', NULL, '2025-04-28 23:24:16', NULL, '2025-04-28 23:24:16', b'1', 1);
INSERT INTO `product_browse_history` VALUES (613, 247, 633, b'0', NULL, '2025-04-28 23:24:29', NULL, '2025-04-28 23:24:29', b'1', 1);
INSERT INTO `product_browse_history` VALUES (614, 247, 634, b'0', NULL, '2025-04-28 23:24:29', NULL, '2025-04-28 23:24:29', b'1', 1);
INSERT INTO `product_browse_history` VALUES (615, 247, 634, b'0', NULL, '2025-04-28 23:24:29', NULL, '2025-04-28 23:24:29', b'1', 1);
INSERT INTO `product_browse_history` VALUES (616, 247, 634, b'0', NULL, '2025-04-28 23:24:44', NULL, '2025-04-28 23:24:44', b'1', 1);
INSERT INTO `product_browse_history` VALUES (617, 247, 633, b'0', NULL, '2025-04-28 23:24:44', NULL, '2025-04-28 23:24:44', b'1', 1);
INSERT INTO `product_browse_history` VALUES (618, 247, 634, b'0', NULL, '2025-04-28 23:24:44', NULL, '2025-04-28 23:24:44', b'1', 1);
INSERT INTO `product_browse_history` VALUES (619, 247, 634, b'0', NULL, '2025-04-28 23:24:49', NULL, '2025-04-28 23:24:49', b'1', 1);
INSERT INTO `product_browse_history` VALUES (620, 247, 634, b'0', NULL, '2025-04-28 23:24:49', NULL, '2025-04-28 23:24:49', b'1', 1);
INSERT INTO `product_browse_history` VALUES (621, 247, 633, b'0', NULL, '2025-04-28 23:24:49', NULL, '2025-04-28 23:24:49', b'1', 1);
INSERT INTO `product_browse_history` VALUES (622, 247, 633, b'0', NULL, '2025-04-28 23:25:09', NULL, '2025-04-28 23:25:09', b'1', 1);
INSERT INTO `product_browse_history` VALUES (623, 247, 634, b'0', NULL, '2025-04-28 23:25:09', NULL, '2025-04-28 23:25:09', b'1', 1);
INSERT INTO `product_browse_history` VALUES (624, 247, 634, b'0', NULL, '2025-04-28 23:25:09', NULL, '2025-04-28 23:25:09', b'1', 1);
INSERT INTO `product_browse_history` VALUES (625, 247, 633, b'0', NULL, '2025-04-28 23:25:24', NULL, '2025-04-28 23:25:24', b'1', 1);
INSERT INTO `product_browse_history` VALUES (626, 247, 634, b'0', NULL, '2025-04-28 23:25:24', NULL, '2025-04-28 23:25:24', b'1', 1);
INSERT INTO `product_browse_history` VALUES (627, 247, 634, b'0', NULL, '2025-04-28 23:25:24', NULL, '2025-04-28 23:25:24', b'1', 1);
INSERT INTO `product_browse_history` VALUES (628, 247, 633, b'0', NULL, '2025-04-28 23:34:54', NULL, '2025-04-28 23:34:54', b'1', 1);
INSERT INTO `product_browse_history` VALUES (629, 247, 634, b'0', NULL, '2025-04-28 23:34:54', NULL, '2025-04-28 23:34:54', b'1', 1);
INSERT INTO `product_browse_history` VALUES (630, 247, 634, b'0', NULL, '2025-04-28 23:34:54', NULL, '2025-04-28 23:34:54', b'1', 1);
INSERT INTO `product_browse_history` VALUES (631, 247, 634, b'0', NULL, '2025-04-28 23:39:14', NULL, '2025-04-28 23:39:14', b'1', 1);
INSERT INTO `product_browse_history` VALUES (632, 247, 633, b'0', NULL, '2025-04-28 23:39:14', NULL, '2025-04-28 23:39:14', b'1', 1);
INSERT INTO `product_browse_history` VALUES (633, 247, 634, b'0', NULL, '2025-04-28 23:39:14', NULL, '2025-04-28 23:39:14', b'1', 1);
INSERT INTO `product_browse_history` VALUES (634, 247, 634, b'0', NULL, '2025-04-28 23:57:48', NULL, '2025-04-28 23:57:48', b'1', 1);
INSERT INTO `product_browse_history` VALUES (635, 247, 633, b'0', NULL, '2025-04-28 23:57:48', NULL, '2025-04-28 23:57:48', b'1', 1);
INSERT INTO `product_browse_history` VALUES (636, 247, 634, b'0', NULL, '2025-04-28 23:57:48', NULL, '2025-04-28 23:57:48', b'1', 1);
INSERT INTO `product_browse_history` VALUES (637, 247, 634, b'0', NULL, '2025-04-29 08:21:16', NULL, '2025-04-29 08:21:16', b'1', 1);
INSERT INTO `product_browse_history` VALUES (638, 247, 633, b'0', NULL, '2025-04-29 08:21:16', NULL, '2025-04-29 08:21:16', b'1', 1);
INSERT INTO `product_browse_history` VALUES (639, 247, 634, b'0', NULL, '2025-04-29 08:21:16', NULL, '2025-04-29 08:21:16', b'1', 1);
INSERT INTO `product_browse_history` VALUES (640, 247, 634, b'0', NULL, '2025-04-29 08:45:24', NULL, '2025-04-29 08:45:24', b'1', 1);
INSERT INTO `product_browse_history` VALUES (641, 247, 633, b'0', NULL, '2025-04-29 08:45:24', NULL, '2025-04-29 08:45:24', b'1', 1);
INSERT INTO `product_browse_history` VALUES (642, 247, 634, b'0', NULL, '2025-04-29 08:45:24', NULL, '2025-04-29 08:45:24', b'1', 1);
INSERT INTO `product_browse_history` VALUES (643, 247, 633, b'0', NULL, '2025-04-29 08:48:45', NULL, '2025-04-29 08:48:45', b'1', 1);
INSERT INTO `product_browse_history` VALUES (644, 247, 634, b'0', NULL, '2025-04-29 08:48:45', NULL, '2025-04-29 08:48:45', b'1', 1);
INSERT INTO `product_browse_history` VALUES (645, 247, 634, b'0', NULL, '2025-04-29 08:48:45', NULL, '2025-04-29 08:48:45', b'1', 1);
INSERT INTO `product_browse_history` VALUES (646, 247, 633, b'0', NULL, '2025-04-29 08:48:46', NULL, '2025-04-29 08:48:46', b'1', 1);
INSERT INTO `product_browse_history` VALUES (647, 247, 634, b'0', NULL, '2025-04-29 08:49:11', NULL, '2025-04-29 08:49:11', b'1', 1);
INSERT INTO `product_browse_history` VALUES (648, 247, 634, b'0', NULL, '2025-04-29 08:49:11', NULL, '2025-04-29 08:49:11', b'1', 1);
INSERT INTO `product_browse_history` VALUES (649, 247, 633, b'0', NULL, '2025-04-29 08:49:11', NULL, '2025-04-29 08:49:11', b'1', 1);
INSERT INTO `product_browse_history` VALUES (650, 247, 633, b'0', NULL, '2025-04-29 09:00:38', NULL, '2025-04-29 09:00:38', b'1', 1);
INSERT INTO `product_browse_history` VALUES (651, 247, 634, b'0', NULL, '2025-04-29 09:00:38', NULL, '2025-04-29 09:00:38', b'1', 1);
INSERT INTO `product_browse_history` VALUES (652, 247, 634, b'0', NULL, '2025-04-29 09:00:38', NULL, '2025-04-29 09:00:38', b'1', 1);
INSERT INTO `product_browse_history` VALUES (653, 247, 633, b'0', NULL, '2025-04-29 09:01:02', NULL, '2025-04-29 09:01:02', b'1', 1);
INSERT INTO `product_browse_history` VALUES (654, 247, 634, b'0', NULL, '2025-04-29 09:01:02', NULL, '2025-04-29 09:01:02', b'1', 1);
INSERT INTO `product_browse_history` VALUES (655, 247, 634, b'0', NULL, '2025-04-29 09:01:02', NULL, '2025-04-29 09:01:02', b'1', 1);
INSERT INTO `product_browse_history` VALUES (656, 247, 634, b'0', NULL, '2025-04-29 09:01:05', NULL, '2025-04-29 09:01:05', b'1', 1);
INSERT INTO `product_browse_history` VALUES (657, 247, 633, b'0', NULL, '2025-04-29 09:01:05', NULL, '2025-04-29 09:01:05', b'1', 1);
INSERT INTO `product_browse_history` VALUES (658, 247, 634, b'0', NULL, '2025-04-29 09:01:05', NULL, '2025-04-29 09:01:05', b'1', 1);
INSERT INTO `product_browse_history` VALUES (659, 247, 634, b'0', NULL, '2025-04-29 09:02:17', NULL, '2025-04-29 09:02:17', b'1', 1);
INSERT INTO `product_browse_history` VALUES (660, 247, 633, b'0', NULL, '2025-04-29 09:02:17', NULL, '2025-04-29 09:02:17', b'1', 1);
INSERT INTO `product_browse_history` VALUES (661, 247, 634, b'0', NULL, '2025-04-29 09:02:17', NULL, '2025-04-29 09:02:17', b'1', 1);
INSERT INTO `product_browse_history` VALUES (662, 247, 634, b'0', NULL, '2025-04-29 09:02:29', NULL, '2025-04-29 09:02:29', b'1', 1);
INSERT INTO `product_browse_history` VALUES (663, 247, 633, b'0', NULL, '2025-04-29 09:02:29', NULL, '2025-04-29 09:02:29', b'1', 1);
INSERT INTO `product_browse_history` VALUES (664, 247, 634, b'0', NULL, '2025-04-29 09:02:29', NULL, '2025-04-29 09:02:29', b'1', 1);
INSERT INTO `product_browse_history` VALUES (665, 247, 633, b'0', NULL, '2025-04-29 09:03:00', NULL, '2025-04-29 09:03:00', b'1', 1);
INSERT INTO `product_browse_history` VALUES (666, 247, 634, b'0', NULL, '2025-04-29 09:03:00', NULL, '2025-04-29 09:03:00', b'1', 1);
INSERT INTO `product_browse_history` VALUES (667, 247, 634, b'0', NULL, '2025-04-29 09:03:00', NULL, '2025-04-29 09:03:00', b'1', 1);
INSERT INTO `product_browse_history` VALUES (668, 247, 634, b'0', NULL, '2025-04-29 09:03:32', NULL, '2025-04-29 09:03:32', b'1', 1);
INSERT INTO `product_browse_history` VALUES (669, 247, 633, b'0', NULL, '2025-04-29 09:03:32', NULL, '2025-04-29 09:03:32', b'1', 1);
INSERT INTO `product_browse_history` VALUES (670, 247, 634, b'0', NULL, '2025-04-29 09:03:32', NULL, '2025-04-29 09:03:32', b'1', 1);
INSERT INTO `product_browse_history` VALUES (671, 247, 634, b'0', NULL, '2025-04-29 09:03:44', NULL, '2025-04-29 09:03:44', b'1', 1);
INSERT INTO `product_browse_history` VALUES (672, 247, 633, b'0', NULL, '2025-04-29 09:03:44', NULL, '2025-04-29 09:03:44', b'1', 1);
INSERT INTO `product_browse_history` VALUES (673, 247, 634, b'0', NULL, '2025-04-29 09:03:44', NULL, '2025-04-29 09:03:44', b'1', 1);
INSERT INTO `product_browse_history` VALUES (674, 247, 634, b'0', NULL, '2025-04-29 09:03:54', NULL, '2025-04-29 09:03:54', b'1', 1);
INSERT INTO `product_browse_history` VALUES (675, 247, 634, b'0', NULL, '2025-04-29 09:03:54', NULL, '2025-04-29 09:03:54', b'1', 1);
INSERT INTO `product_browse_history` VALUES (676, 247, 633, b'0', NULL, '2025-04-29 09:03:54', NULL, '2025-04-29 09:03:54', b'1', 1);
INSERT INTO `product_browse_history` VALUES (677, 247, 634, b'0', NULL, '2025-04-29 09:04:01', NULL, '2025-04-29 09:04:01', b'1', 1);
INSERT INTO `product_browse_history` VALUES (678, 247, 634, b'0', NULL, '2025-04-29 09:04:01', NULL, '2025-04-29 09:04:01', b'1', 1);
INSERT INTO `product_browse_history` VALUES (679, 247, 633, b'0', NULL, '2025-04-29 09:04:01', NULL, '2025-04-29 09:04:01', b'1', 1);
INSERT INTO `product_browse_history` VALUES (680, 247, 634, b'0', NULL, '2025-04-29 09:04:24', NULL, '2025-04-29 09:04:24', b'1', 1);
INSERT INTO `product_browse_history` VALUES (681, 247, 634, b'0', NULL, '2025-04-29 09:04:24', NULL, '2025-04-29 09:04:24', b'1', 1);
INSERT INTO `product_browse_history` VALUES (682, 247, 633, b'0', NULL, '2025-04-29 09:04:24', NULL, '2025-04-29 09:04:24', b'1', 1);
INSERT INTO `product_browse_history` VALUES (683, 247, 634, b'0', NULL, '2025-04-29 09:04:44', NULL, '2025-04-29 09:04:44', b'1', 1);
INSERT INTO `product_browse_history` VALUES (684, 247, 633, b'0', NULL, '2025-04-29 09:04:44', NULL, '2025-04-29 09:04:44', b'1', 1);
INSERT INTO `product_browse_history` VALUES (685, 247, 634, b'0', NULL, '2025-04-29 09:04:44', NULL, '2025-04-29 09:04:44', b'1', 1);
INSERT INTO `product_browse_history` VALUES (686, 247, 633, b'0', NULL, '2025-04-29 09:05:05', NULL, '2025-04-29 09:05:05', b'1', 1);
INSERT INTO `product_browse_history` VALUES (687, 247, 634, b'0', NULL, '2025-04-29 09:05:05', NULL, '2025-04-29 09:05:05', b'1', 1);
INSERT INTO `product_browse_history` VALUES (688, 247, 634, b'0', NULL, '2025-04-29 09:05:05', NULL, '2025-04-29 09:05:05', b'1', 1);
INSERT INTO `product_browse_history` VALUES (689, 247, 633, b'0', NULL, '2025-04-29 09:05:10', NULL, '2025-04-29 09:05:10', b'1', 1);
INSERT INTO `product_browse_history` VALUES (690, 247, 634, b'0', NULL, '2025-04-29 09:05:10', NULL, '2025-04-29 09:05:10', b'1', 1);
INSERT INTO `product_browse_history` VALUES (691, 247, 634, b'0', NULL, '2025-04-29 09:05:10', NULL, '2025-04-29 09:05:10', b'1', 1);
INSERT INTO `product_browse_history` VALUES (692, 247, 633, b'0', NULL, '2025-04-29 09:56:23', NULL, '2025-04-29 09:56:23', b'1', 1);
INSERT INTO `product_browse_history` VALUES (693, 247, 634, b'0', NULL, '2025-04-29 09:56:23', NULL, '2025-04-29 09:56:23', b'1', 1);
INSERT INTO `product_browse_history` VALUES (694, 247, 634, b'0', NULL, '2025-04-29 09:56:23', NULL, '2025-04-29 09:56:23', b'1', 1);
INSERT INTO `product_browse_history` VALUES (695, 247, 633, b'0', NULL, '2025-04-29 09:57:36', NULL, '2025-04-29 09:57:36', b'1', 1);
INSERT INTO `product_browse_history` VALUES (696, 247, 634, b'0', NULL, '2025-04-29 09:57:36', NULL, '2025-04-29 09:57:36', b'1', 1);
INSERT INTO `product_browse_history` VALUES (697, 247, 634, b'0', NULL, '2025-04-29 09:57:36', NULL, '2025-04-29 09:57:36', b'1', 1);
INSERT INTO `product_browse_history` VALUES (698, 247, 633, b'0', NULL, '2025-04-29 09:57:39', NULL, '2025-04-29 09:57:39', b'1', 1);
INSERT INTO `product_browse_history` VALUES (699, 247, 634, b'0', NULL, '2025-04-29 09:57:39', NULL, '2025-04-29 09:57:39', b'1', 1);
INSERT INTO `product_browse_history` VALUES (700, 247, 634, b'0', NULL, '2025-04-29 09:57:39', NULL, '2025-04-29 09:57:39', b'1', 1);
INSERT INTO `product_browse_history` VALUES (701, 247, 634, b'0', NULL, '2025-04-29 09:57:47', NULL, '2025-04-29 09:57:47', b'1', 1);
INSERT INTO `product_browse_history` VALUES (702, 247, 634, b'0', NULL, '2025-04-29 09:58:09', NULL, '2025-04-29 09:58:09', b'1', 1);
INSERT INTO `product_browse_history` VALUES (703, 247, 634, b'0', NULL, '2025-04-29 09:58:09', NULL, '2025-04-29 09:58:09', b'1', 1);
INSERT INTO `product_browse_history` VALUES (704, 247, 633, b'0', NULL, '2025-04-29 09:58:09', NULL, '2025-04-29 09:58:09', b'1', 1);
INSERT INTO `product_browse_history` VALUES (705, 247, 633, b'0', NULL, '2025-04-29 09:58:31', NULL, '2025-04-29 09:58:31', b'1', 1);
INSERT INTO `product_browse_history` VALUES (706, 247, 634, b'0', NULL, '2025-04-29 09:58:31', NULL, '2025-04-29 09:58:31', b'1', 1);
INSERT INTO `product_browse_history` VALUES (707, 247, 634, b'0', NULL, '2025-04-29 09:58:31', NULL, '2025-04-29 09:58:31', b'1', 1);
INSERT INTO `product_browse_history` VALUES (708, 247, 633, b'0', NULL, '2025-04-29 09:59:01', NULL, '2025-04-29 09:59:01', b'1', 1);
INSERT INTO `product_browse_history` VALUES (709, 247, 634, b'0', NULL, '2025-04-29 09:59:01', NULL, '2025-04-29 09:59:01', b'1', 1);
INSERT INTO `product_browse_history` VALUES (710, 247, 634, b'0', NULL, '2025-04-29 09:59:01', NULL, '2025-04-29 09:59:01', b'1', 1);
INSERT INTO `product_browse_history` VALUES (711, 247, 634, b'0', NULL, '2025-04-29 09:59:10', NULL, '2025-04-29 09:59:10', b'1', 1);
INSERT INTO `product_browse_history` VALUES (712, 247, 633, b'0', NULL, '2025-04-29 09:59:10', NULL, '2025-04-29 09:59:10', b'1', 1);
INSERT INTO `product_browse_history` VALUES (713, 247, 634, b'0', NULL, '2025-04-29 09:59:10', NULL, '2025-04-29 09:59:10', b'1', 1);
INSERT INTO `product_browse_history` VALUES (714, 247, 633, b'0', NULL, '2025-04-29 09:59:38', NULL, '2025-04-29 09:59:38', b'1', 1);
INSERT INTO `product_browse_history` VALUES (715, 247, 634, b'0', NULL, '2025-04-29 09:59:38', NULL, '2025-04-29 09:59:38', b'1', 1);
INSERT INTO `product_browse_history` VALUES (716, 247, 634, b'0', NULL, '2025-04-29 09:59:38', NULL, '2025-04-29 09:59:38', b'1', 1);
INSERT INTO `product_browse_history` VALUES (717, 247, 639, b'0', NULL, '2025-04-29 10:14:51', NULL, '2025-04-29 10:14:51', b'1', 1);
INSERT INTO `product_browse_history` VALUES (718, 247, 639, b'0', NULL, '2025-04-29 10:15:04', NULL, '2025-04-29 10:15:04', b'0', 1);
INSERT INTO `product_browse_history` VALUES (719, 247, 634, b'0', NULL, '2025-04-29 10:15:08', NULL, '2025-04-29 10:15:08', b'1', 1);
INSERT INTO `product_browse_history` VALUES (720, 247, 633, b'0', NULL, '2025-04-29 10:15:37', NULL, '2025-04-29 10:15:37', b'1', 1);
INSERT INTO `product_browse_history` VALUES (721, 247, 634, b'0', NULL, '2025-04-29 10:15:37', NULL, '2025-04-29 10:15:37', b'1', 1);
INSERT INTO `product_browse_history` VALUES (722, 247, 634, b'0', NULL, '2025-04-29 10:15:37', NULL, '2025-04-29 10:15:37', b'1', 1);
INSERT INTO `product_browse_history` VALUES (723, 247, 633, b'0', NULL, '2025-04-29 10:16:05', NULL, '2025-04-29 10:16:05', b'1', 1);
INSERT INTO `product_browse_history` VALUES (724, 247, 634, b'0', NULL, '2025-04-29 10:16:05', NULL, '2025-04-29 10:16:05', b'1', 1);
INSERT INTO `product_browse_history` VALUES (725, 247, 634, b'0', NULL, '2025-04-29 10:16:05', NULL, '2025-04-29 10:16:05', b'1', 1);
INSERT INTO `product_browse_history` VALUES (726, 247, 634, b'0', NULL, '2025-04-29 10:16:08', NULL, '2025-04-29 10:16:08', b'1', 1);
INSERT INTO `product_browse_history` VALUES (727, 247, 634, b'0', NULL, '2025-04-29 10:16:08', NULL, '2025-04-29 10:16:08', b'1', 1);
INSERT INTO `product_browse_history` VALUES (728, 247, 633, b'0', NULL, '2025-04-29 10:16:08', NULL, '2025-04-29 10:16:08', b'1', 1);
INSERT INTO `product_browse_history` VALUES (729, 247, 633, b'0', NULL, '2025-04-29 10:21:49', NULL, '2025-04-29 10:21:49', b'1', 1);
INSERT INTO `product_browse_history` VALUES (730, 247, 634, b'0', NULL, '2025-04-29 10:21:49', NULL, '2025-04-29 10:21:49', b'1', 1);
INSERT INTO `product_browse_history` VALUES (731, 247, 634, b'0', NULL, '2025-04-29 10:21:49', NULL, '2025-04-29 10:21:49', b'1', 1);
INSERT INTO `product_browse_history` VALUES (732, 247, 633, b'0', NULL, '2025-04-29 10:21:50', NULL, '2025-04-29 10:21:50', b'1', 1);
INSERT INTO `product_browse_history` VALUES (733, 247, 633, b'0', NULL, '2025-04-29 10:22:19', NULL, '2025-04-29 10:22:19', b'1', 1);
INSERT INTO `product_browse_history` VALUES (734, 247, 633, b'0', NULL, '2025-04-29 10:22:29', NULL, '2025-04-29 10:22:29', b'1', 1);
INSERT INTO `product_browse_history` VALUES (735, 247, 633, b'0', NULL, '2025-04-29 10:22:34', NULL, '2025-04-29 10:22:34', b'1', 1);
INSERT INTO `product_browse_history` VALUES (736, 247, 633, b'0', NULL, '2025-04-29 10:22:51', NULL, '2025-04-29 10:22:51', b'1', 1);
INSERT INTO `product_browse_history` VALUES (737, 247, 634, b'0', NULL, '2025-04-29 10:22:51', NULL, '2025-04-29 10:22:51', b'1', 1);
INSERT INTO `product_browse_history` VALUES (738, 247, 634, b'0', NULL, '2025-04-29 10:22:51', NULL, '2025-04-29 10:22:51', b'1', 1);
INSERT INTO `product_browse_history` VALUES (739, 247, 634, b'0', NULL, '2025-04-29 10:22:55', NULL, '2025-04-29 10:22:55', b'1', 1);
INSERT INTO `product_browse_history` VALUES (740, 247, 633, b'0', NULL, '2025-04-29 10:22:56', NULL, '2025-04-29 10:22:56', b'1', 1);
INSERT INTO `product_browse_history` VALUES (741, 247, 634, b'0', NULL, '2025-04-29 10:22:56', NULL, '2025-04-29 10:22:56', b'1', 1);
INSERT INTO `product_browse_history` VALUES (742, 247, 634, b'0', NULL, '2025-04-29 10:22:56', NULL, '2025-04-29 10:22:56', b'1', 1);
INSERT INTO `product_browse_history` VALUES (743, 247, 633, b'0', NULL, '2025-04-29 10:23:19', NULL, '2025-04-29 10:23:19', b'1', 1);
INSERT INTO `product_browse_history` VALUES (744, 247, 634, b'0', NULL, '2025-04-29 10:23:19', NULL, '2025-04-29 10:23:19', b'1', 1);
INSERT INTO `product_browse_history` VALUES (745, 247, 634, b'0', NULL, '2025-04-29 10:23:19', NULL, '2025-04-29 10:23:19', b'1', 1);
INSERT INTO `product_browse_history` VALUES (746, 247, 633, b'0', NULL, '2025-04-29 10:23:41', NULL, '2025-04-29 10:23:41', b'1', 1);
INSERT INTO `product_browse_history` VALUES (747, 247, 634, b'0', NULL, '2025-04-29 10:23:41', NULL, '2025-04-29 10:23:41', b'1', 1);
INSERT INTO `product_browse_history` VALUES (748, 247, 634, b'0', NULL, '2025-04-29 10:23:41', NULL, '2025-04-29 10:23:41', b'1', 1);
INSERT INTO `product_browse_history` VALUES (749, 247, 634, b'0', NULL, '2025-04-29 10:24:39', NULL, '2025-04-29 10:24:39', b'1', 1);
INSERT INTO `product_browse_history` VALUES (750, 247, 634, b'0', NULL, '2025-04-29 10:24:39', NULL, '2025-04-29 10:24:39', b'1', 1);
INSERT INTO `product_browse_history` VALUES (751, 247, 633, b'0', NULL, '2025-04-29 10:24:39', NULL, '2025-04-29 10:24:39', b'1', 1);
INSERT INTO `product_browse_history` VALUES (752, 247, 634, b'0', NULL, '2025-04-29 10:24:43', NULL, '2025-04-29 10:24:43', b'1', 1);
INSERT INTO `product_browse_history` VALUES (753, 247, 634, b'0', NULL, '2025-04-29 10:24:43', NULL, '2025-04-29 10:24:43', b'1', 1);
INSERT INTO `product_browse_history` VALUES (754, 247, 633, b'0', NULL, '2025-04-29 10:24:43', NULL, '2025-04-29 10:24:43', b'1', 1);
INSERT INTO `product_browse_history` VALUES (755, 247, 633, b'0', NULL, '2025-04-29 10:49:45', NULL, '2025-04-29 10:49:45', b'1', 1);
INSERT INTO `product_browse_history` VALUES (756, 247, 634, b'0', NULL, '2025-04-29 10:49:45', NULL, '2025-04-29 10:49:45', b'1', 1);
INSERT INTO `product_browse_history` VALUES (757, 247, 634, b'0', NULL, '2025-04-29 10:49:45', NULL, '2025-04-29 10:49:45', b'1', 1);
INSERT INTO `product_browse_history` VALUES (758, 247, 634, b'0', NULL, '2025-04-29 10:49:49', NULL, '2025-04-29 10:49:49', b'1', 1);
INSERT INTO `product_browse_history` VALUES (759, 247, 633, b'0', NULL, '2025-04-29 10:49:49', NULL, '2025-04-29 10:49:49', b'1', 1);
INSERT INTO `product_browse_history` VALUES (760, 247, 634, b'0', NULL, '2025-04-29 10:49:49', NULL, '2025-04-29 10:49:49', b'1', 1);
INSERT INTO `product_browse_history` VALUES (761, 247, 634, b'0', NULL, '2025-04-29 10:51:27', NULL, '2025-04-29 10:51:27', b'1', 1);
INSERT INTO `product_browse_history` VALUES (762, 247, 633, b'0', NULL, '2025-04-29 10:51:27', NULL, '2025-04-29 10:51:27', b'1', 1);
INSERT INTO `product_browse_history` VALUES (763, 247, 634, b'0', NULL, '2025-04-29 10:51:27', NULL, '2025-04-29 10:51:27', b'1', 1);
INSERT INTO `product_browse_history` VALUES (764, 247, 634, b'0', NULL, '2025-04-29 10:51:30', NULL, '2025-04-29 10:51:30', b'1', 1);
INSERT INTO `product_browse_history` VALUES (765, 247, 634, b'0', NULL, '2025-04-29 10:51:30', NULL, '2025-04-29 10:51:30', b'1', 1);
INSERT INTO `product_browse_history` VALUES (766, 247, 633, b'0', NULL, '2025-04-29 10:51:30', NULL, '2025-04-29 10:51:30', b'1', 1);
INSERT INTO `product_browse_history` VALUES (767, 247, 634, b'0', NULL, '2025-04-29 10:52:30', NULL, '2025-04-29 10:52:30', b'1', 1);
INSERT INTO `product_browse_history` VALUES (768, 247, 633, b'0', NULL, '2025-04-29 10:52:30', NULL, '2025-04-29 10:52:30', b'1', 1);
INSERT INTO `product_browse_history` VALUES (769, 247, 634, b'0', NULL, '2025-04-29 10:52:30', NULL, '2025-04-29 10:52:30', b'1', 1);
INSERT INTO `product_browse_history` VALUES (770, 247, 633, b'0', NULL, '2025-04-29 10:54:10', NULL, '2025-04-29 10:54:10', b'1', 1);
INSERT INTO `product_browse_history` VALUES (771, 247, 634, b'0', NULL, '2025-04-29 10:54:10', NULL, '2025-04-29 10:54:10', b'1', 1);
INSERT INTO `product_browse_history` VALUES (772, 247, 634, b'0', NULL, '2025-04-29 10:54:10', NULL, '2025-04-29 10:54:10', b'1', 1);
INSERT INTO `product_browse_history` VALUES (773, 247, 634, b'0', NULL, '2025-04-29 10:54:16', NULL, '2025-04-29 10:54:16', b'1', 1);
INSERT INTO `product_browse_history` VALUES (774, 247, 633, b'0', NULL, '2025-04-29 10:54:16', NULL, '2025-04-29 10:54:16', b'1', 1);
INSERT INTO `product_browse_history` VALUES (775, 247, 634, b'0', NULL, '2025-04-29 10:54:16', NULL, '2025-04-29 10:54:16', b'1', 1);
INSERT INTO `product_browse_history` VALUES (776, 247, 633, b'0', NULL, '2025-04-29 10:54:55', NULL, '2025-04-29 10:54:55', b'1', 1);
INSERT INTO `product_browse_history` VALUES (777, 247, 634, b'0', NULL, '2025-04-29 10:54:55', NULL, '2025-04-29 10:54:55', b'1', 1);
INSERT INTO `product_browse_history` VALUES (778, 247, 634, b'0', NULL, '2025-04-29 10:54:55', NULL, '2025-04-29 10:54:55', b'1', 1);
INSERT INTO `product_browse_history` VALUES (779, 247, 634, b'0', NULL, '2025-04-29 10:55:00', NULL, '2025-04-29 10:55:00', b'1', 1);
INSERT INTO `product_browse_history` VALUES (780, 247, 634, b'0', NULL, '2025-04-29 10:55:00', NULL, '2025-04-29 10:55:00', b'1', 1);
INSERT INTO `product_browse_history` VALUES (781, 247, 633, b'0', NULL, '2025-04-29 10:55:01', NULL, '2025-04-29 10:55:01', b'1', 1);
INSERT INTO `product_browse_history` VALUES (782, 247, 633, b'0', NULL, '2025-04-29 10:55:04', NULL, '2025-04-29 10:55:04', b'1', 1);
INSERT INTO `product_browse_history` VALUES (783, 247, 634, b'0', NULL, '2025-04-29 10:55:04', NULL, '2025-04-29 10:55:04', b'1', 1);
INSERT INTO `product_browse_history` VALUES (784, 247, 634, b'0', NULL, '2025-04-29 10:55:04', NULL, '2025-04-29 10:55:04', b'1', 1);
INSERT INTO `product_browse_history` VALUES (785, 247, 634, b'0', NULL, '2025-04-29 10:55:07', NULL, '2025-04-29 10:55:07', b'1', 1);
INSERT INTO `product_browse_history` VALUES (786, 247, 633, b'0', NULL, '2025-04-29 10:55:07', NULL, '2025-04-29 10:55:07', b'1', 1);
INSERT INTO `product_browse_history` VALUES (787, 247, 634, b'0', NULL, '2025-04-29 10:55:07', NULL, '2025-04-29 10:55:07', b'1', 1);
INSERT INTO `product_browse_history` VALUES (788, 247, 634, b'0', NULL, '2025-04-29 10:55:39', NULL, '2025-04-29 10:55:39', b'1', 1);
INSERT INTO `product_browse_history` VALUES (789, 247, 633, b'0', NULL, '2025-04-29 10:55:39', NULL, '2025-04-29 10:55:39', b'1', 1);
INSERT INTO `product_browse_history` VALUES (790, 247, 634, b'0', NULL, '2025-04-29 10:55:39', NULL, '2025-04-29 10:55:39', b'1', 1);
INSERT INTO `product_browse_history` VALUES (791, 247, 634, b'0', NULL, '2025-04-29 11:03:13', NULL, '2025-04-29 11:03:13', b'1', 1);
INSERT INTO `product_browse_history` VALUES (792, 247, 634, b'0', NULL, '2025-04-29 11:03:13', NULL, '2025-04-29 11:03:13', b'1', 1);
INSERT INTO `product_browse_history` VALUES (793, 247, 633, b'0', NULL, '2025-04-29 11:03:13', NULL, '2025-04-29 11:03:13', b'1', 1);
INSERT INTO `product_browse_history` VALUES (794, 247, 633, b'0', NULL, '2025-04-29 11:04:12', NULL, '2025-04-29 11:04:12', b'1', 1);
INSERT INTO `product_browse_history` VALUES (795, 247, 634, b'0', NULL, '2025-04-29 11:04:12', NULL, '2025-04-29 11:04:12', b'1', 1);
INSERT INTO `product_browse_history` VALUES (796, 247, 634, b'0', NULL, '2025-04-29 11:04:12', NULL, '2025-04-29 11:04:12', b'1', 1);
INSERT INTO `product_browse_history` VALUES (797, 247, 633, b'0', NULL, '2025-04-29 11:04:23', NULL, '2025-04-29 11:04:23', b'1', 1);
INSERT INTO `product_browse_history` VALUES (798, 247, 634, b'0', NULL, '2025-04-29 11:04:23', NULL, '2025-04-29 11:04:23', b'1', 1);
INSERT INTO `product_browse_history` VALUES (799, 247, 634, b'0', NULL, '2025-04-29 11:04:23', NULL, '2025-04-29 11:04:23', b'1', 1);
INSERT INTO `product_browse_history` VALUES (800, 247, 633, b'0', NULL, '2025-04-29 11:04:30', NULL, '2025-04-29 11:04:30', b'1', 1);
INSERT INTO `product_browse_history` VALUES (801, 247, 634, b'0', NULL, '2025-04-29 11:04:30', NULL, '2025-04-29 11:04:30', b'1', 1);
INSERT INTO `product_browse_history` VALUES (802, 247, 634, b'0', NULL, '2025-04-29 11:04:30', NULL, '2025-04-29 11:04:30', b'1', 1);
INSERT INTO `product_browse_history` VALUES (803, 247, 634, b'0', NULL, '2025-04-29 11:12:44', NULL, '2025-04-29 11:12:44', b'1', 1);
INSERT INTO `product_browse_history` VALUES (804, 247, 634, b'0', NULL, '2025-04-29 11:12:44', NULL, '2025-04-29 11:12:44', b'1', 1);
INSERT INTO `product_browse_history` VALUES (805, 247, 633, b'0', NULL, '2025-04-29 11:12:44', NULL, '2025-04-29 11:12:44', b'1', 1);
INSERT INTO `product_browse_history` VALUES (806, 247, 633, b'0', NULL, '2025-04-29 11:16:38', NULL, '2025-04-29 11:16:38', b'1', 1);
INSERT INTO `product_browse_history` VALUES (807, 247, 634, b'0', NULL, '2025-04-29 11:16:38', NULL, '2025-04-29 11:16:38', b'1', 1);
INSERT INTO `product_browse_history` VALUES (808, 247, 634, b'0', NULL, '2025-04-29 11:16:38', NULL, '2025-04-29 11:16:38', b'1', 1);
INSERT INTO `product_browse_history` VALUES (809, 247, 634, b'0', NULL, '2025-04-29 11:16:49', NULL, '2025-04-29 11:16:49', b'1', 1);
INSERT INTO `product_browse_history` VALUES (810, 247, 634, b'0', NULL, '2025-04-29 11:16:49', NULL, '2025-04-29 11:16:49', b'1', 1);
INSERT INTO `product_browse_history` VALUES (811, 247, 633, b'0', NULL, '2025-04-29 11:16:49', NULL, '2025-04-29 11:16:49', b'1', 1);
INSERT INTO `product_browse_history` VALUES (812, 247, 634, b'0', NULL, '2025-04-29 11:29:34', NULL, '2025-04-29 11:29:34', b'1', 1);
INSERT INTO `product_browse_history` VALUES (813, 247, 633, b'0', NULL, '2025-04-29 11:29:34', NULL, '2025-04-29 11:29:34', b'1', 1);
INSERT INTO `product_browse_history` VALUES (814, 247, 634, b'0', NULL, '2025-04-29 11:29:34', NULL, '2025-04-29 11:29:34', b'1', 1);
INSERT INTO `product_browse_history` VALUES (815, 247, 633, b'0', NULL, '2025-04-29 11:29:43', NULL, '2025-04-29 11:29:43', b'1', 1);
INSERT INTO `product_browse_history` VALUES (816, 247, 634, b'0', NULL, '2025-04-29 11:29:43', NULL, '2025-04-29 11:29:43', b'1', 1);
INSERT INTO `product_browse_history` VALUES (817, 247, 634, b'0', NULL, '2025-04-29 11:29:43', NULL, '2025-04-29 11:29:43', b'1', 1);
INSERT INTO `product_browse_history` VALUES (818, 247, 634, b'0', NULL, '2025-04-29 11:29:59', NULL, '2025-04-29 11:29:59', b'1', 1);
INSERT INTO `product_browse_history` VALUES (819, 247, 633, b'0', NULL, '2025-04-29 11:29:59', NULL, '2025-04-29 11:29:59', b'1', 1);
INSERT INTO `product_browse_history` VALUES (820, 247, 634, b'0', NULL, '2025-04-29 11:29:59', NULL, '2025-04-29 11:29:59', b'1', 1);
INSERT INTO `product_browse_history` VALUES (821, 247, 633, b'0', NULL, '2025-04-29 11:30:07', NULL, '2025-04-29 11:30:07', b'1', 1);
INSERT INTO `product_browse_history` VALUES (822, 247, 634, b'0', NULL, '2025-04-29 11:30:07', NULL, '2025-04-29 11:30:07', b'1', 1);
INSERT INTO `product_browse_history` VALUES (823, 247, 634, b'0', NULL, '2025-04-29 11:30:07', NULL, '2025-04-29 11:30:07', b'1', 1);
INSERT INTO `product_browse_history` VALUES (824, 247, 633, b'0', NULL, '2025-04-29 11:32:17', NULL, '2025-04-29 11:32:17', b'1', 1);
INSERT INTO `product_browse_history` VALUES (825, 247, 634, b'0', NULL, '2025-04-29 11:32:17', NULL, '2025-04-29 11:32:17', b'1', 1);
INSERT INTO `product_browse_history` VALUES (826, 247, 634, b'0', NULL, '2025-04-29 11:32:17', NULL, '2025-04-29 11:32:17', b'1', 1);
INSERT INTO `product_browse_history` VALUES (827, 247, 633, b'0', NULL, '2025-04-29 11:33:19', NULL, '2025-04-29 11:33:19', b'1', 1);
INSERT INTO `product_browse_history` VALUES (828, 247, 634, b'0', NULL, '2025-04-29 11:33:19', NULL, '2025-04-29 11:33:19', b'1', 1);
INSERT INTO `product_browse_history` VALUES (829, 247, 634, b'0', NULL, '2025-04-29 11:33:19', NULL, '2025-04-29 11:33:19', b'1', 1);
INSERT INTO `product_browse_history` VALUES (830, 247, 634, b'0', NULL, '2025-04-29 11:33:23', NULL, '2025-04-29 11:33:23', b'1', 1);
INSERT INTO `product_browse_history` VALUES (831, 247, 633, b'0', NULL, '2025-04-29 11:33:23', NULL, '2025-04-29 11:33:23', b'1', 1);
INSERT INTO `product_browse_history` VALUES (832, 247, 634, b'0', NULL, '2025-04-29 11:33:23', NULL, '2025-04-29 11:33:23', b'1', 1);
INSERT INTO `product_browse_history` VALUES (833, 247, 633, b'0', NULL, '2025-04-29 11:33:45', NULL, '2025-04-29 11:33:45', b'1', 1);
INSERT INTO `product_browse_history` VALUES (834, 247, 634, b'0', NULL, '2025-04-29 11:33:45', NULL, '2025-04-29 11:33:45', b'1', 1);
INSERT INTO `product_browse_history` VALUES (835, 247, 634, b'0', NULL, '2025-04-29 11:33:45', NULL, '2025-04-29 11:33:45', b'1', 1);
INSERT INTO `product_browse_history` VALUES (836, 247, 634, b'0', NULL, '2025-04-29 11:33:53', NULL, '2025-04-29 11:33:53', b'1', 1);
INSERT INTO `product_browse_history` VALUES (837, 247, 634, b'0', NULL, '2025-04-29 11:33:53', NULL, '2025-04-29 11:33:53', b'1', 1);
INSERT INTO `product_browse_history` VALUES (838, 247, 633, b'0', NULL, '2025-04-29 11:33:53', NULL, '2025-04-29 11:33:53', b'1', 1);
INSERT INTO `product_browse_history` VALUES (839, 247, 633, b'0', NULL, '2025-04-29 11:35:23', NULL, '2025-04-29 11:35:23', b'1', 1);
INSERT INTO `product_browse_history` VALUES (840, 247, 634, b'0', NULL, '2025-04-29 11:35:23', NULL, '2025-04-29 11:35:23', b'1', 1);
INSERT INTO `product_browse_history` VALUES (841, 247, 634, b'0', NULL, '2025-04-29 11:35:23', NULL, '2025-04-29 11:35:23', b'1', 1);
INSERT INTO `product_browse_history` VALUES (842, 247, 634, b'0', NULL, '2025-04-29 11:35:34', NULL, '2025-04-29 11:35:34', b'1', 1);
INSERT INTO `product_browse_history` VALUES (843, 247, 634, b'0', NULL, '2025-04-29 11:35:34', NULL, '2025-04-29 11:35:34', b'1', 1);
INSERT INTO `product_browse_history` VALUES (844, 247, 633, b'0', NULL, '2025-04-29 11:35:34', NULL, '2025-04-29 11:35:34', b'1', 1);
INSERT INTO `product_browse_history` VALUES (845, 247, 633, b'0', NULL, '2025-04-29 11:38:05', NULL, '2025-04-29 11:38:05', b'1', 1);
INSERT INTO `product_browse_history` VALUES (846, 247, 634, b'0', NULL, '2025-04-29 11:38:05', NULL, '2025-04-29 11:38:05', b'1', 1);
INSERT INTO `product_browse_history` VALUES (847, 247, 634, b'0', NULL, '2025-04-29 11:38:05', NULL, '2025-04-29 11:38:05', b'1', 1);
INSERT INTO `product_browse_history` VALUES (848, 247, 634, b'0', NULL, '2025-04-29 11:38:27', NULL, '2025-04-29 11:38:27', b'1', 1);
INSERT INTO `product_browse_history` VALUES (849, 247, 634, b'0', NULL, '2025-04-29 11:38:27', NULL, '2025-04-29 11:38:27', b'1', 1);
INSERT INTO `product_browse_history` VALUES (850, 247, 633, b'0', NULL, '2025-04-29 11:38:27', NULL, '2025-04-29 11:38:27', b'1', 1);
INSERT INTO `product_browse_history` VALUES (851, 247, 633, b'0', NULL, '2025-04-29 11:38:39', NULL, '2025-04-29 11:38:39', b'1', 1);
INSERT INTO `product_browse_history` VALUES (852, 247, 634, b'0', NULL, '2025-04-29 11:38:39', NULL, '2025-04-29 11:38:39', b'1', 1);
INSERT INTO `product_browse_history` VALUES (853, 247, 634, b'0', NULL, '2025-04-29 11:38:39', NULL, '2025-04-29 11:38:39', b'1', 1);
INSERT INTO `product_browse_history` VALUES (854, 247, 634, b'0', NULL, '2025-04-29 11:39:11', NULL, '2025-04-29 11:39:11', b'1', 1);
INSERT INTO `product_browse_history` VALUES (855, 247, 633, b'0', NULL, '2025-04-29 11:39:11', NULL, '2025-04-29 11:39:11', b'1', 1);
INSERT INTO `product_browse_history` VALUES (856, 247, 634, b'0', NULL, '2025-04-29 11:39:11', NULL, '2025-04-29 11:39:11', b'1', 1);
INSERT INTO `product_browse_history` VALUES (857, 247, 634, b'0', NULL, '2025-04-29 11:42:53', NULL, '2025-04-29 11:42:53', b'1', 1);
INSERT INTO `product_browse_history` VALUES (858, 247, 633, b'0', NULL, '2025-04-29 11:42:53', NULL, '2025-04-29 11:42:53', b'1', 1);
INSERT INTO `product_browse_history` VALUES (859, 247, 634, b'0', NULL, '2025-04-29 11:42:53', NULL, '2025-04-29 11:42:53', b'1', 1);
INSERT INTO `product_browse_history` VALUES (860, 247, 633, b'0', NULL, '2025-04-29 11:43:09', NULL, '2025-04-29 11:43:09', b'1', 1);
INSERT INTO `product_browse_history` VALUES (861, 247, 634, b'0', NULL, '2025-04-29 11:43:09', NULL, '2025-04-29 11:43:09', b'1', 1);
INSERT INTO `product_browse_history` VALUES (862, 247, 634, b'0', NULL, '2025-04-29 11:43:09', NULL, '2025-04-29 11:43:09', b'1', 1);
INSERT INTO `product_browse_history` VALUES (863, 247, 633, b'0', NULL, '2025-04-29 11:43:22', NULL, '2025-04-29 11:43:22', b'1', 1);
INSERT INTO `product_browse_history` VALUES (864, 247, 634, b'0', NULL, '2025-04-29 11:43:22', NULL, '2025-04-29 11:43:22', b'1', 1);
INSERT INTO `product_browse_history` VALUES (865, 247, 634, b'0', NULL, '2025-04-29 11:43:22', NULL, '2025-04-29 11:43:22', b'1', 1);
INSERT INTO `product_browse_history` VALUES (866, 247, 634, b'0', NULL, '2025-04-29 11:43:52', NULL, '2025-04-29 11:43:52', b'1', 1);
INSERT INTO `product_browse_history` VALUES (867, 247, 634, b'0', NULL, '2025-04-29 11:43:53', NULL, '2025-04-29 11:43:53', b'1', 1);
INSERT INTO `product_browse_history` VALUES (868, 247, 633, b'0', NULL, '2025-04-29 11:45:13', NULL, '2025-04-29 11:45:13', b'1', 1);
INSERT INTO `product_browse_history` VALUES (869, 247, 634, b'0', NULL, '2025-04-29 11:45:13', NULL, '2025-04-29 11:45:13', b'1', 1);
INSERT INTO `product_browse_history` VALUES (870, 247, 634, b'0', NULL, '2025-04-29 11:45:13', NULL, '2025-04-29 11:45:13', b'1', 1);
INSERT INTO `product_browse_history` VALUES (871, 247, 633, b'0', NULL, '2025-04-29 11:45:13', NULL, '2025-04-29 11:45:13', b'1', 1);
INSERT INTO `product_browse_history` VALUES (872, 247, 634, b'0', NULL, '2025-04-29 11:45:13', NULL, '2025-04-29 11:45:13', b'1', 1);
INSERT INTO `product_browse_history` VALUES (873, 247, 634, b'0', NULL, '2025-04-29 11:45:13', NULL, '2025-04-29 11:45:13', b'1', 1);
INSERT INTO `product_browse_history` VALUES (874, 247, 633, b'0', NULL, '2025-04-29 11:50:57', NULL, '2025-04-29 11:50:57', b'1', 1);
INSERT INTO `product_browse_history` VALUES (875, 247, 633, b'0', NULL, '2025-04-29 11:50:57', NULL, '2025-04-29 11:50:57', b'1', 1);
INSERT INTO `product_browse_history` VALUES (876, 247, 634, b'0', NULL, '2025-04-29 11:50:57', NULL, '2025-04-29 11:50:57', b'1', 1);
INSERT INTO `product_browse_history` VALUES (877, 247, 634, b'0', NULL, '2025-04-29 11:50:57', NULL, '2025-04-29 11:50:57', b'1', 1);
INSERT INTO `product_browse_history` VALUES (878, 247, 634, b'0', NULL, '2025-04-29 11:50:57', NULL, '2025-04-29 11:50:57', b'1', 1);
INSERT INTO `product_browse_history` VALUES (879, 247, 634, b'0', NULL, '2025-04-29 11:50:57', NULL, '2025-04-29 11:50:57', b'1', 1);
INSERT INTO `product_browse_history` VALUES (880, 247, 633, b'0', NULL, '2025-04-29 11:51:23', NULL, '2025-04-29 11:51:23', b'1', 1);
INSERT INTO `product_browse_history` VALUES (881, 247, 633, b'0', NULL, '2025-04-29 11:51:23', NULL, '2025-04-29 11:51:23', b'1', 1);
INSERT INTO `product_browse_history` VALUES (882, 247, 634, b'0', NULL, '2025-04-29 11:51:23', NULL, '2025-04-29 11:51:23', b'1', 1);
INSERT INTO `product_browse_history` VALUES (883, 247, 634, b'0', NULL, '2025-04-29 11:51:23', NULL, '2025-04-29 11:51:23', b'1', 1);
INSERT INTO `product_browse_history` VALUES (884, 247, 634, b'0', NULL, '2025-04-29 11:51:23', NULL, '2025-04-29 11:51:23', b'1', 1);
INSERT INTO `product_browse_history` VALUES (885, 247, 634, b'0', NULL, '2025-04-29 11:51:23', NULL, '2025-04-29 11:51:23', b'1', 1);
INSERT INTO `product_browse_history` VALUES (886, 247, 634, b'0', NULL, '2025-04-29 12:00:07', NULL, '2025-04-29 12:00:07', b'1', 1);
INSERT INTO `product_browse_history` VALUES (887, 247, 634, b'0', NULL, '2025-04-29 12:00:07', NULL, '2025-04-29 12:00:07', b'1', 1);
INSERT INTO `product_browse_history` VALUES (888, 247, 633, b'0', NULL, '2025-04-29 12:00:07', NULL, '2025-04-29 12:00:07', b'1', 1);
INSERT INTO `product_browse_history` VALUES (889, 247, 634, b'0', NULL, '2025-04-29 12:00:53', NULL, '2025-04-29 12:00:53', b'1', 1);
INSERT INTO `product_browse_history` VALUES (890, 247, 634, b'0', NULL, '2025-04-29 12:00:53', NULL, '2025-04-29 12:00:53', b'1', 1);
INSERT INTO `product_browse_history` VALUES (891, 247, 633, b'0', NULL, '2025-04-29 12:00:53', NULL, '2025-04-29 12:00:53', b'1', 1);
INSERT INTO `product_browse_history` VALUES (892, 247, 633, b'0', NULL, '2025-04-29 12:00:57', NULL, '2025-04-29 12:00:57', b'1', 1);
INSERT INTO `product_browse_history` VALUES (893, 247, 634, b'0', NULL, '2025-04-29 12:00:57', NULL, '2025-04-29 12:00:57', b'1', 1);
INSERT INTO `product_browse_history` VALUES (894, 247, 634, b'0', NULL, '2025-04-29 12:00:57', NULL, '2025-04-29 12:00:57', b'1', 1);
INSERT INTO `product_browse_history` VALUES (895, 247, 633, b'0', NULL, '2025-04-29 12:01:14', NULL, '2025-04-29 12:01:14', b'1', 1);
INSERT INTO `product_browse_history` VALUES (896, 247, 634, b'0', NULL, '2025-04-29 12:01:14', NULL, '2025-04-29 12:01:14', b'1', 1);
INSERT INTO `product_browse_history` VALUES (897, 247, 634, b'0', NULL, '2025-04-29 12:01:14', NULL, '2025-04-29 12:01:14', b'1', 1);
INSERT INTO `product_browse_history` VALUES (898, 247, 633, b'0', NULL, '2025-04-29 12:01:16', NULL, '2025-04-29 12:01:16', b'1', 1);
INSERT INTO `product_browse_history` VALUES (899, 247, 634, b'0', NULL, '2025-04-29 12:01:16', NULL, '2025-04-29 12:01:16', b'1', 1);
INSERT INTO `product_browse_history` VALUES (900, 247, 634, b'0', NULL, '2025-04-29 12:01:16', NULL, '2025-04-29 12:01:16', b'1', 1);
INSERT INTO `product_browse_history` VALUES (901, 247, 633, b'0', NULL, '2025-04-29 12:01:24', NULL, '2025-04-29 12:01:24', b'1', 1);
INSERT INTO `product_browse_history` VALUES (902, 247, 634, b'0', NULL, '2025-04-29 12:01:24', NULL, '2025-04-29 12:01:24', b'1', 1);
INSERT INTO `product_browse_history` VALUES (903, 247, 634, b'0', NULL, '2025-04-29 12:01:24', NULL, '2025-04-29 12:01:24', b'1', 1);
INSERT INTO `product_browse_history` VALUES (904, 247, 634, b'0', NULL, '2025-04-29 12:01:25', NULL, '2025-04-29 12:01:25', b'1', 1);
INSERT INTO `product_browse_history` VALUES (905, 247, 633, b'0', NULL, '2025-04-29 12:01:25', NULL, '2025-04-29 12:01:25', b'1', 1);
INSERT INTO `product_browse_history` VALUES (906, 247, 634, b'0', NULL, '2025-04-29 12:01:25', NULL, '2025-04-29 12:01:25', b'1', 1);
INSERT INTO `product_browse_history` VALUES (907, 247, 634, b'0', NULL, '2025-04-29 12:01:37', NULL, '2025-04-29 12:01:37', b'1', 1);
INSERT INTO `product_browse_history` VALUES (908, 247, 634, b'0', NULL, '2025-04-29 12:01:37', NULL, '2025-04-29 12:01:37', b'1', 1);
INSERT INTO `product_browse_history` VALUES (909, 247, 633, b'0', NULL, '2025-04-29 12:01:37', NULL, '2025-04-29 12:01:37', b'1', 1);
INSERT INTO `product_browse_history` VALUES (910, 247, 633, b'0', NULL, '2025-04-29 12:01:39', NULL, '2025-04-29 12:01:39', b'1', 1);
INSERT INTO `product_browse_history` VALUES (911, 247, 634, b'0', NULL, '2025-04-29 12:01:39', NULL, '2025-04-29 12:01:39', b'1', 1);
INSERT INTO `product_browse_history` VALUES (912, 247, 634, b'0', NULL, '2025-04-29 12:01:39', NULL, '2025-04-29 12:01:39', b'1', 1);
INSERT INTO `product_browse_history` VALUES (913, 247, 633, b'0', NULL, '2025-04-29 12:01:41', NULL, '2025-04-29 12:01:41', b'1', 1);
INSERT INTO `product_browse_history` VALUES (914, 247, 634, b'0', NULL, '2025-04-29 12:01:41', NULL, '2025-04-29 12:01:41', b'1', 1);
INSERT INTO `product_browse_history` VALUES (915, 247, 634, b'0', NULL, '2025-04-29 12:01:41', NULL, '2025-04-29 12:01:41', b'1', 1);
INSERT INTO `product_browse_history` VALUES (916, 247, 633, b'0', NULL, '2025-04-29 12:01:42', NULL, '2025-04-29 12:01:42', b'1', 1);
INSERT INTO `product_browse_history` VALUES (917, 247, 634, b'0', NULL, '2025-04-29 12:01:42', NULL, '2025-04-29 12:01:42', b'1', 1);
INSERT INTO `product_browse_history` VALUES (918, 247, 634, b'0', NULL, '2025-04-29 12:01:42', NULL, '2025-04-29 12:01:42', b'1', 1);
INSERT INTO `product_browse_history` VALUES (919, 247, 633, b'0', NULL, '2025-04-29 12:01:51', NULL, '2025-04-29 12:01:51', b'1', 1);
INSERT INTO `product_browse_history` VALUES (920, 247, 634, b'0', NULL, '2025-04-29 12:01:51', NULL, '2025-04-29 12:01:51', b'1', 1);
INSERT INTO `product_browse_history` VALUES (921, 247, 634, b'0', NULL, '2025-04-29 12:01:51', NULL, '2025-04-29 12:01:51', b'1', 1);
INSERT INTO `product_browse_history` VALUES (922, 247, 633, b'0', NULL, '2025-04-29 12:02:05', NULL, '2025-04-29 12:02:05', b'1', 1);
INSERT INTO `product_browse_history` VALUES (923, 247, 634, b'0', NULL, '2025-04-29 12:02:05', NULL, '2025-04-29 12:02:05', b'1', 1);
INSERT INTO `product_browse_history` VALUES (924, 247, 634, b'0', NULL, '2025-04-29 12:02:05', NULL, '2025-04-29 12:02:05', b'1', 1);
INSERT INTO `product_browse_history` VALUES (925, 247, 633, b'0', NULL, '2025-04-29 12:02:20', NULL, '2025-04-29 12:02:20', b'1', 1);
INSERT INTO `product_browse_history` VALUES (926, 247, 634, b'0', NULL, '2025-04-29 12:02:20', NULL, '2025-04-29 12:02:20', b'1', 1);
INSERT INTO `product_browse_history` VALUES (927, 247, 634, b'0', NULL, '2025-04-29 12:02:20', NULL, '2025-04-29 12:02:20', b'1', 1);
INSERT INTO `product_browse_history` VALUES (928, 247, 633, b'0', NULL, '2025-04-29 12:02:24', NULL, '2025-04-29 12:02:24', b'1', 1);
INSERT INTO `product_browse_history` VALUES (929, 247, 634, b'0', NULL, '2025-04-29 12:02:24', NULL, '2025-04-29 12:02:24', b'1', 1);
INSERT INTO `product_browse_history` VALUES (930, 247, 634, b'0', NULL, '2025-04-29 12:02:24', NULL, '2025-04-29 12:02:24', b'1', 1);
INSERT INTO `product_browse_history` VALUES (931, 247, 633, b'0', NULL, '2025-04-29 12:02:33', NULL, '2025-04-29 12:02:33', b'1', 1);
INSERT INTO `product_browse_history` VALUES (932, 247, 634, b'0', NULL, '2025-04-29 12:02:33', NULL, '2025-04-29 12:02:33', b'1', 1);
INSERT INTO `product_browse_history` VALUES (933, 247, 634, b'0', NULL, '2025-04-29 12:02:33', NULL, '2025-04-29 12:02:33', b'1', 1);
INSERT INTO `product_browse_history` VALUES (934, 247, 634, b'0', NULL, '2025-04-29 12:02:57', NULL, '2025-04-29 12:02:57', b'1', 1);
INSERT INTO `product_browse_history` VALUES (935, 247, 634, b'0', NULL, '2025-04-29 12:02:57', NULL, '2025-04-29 12:02:57', b'1', 1);
INSERT INTO `product_browse_history` VALUES (936, 247, 633, b'0', NULL, '2025-04-29 12:02:57', NULL, '2025-04-29 12:02:57', b'1', 1);
INSERT INTO `product_browse_history` VALUES (937, 247, 634, b'0', NULL, '2025-04-29 12:03:51', NULL, '2025-04-29 12:03:51', b'1', 1);
INSERT INTO `product_browse_history` VALUES (938, 247, 634, b'0', NULL, '2025-04-29 12:03:51', NULL, '2025-04-29 12:03:51', b'1', 1);
INSERT INTO `product_browse_history` VALUES (939, 247, 633, b'0', NULL, '2025-04-29 12:03:51', NULL, '2025-04-29 12:03:51', b'1', 1);
INSERT INTO `product_browse_history` VALUES (940, 247, 633, b'0', NULL, '2025-04-29 12:03:52', NULL, '2025-04-29 12:03:52', b'1', 1);
INSERT INTO `product_browse_history` VALUES (941, 247, 634, b'0', NULL, '2025-04-29 12:03:52', NULL, '2025-04-29 12:03:52', b'1', 1);
INSERT INTO `product_browse_history` VALUES (942, 247, 634, b'0', NULL, '2025-04-29 12:03:52', NULL, '2025-04-29 12:03:52', b'1', 1);
INSERT INTO `product_browse_history` VALUES (943, 247, 633, b'0', NULL, '2025-04-29 12:03:58', NULL, '2025-04-29 12:03:58', b'1', 1);
INSERT INTO `product_browse_history` VALUES (944, 247, 634, b'0', NULL, '2025-04-29 12:03:58', NULL, '2025-04-29 12:03:58', b'1', 1);
INSERT INTO `product_browse_history` VALUES (945, 247, 634, b'0', NULL, '2025-04-29 12:03:58', NULL, '2025-04-29 12:03:58', b'1', 1);
INSERT INTO `product_browse_history` VALUES (946, 247, 633, b'0', NULL, '2025-04-29 12:04:14', NULL, '2025-04-29 12:04:14', b'1', 1);
INSERT INTO `product_browse_history` VALUES (947, 247, 634, b'0', NULL, '2025-04-29 12:04:14', NULL, '2025-04-29 12:04:14', b'1', 1);
INSERT INTO `product_browse_history` VALUES (948, 247, 634, b'0', NULL, '2025-04-29 12:04:14', NULL, '2025-04-29 12:04:14', b'1', 1);
INSERT INTO `product_browse_history` VALUES (949, 247, 634, b'0', NULL, '2025-04-29 12:04:45', NULL, '2025-04-29 12:04:45', b'1', 1);
INSERT INTO `product_browse_history` VALUES (950, 247, 633, b'0', NULL, '2025-04-29 12:04:45', NULL, '2025-04-29 12:04:45', b'1', 1);
INSERT INTO `product_browse_history` VALUES (951, 247, 634, b'0', NULL, '2025-04-29 12:04:45', NULL, '2025-04-29 12:04:45', b'1', 1);
INSERT INTO `product_browse_history` VALUES (952, 247, 634, b'0', NULL, '2025-04-29 12:04:51', NULL, '2025-04-29 12:04:51', b'1', 1);
INSERT INTO `product_browse_history` VALUES (953, 247, 634, b'0', NULL, '2025-04-29 12:04:51', NULL, '2025-04-29 12:04:51', b'1', 1);
INSERT INTO `product_browse_history` VALUES (954, 247, 633, b'0', NULL, '2025-04-29 12:04:51', NULL, '2025-04-29 12:04:51', b'1', 1);
INSERT INTO `product_browse_history` VALUES (955, 247, 633, b'0', NULL, '2025-04-29 12:05:58', NULL, '2025-04-29 12:05:58', b'1', 1);
INSERT INTO `product_browse_history` VALUES (956, 247, 634, b'0', NULL, '2025-04-29 12:05:58', NULL, '2025-04-29 12:05:58', b'1', 1);
INSERT INTO `product_browse_history` VALUES (957, 247, 634, b'0', NULL, '2025-04-29 12:05:58', NULL, '2025-04-29 12:05:58', b'1', 1);
INSERT INTO `product_browse_history` VALUES (958, 247, 633, b'0', NULL, '2025-04-29 12:06:03', NULL, '2025-04-29 12:06:03', b'1', 1);
INSERT INTO `product_browse_history` VALUES (959, 247, 634, b'0', NULL, '2025-04-29 12:06:03', NULL, '2025-04-29 12:06:03', b'1', 1);
INSERT INTO `product_browse_history` VALUES (960, 247, 634, b'0', NULL, '2025-04-29 12:06:03', NULL, '2025-04-29 12:06:03', b'1', 1);
INSERT INTO `product_browse_history` VALUES (961, 247, 633, b'0', NULL, '2025-04-29 12:06:07', NULL, '2025-04-29 12:06:07', b'1', 1);
INSERT INTO `product_browse_history` VALUES (962, 247, 634, b'0', NULL, '2025-04-29 12:06:07', NULL, '2025-04-29 12:06:07', b'1', 1);
INSERT INTO `product_browse_history` VALUES (963, 247, 634, b'0', NULL, '2025-04-29 12:06:07', NULL, '2025-04-29 12:06:07', b'1', 1);
INSERT INTO `product_browse_history` VALUES (964, 247, 633, b'0', NULL, '2025-04-29 12:06:13', NULL, '2025-04-29 12:06:13', b'1', 1);
INSERT INTO `product_browse_history` VALUES (965, 247, 634, b'0', NULL, '2025-04-29 12:06:13', NULL, '2025-04-29 12:06:13', b'1', 1);
INSERT INTO `product_browse_history` VALUES (966, 247, 634, b'0', NULL, '2025-04-29 12:06:13', NULL, '2025-04-29 12:06:13', b'1', 1);
INSERT INTO `product_browse_history` VALUES (967, 247, 633, b'0', NULL, '2025-04-29 12:06:16', NULL, '2025-04-29 12:06:16', b'1', 1);
INSERT INTO `product_browse_history` VALUES (968, 247, 634, b'0', NULL, '2025-04-29 12:06:16', NULL, '2025-04-29 12:06:16', b'1', 1);
INSERT INTO `product_browse_history` VALUES (969, 247, 634, b'0', NULL, '2025-04-29 12:06:16', NULL, '2025-04-29 12:06:16', b'1', 1);
INSERT INTO `product_browse_history` VALUES (970, 247, 633, b'0', NULL, '2025-04-29 12:06:22', NULL, '2025-04-29 12:06:22', b'1', 1);
INSERT INTO `product_browse_history` VALUES (971, 247, 634, b'0', NULL, '2025-04-29 12:06:22', NULL, '2025-04-29 12:06:22', b'1', 1);
INSERT INTO `product_browse_history` VALUES (972, 247, 634, b'0', NULL, '2025-04-29 12:06:22', NULL, '2025-04-29 12:06:22', b'1', 1);
INSERT INTO `product_browse_history` VALUES (973, 247, 634, b'0', NULL, '2025-04-29 12:06:36', NULL, '2025-04-29 12:06:36', b'1', 1);
INSERT INTO `product_browse_history` VALUES (974, 247, 633, b'0', NULL, '2025-04-29 12:06:36', NULL, '2025-04-29 12:06:36', b'1', 1);
INSERT INTO `product_browse_history` VALUES (975, 247, 634, b'0', NULL, '2025-04-29 12:06:36', NULL, '2025-04-29 12:06:36', b'1', 1);
INSERT INTO `product_browse_history` VALUES (976, 247, 633, b'0', NULL, '2025-04-29 12:06:43', NULL, '2025-04-29 12:06:43', b'1', 1);
INSERT INTO `product_browse_history` VALUES (977, 247, 634, b'0', NULL, '2025-04-29 12:06:43', NULL, '2025-04-29 12:06:43', b'1', 1);
INSERT INTO `product_browse_history` VALUES (978, 247, 634, b'0', NULL, '2025-04-29 12:06:43', NULL, '2025-04-29 12:06:43', b'1', 1);
INSERT INTO `product_browse_history` VALUES (979, 247, 633, b'0', NULL, '2025-04-29 12:06:46', NULL, '2025-04-29 12:06:46', b'1', 1);
INSERT INTO `product_browse_history` VALUES (980, 247, 634, b'0', NULL, '2025-04-29 12:06:46', NULL, '2025-04-29 12:06:46', b'1', 1);
INSERT INTO `product_browse_history` VALUES (981, 247, 634, b'0', NULL, '2025-04-29 12:06:46', NULL, '2025-04-29 12:06:46', b'1', 1);
INSERT INTO `product_browse_history` VALUES (982, 247, 633, b'0', NULL, '2025-04-29 12:06:52', NULL, '2025-04-29 12:06:52', b'1', 1);
INSERT INTO `product_browse_history` VALUES (983, 247, 634, b'0', NULL, '2025-04-29 12:06:52', NULL, '2025-04-29 12:06:52', b'1', 1);
INSERT INTO `product_browse_history` VALUES (984, 247, 634, b'0', NULL, '2025-04-29 12:06:52', NULL, '2025-04-29 12:06:52', b'1', 1);
INSERT INTO `product_browse_history` VALUES (985, 247, 634, b'0', NULL, '2025-04-29 12:06:57', NULL, '2025-04-29 12:06:57', b'1', 1);
INSERT INTO `product_browse_history` VALUES (986, 247, 634, b'0', NULL, '2025-04-29 12:06:57', NULL, '2025-04-29 12:06:57', b'1', 1);
INSERT INTO `product_browse_history` VALUES (987, 247, 633, b'0', NULL, '2025-04-29 12:06:57', NULL, '2025-04-29 12:06:57', b'1', 1);
INSERT INTO `product_browse_history` VALUES (988, 247, 634, b'0', NULL, '2025-04-29 12:07:21', NULL, '2025-04-29 12:07:21', b'1', 1);
INSERT INTO `product_browse_history` VALUES (989, 247, 634, b'0', NULL, '2025-04-29 12:07:21', NULL, '2025-04-29 12:07:21', b'1', 1);
INSERT INTO `product_browse_history` VALUES (990, 247, 633, b'0', NULL, '2025-04-29 12:07:21', NULL, '2025-04-29 12:07:21', b'1', 1);
INSERT INTO `product_browse_history` VALUES (991, 247, 633, b'0', NULL, '2025-04-29 12:58:46', NULL, '2025-04-29 12:58:46', b'1', 1);
INSERT INTO `product_browse_history` VALUES (992, 247, 634, b'0', NULL, '2025-04-29 12:58:46', NULL, '2025-04-29 12:58:46', b'1', 1);
INSERT INTO `product_browse_history` VALUES (993, 247, 634, b'0', NULL, '2025-04-29 12:58:46', NULL, '2025-04-29 12:58:46', b'1', 1);
INSERT INTO `product_browse_history` VALUES (994, 247, 633, b'0', NULL, '2025-04-29 13:00:15', NULL, '2025-04-29 13:00:15', b'1', 1);
INSERT INTO `product_browse_history` VALUES (995, 247, 634, b'0', NULL, '2025-04-29 13:00:15', NULL, '2025-04-29 13:00:15', b'1', 1);
INSERT INTO `product_browse_history` VALUES (996, 247, 634, b'0', NULL, '2025-04-29 13:00:15', NULL, '2025-04-29 13:00:15', b'1', 1);
INSERT INTO `product_browse_history` VALUES (997, 247, 633, b'0', NULL, '2025-04-29 13:05:22', NULL, '2025-04-29 13:05:22', b'1', 1);
INSERT INTO `product_browse_history` VALUES (998, 247, 634, b'0', NULL, '2025-04-29 13:05:22', NULL, '2025-04-29 13:05:22', b'1', 1);
INSERT INTO `product_browse_history` VALUES (999, 247, 634, b'0', NULL, '2025-04-29 13:05:22', NULL, '2025-04-29 13:05:22', b'1', 1);
INSERT INTO `product_browse_history` VALUES (1000, 247, 634, b'0', NULL, '2025-04-29 13:05:30', NULL, '2025-04-29 13:05:30', b'1', 1);
INSERT INTO `product_browse_history` VALUES (1001, 247, 634, b'0', NULL, '2025-04-29 13:05:30', NULL, '2025-04-29 13:05:30', b'1', 1);
INSERT INTO `product_browse_history` VALUES (1002, 247, 633, b'0', NULL, '2025-04-29 13:05:30', NULL, '2025-04-29 13:05:30', b'1', 1);
INSERT INTO `product_browse_history` VALUES (1003, 247, 633, b'0', NULL, '2025-04-29 13:05:45', NULL, '2025-04-29 13:05:45', b'1', 1);
INSERT INTO `product_browse_history` VALUES (1004, 247, 634, b'0', NULL, '2025-04-29 13:05:45', NULL, '2025-04-29 13:05:45', b'1', 1);
INSERT INTO `product_browse_history` VALUES (1005, 247, 634, b'0', NULL, '2025-04-29 13:05:45', NULL, '2025-04-29 13:05:45', b'1', 1);
INSERT INTO `product_browse_history` VALUES (1006, 247, 633, b'0', NULL, '2025-04-29 13:05:52', NULL, '2025-04-29 13:05:52', b'1', 1);
INSERT INTO `product_browse_history` VALUES (1007, 247, 634, b'0', NULL, '2025-04-29 13:05:52', NULL, '2025-04-29 13:05:52', b'1', 1);
INSERT INTO `product_browse_history` VALUES (1008, 247, 634, b'0', NULL, '2025-04-29 13:05:52', NULL, '2025-04-29 13:05:52', b'1', 1);
INSERT INTO `product_browse_history` VALUES (1009, 247, 633, b'0', NULL, '2025-04-29 13:06:38', NULL, '2025-04-29 13:06:38', b'1', 1);
INSERT INTO `product_browse_history` VALUES (1010, 247, 634, b'0', NULL, '2025-04-29 13:06:38', NULL, '2025-04-29 13:06:38', b'1', 1);
INSERT INTO `product_browse_history` VALUES (1011, 247, 634, b'0', NULL, '2025-04-29 13:06:38', NULL, '2025-04-29 13:06:38', b'1', 1);
INSERT INTO `product_browse_history` VALUES (1012, 247, 634, b'0', NULL, '2025-04-29 13:07:32', NULL, '2025-04-29 13:07:32', b'1', 1);
INSERT INTO `product_browse_history` VALUES (1013, 247, 634, b'0', NULL, '2025-04-29 13:07:32', NULL, '2025-04-29 13:07:32', b'1', 1);
INSERT INTO `product_browse_history` VALUES (1014, 247, 633, b'0', NULL, '2025-04-29 13:07:32', NULL, '2025-04-29 13:07:32', b'1', 1);
INSERT INTO `product_browse_history` VALUES (1015, 247, 634, b'0', NULL, '2025-04-29 13:15:13', NULL, '2025-04-29 13:15:13', b'1', 1);
INSERT INTO `product_browse_history` VALUES (1016, 247, 634, b'0', NULL, '2025-04-29 13:15:13', NULL, '2025-04-29 13:15:13', b'1', 1);
INSERT INTO `product_browse_history` VALUES (1017, 247, 633, b'0', NULL, '2025-04-29 13:15:13', NULL, '2025-04-29 13:15:13', b'1', 1);
INSERT INTO `product_browse_history` VALUES (1018, 247, 634, b'0', NULL, '2025-04-29 13:19:55', NULL, '2025-04-29 13:19:55', b'1', 1);
INSERT INTO `product_browse_history` VALUES (1019, 247, 634, b'0', NULL, '2025-04-29 13:19:55', NULL, '2025-04-29 13:19:55', b'1', 1);
INSERT INTO `product_browse_history` VALUES (1020, 247, 633, b'0', NULL, '2025-04-29 13:19:55', NULL, '2025-04-29 13:19:55', b'1', 1);
INSERT INTO `product_browse_history` VALUES (1021, 247, 633, b'0', NULL, '2025-04-29 13:20:23', NULL, '2025-04-29 13:20:23', b'1', 1);
INSERT INTO `product_browse_history` VALUES (1022, 247, 634, b'0', NULL, '2025-04-29 13:20:23', NULL, '2025-04-29 13:20:23', b'1', 1);
INSERT INTO `product_browse_history` VALUES (1023, 247, 634, b'0', NULL, '2025-04-29 13:20:23', NULL, '2025-04-29 13:20:23', b'1', 1);
INSERT INTO `product_browse_history` VALUES (1024, 247, 633, b'0', NULL, '2025-04-29 13:21:40', NULL, '2025-04-29 13:21:40', b'1', 1);
INSERT INTO `product_browse_history` VALUES (1025, 247, 634, b'0', NULL, '2025-04-29 13:21:40', NULL, '2025-04-29 13:21:40', b'1', 1);
INSERT INTO `product_browse_history` VALUES (1026, 247, 634, b'0', NULL, '2025-04-29 13:21:40', NULL, '2025-04-29 13:21:40', b'1', 1);
INSERT INTO `product_browse_history` VALUES (1027, 247, 634, b'0', NULL, '2025-04-29 13:21:58', NULL, '2025-04-29 13:21:58', b'1', 1);
INSERT INTO `product_browse_history` VALUES (1028, 247, 633, b'0', NULL, '2025-04-29 13:21:58', NULL, '2025-04-29 13:21:58', b'1', 1);
INSERT INTO `product_browse_history` VALUES (1029, 247, 634, b'0', NULL, '2025-04-29 13:21:58', NULL, '2025-04-29 13:21:58', b'1', 1);
INSERT INTO `product_browse_history` VALUES (1030, 247, 634, b'0', NULL, '2025-04-29 13:22:20', NULL, '2025-04-29 13:22:20', b'1', 1);
INSERT INTO `product_browse_history` VALUES (1031, 247, 633, b'0', NULL, '2025-04-29 13:22:20', NULL, '2025-04-29 13:22:20', b'1', 1);
INSERT INTO `product_browse_history` VALUES (1032, 247, 634, b'0', NULL, '2025-04-29 13:22:20', NULL, '2025-04-29 13:22:20', b'1', 1);
INSERT INTO `product_browse_history` VALUES (1033, 247, 633, b'0', NULL, '2025-04-29 13:25:10', NULL, '2025-04-29 13:25:10', b'1', 1);
INSERT INTO `product_browse_history` VALUES (1034, 247, 634, b'0', NULL, '2025-04-29 13:25:10', NULL, '2025-04-29 13:25:10', b'1', 1);
INSERT INTO `product_browse_history` VALUES (1035, 247, 634, b'0', NULL, '2025-04-29 13:25:10', NULL, '2025-04-29 13:25:10', b'1', 1);
INSERT INTO `product_browse_history` VALUES (1036, 247, 634, b'0', NULL, '2025-04-29 13:59:30', NULL, '2025-04-29 13:59:30', b'1', 1);
INSERT INTO `product_browse_history` VALUES (1037, 247, 634, b'0', NULL, '2025-04-29 13:59:30', NULL, '2025-04-29 13:59:30', b'1', 1);
INSERT INTO `product_browse_history` VALUES (1038, 247, 633, b'0', NULL, '2025-04-29 13:59:30', NULL, '2025-04-29 13:59:30', b'1', 1);
INSERT INTO `product_browse_history` VALUES (1039, 247, 633, b'0', NULL, '2025-04-29 14:28:40', NULL, '2025-04-29 14:28:40', b'1', 1);
INSERT INTO `product_browse_history` VALUES (1040, 247, 634, b'0', NULL, '2025-04-29 14:28:40', NULL, '2025-04-29 14:28:40', b'1', 1);
INSERT INTO `product_browse_history` VALUES (1041, 247, 634, b'0', NULL, '2025-04-29 14:28:40', NULL, '2025-04-29 14:28:40', b'1', 1);
INSERT INTO `product_browse_history` VALUES (1042, 247, 633, b'0', NULL, '2025-04-29 14:33:05', NULL, '2025-04-29 14:33:05', b'1', 1);
INSERT INTO `product_browse_history` VALUES (1043, 247, 634, b'0', NULL, '2025-04-29 14:33:05', NULL, '2025-04-29 14:33:05', b'1', 1);
INSERT INTO `product_browse_history` VALUES (1044, 247, 634, b'0', NULL, '2025-04-29 14:33:05', NULL, '2025-04-29 14:33:05', b'1', 1);
INSERT INTO `product_browse_history` VALUES (1045, 247, 633, b'0', NULL, '2025-04-29 14:33:06', NULL, '2025-04-29 14:33:06', b'1', 1);
INSERT INTO `product_browse_history` VALUES (1046, 247, 634, b'0', NULL, '2025-04-29 14:33:06', NULL, '2025-04-29 14:33:06', b'1', 1);
INSERT INTO `product_browse_history` VALUES (1047, 247, 634, b'0', NULL, '2025-04-29 14:33:06', NULL, '2025-04-29 14:33:06', b'1', 1);
INSERT INTO `product_browse_history` VALUES (1048, 247, 633, b'0', NULL, '2025-04-29 14:35:55', NULL, '2025-04-29 14:35:55', b'1', 1);
INSERT INTO `product_browse_history` VALUES (1049, 247, 634, b'0', NULL, '2025-04-29 14:35:55', NULL, '2025-04-29 14:35:55', b'1', 1);
INSERT INTO `product_browse_history` VALUES (1050, 247, 634, b'0', NULL, '2025-04-29 14:35:55', NULL, '2025-04-29 14:35:55', b'1', 1);
INSERT INTO `product_browse_history` VALUES (1051, 247, 634, b'0', NULL, '2025-04-29 14:36:46', NULL, '2025-04-29 14:36:46', b'1', 1);
INSERT INTO `product_browse_history` VALUES (1052, 247, 633, b'0', NULL, '2025-04-29 14:36:46', NULL, '2025-04-29 14:36:46', b'1', 1);
INSERT INTO `product_browse_history` VALUES (1053, 247, 634, b'0', NULL, '2025-04-29 14:36:46', NULL, '2025-04-29 14:36:46', b'1', 1);
INSERT INTO `product_browse_history` VALUES (1054, 247, 633, b'0', NULL, '2025-04-29 14:50:21', NULL, '2025-04-29 14:50:21', b'1', 1);
INSERT INTO `product_browse_history` VALUES (1055, 247, 634, b'0', NULL, '2025-04-29 14:50:21', NULL, '2025-04-29 14:50:21', b'1', 1);
INSERT INTO `product_browse_history` VALUES (1056, 247, 634, b'0', NULL, '2025-04-29 14:50:21', NULL, '2025-04-29 14:50:21', b'1', 1);
INSERT INTO `product_browse_history` VALUES (1057, 247, 633, b'0', NULL, '2025-04-29 15:01:11', NULL, '2025-04-29 15:01:11', b'1', 1);
INSERT INTO `product_browse_history` VALUES (1058, 247, 634, b'0', NULL, '2025-04-29 15:01:11', NULL, '2025-04-29 15:01:11', b'1', 1);
INSERT INTO `product_browse_history` VALUES (1059, 247, 634, b'0', NULL, '2025-04-29 15:01:11', NULL, '2025-04-29 15:01:11', b'1', 1);
INSERT INTO `product_browse_history` VALUES (1060, 247, 634, b'0', NULL, '2025-04-29 15:03:41', NULL, '2025-04-29 15:03:41', b'1', 1);
INSERT INTO `product_browse_history` VALUES (1061, 247, 634, b'0', NULL, '2025-04-29 15:03:41', NULL, '2025-04-29 15:03:41', b'1', 1);
INSERT INTO `product_browse_history` VALUES (1062, 247, 633, b'0', NULL, '2025-04-29 15:03:41', NULL, '2025-04-29 15:03:41', b'1', 1);
INSERT INTO `product_browse_history` VALUES (1063, 247, 633, b'0', NULL, '2025-04-29 15:04:02', NULL, '2025-04-29 15:04:02', b'1', 1);
INSERT INTO `product_browse_history` VALUES (1064, 247, 634, b'0', NULL, '2025-04-29 15:04:02', NULL, '2025-04-29 15:04:02', b'1', 1);
INSERT INTO `product_browse_history` VALUES (1065, 247, 634, b'0', NULL, '2025-04-29 15:04:02', NULL, '2025-04-29 15:04:02', b'1', 1);
INSERT INTO `product_browse_history` VALUES (1066, 247, 633, b'0', NULL, '2025-04-29 15:25:46', NULL, '2025-04-29 15:25:46', b'1', 1);
INSERT INTO `product_browse_history` VALUES (1067, 247, 634, b'0', NULL, '2025-04-29 15:25:46', NULL, '2025-04-29 15:25:46', b'1', 1);
INSERT INTO `product_browse_history` VALUES (1068, 247, 634, b'0', NULL, '2025-04-29 15:25:46', NULL, '2025-04-29 15:25:46', b'1', 1);
INSERT INTO `product_browse_history` VALUES (1069, 247, 634, b'0', NULL, '2025-04-29 16:17:06', NULL, '2025-04-29 16:17:06', b'1', 1);
INSERT INTO `product_browse_history` VALUES (1070, 247, 633, b'0', NULL, '2025-04-29 16:17:06', NULL, '2025-04-29 16:17:06', b'1', 1);
INSERT INTO `product_browse_history` VALUES (1071, 247, 634, b'0', NULL, '2025-04-29 16:17:06', NULL, '2025-04-29 16:17:06', b'1', 1);
INSERT INTO `product_browse_history` VALUES (1072, 247, 634, b'0', NULL, '2025-04-29 16:20:26', NULL, '2025-04-29 16:20:26', b'1', 1);
INSERT INTO `product_browse_history` VALUES (1073, 247, 634, b'0', NULL, '2025-04-29 16:20:26', NULL, '2025-04-29 16:20:26', b'1', 1);
INSERT INTO `product_browse_history` VALUES (1074, 247, 633, b'0', NULL, '2025-04-29 16:20:26', NULL, '2025-04-29 16:20:26', b'1', 1);
INSERT INTO `product_browse_history` VALUES (1075, 247, 633, b'0', NULL, '2025-04-29 16:25:24', NULL, '2025-04-29 16:25:24', b'1', 1);
INSERT INTO `product_browse_history` VALUES (1076, 247, 634, b'0', NULL, '2025-04-29 16:25:24', NULL, '2025-04-29 16:25:24', b'1', 1);
INSERT INTO `product_browse_history` VALUES (1077, 247, 634, b'0', NULL, '2025-04-29 16:25:24', NULL, '2025-04-29 16:25:24', b'1', 1);
INSERT INTO `product_browse_history` VALUES (1078, 247, 634, b'0', NULL, '2025-04-29 16:26:09', NULL, '2025-04-29 16:26:09', b'1', 1);
INSERT INTO `product_browse_history` VALUES (1079, 247, 634, b'0', NULL, '2025-04-29 16:26:09', NULL, '2025-04-29 16:26:09', b'1', 1);
INSERT INTO `product_browse_history` VALUES (1080, 247, 633, b'0', NULL, '2025-04-29 16:26:09', NULL, '2025-04-29 16:26:09', b'1', 1);
INSERT INTO `product_browse_history` VALUES (1081, 247, 634, b'0', NULL, '2025-04-29 16:30:30', NULL, '2025-04-29 16:30:30', b'1', 1);
INSERT INTO `product_browse_history` VALUES (1082, 247, 634, b'0', NULL, '2025-04-29 16:30:30', NULL, '2025-04-29 16:30:30', b'1', 1);
INSERT INTO `product_browse_history` VALUES (1083, 247, 633, b'0', NULL, '2025-04-29 16:30:30', NULL, '2025-04-29 16:30:30', b'1', 1);
INSERT INTO `product_browse_history` VALUES (1084, 247, 634, b'0', NULL, '2025-04-29 16:31:54', NULL, '2025-04-29 16:31:54', b'1', 1);
INSERT INTO `product_browse_history` VALUES (1085, 247, 634, b'0', NULL, '2025-04-29 16:31:54', NULL, '2025-04-29 16:31:54', b'1', 1);
INSERT INTO `product_browse_history` VALUES (1086, 247, 633, b'0', NULL, '2025-04-29 16:31:54', NULL, '2025-04-29 16:31:54', b'1', 1);
INSERT INTO `product_browse_history` VALUES (1087, 247, 633, b'0', NULL, '2025-04-29 16:32:50', NULL, '2025-04-29 16:32:50', b'1', 1);
INSERT INTO `product_browse_history` VALUES (1088, 247, 634, b'0', NULL, '2025-04-29 16:32:50', NULL, '2025-04-29 16:32:50', b'1', 1);
INSERT INTO `product_browse_history` VALUES (1089, 247, 634, b'0', NULL, '2025-04-29 16:32:50', NULL, '2025-04-29 16:32:50', b'1', 1);
INSERT INTO `product_browse_history` VALUES (1090, 247, 633, b'0', NULL, '2025-04-29 16:38:20', NULL, '2025-04-29 16:38:20', b'1', 1);
INSERT INTO `product_browse_history` VALUES (1091, 247, 634, b'0', NULL, '2025-04-29 16:38:20', NULL, '2025-04-29 16:38:20', b'1', 1);
INSERT INTO `product_browse_history` VALUES (1092, 247, 634, b'0', NULL, '2025-04-29 16:38:20', NULL, '2025-04-29 16:38:20', b'1', 1);
INSERT INTO `product_browse_history` VALUES (1093, 247, 633, b'0', NULL, '2025-04-29 16:48:47', NULL, '2025-04-29 16:48:47', b'1', 1);
INSERT INTO `product_browse_history` VALUES (1094, 247, 634, b'0', NULL, '2025-04-29 16:48:47', NULL, '2025-04-29 16:48:47', b'1', 1);
INSERT INTO `product_browse_history` VALUES (1095, 247, 634, b'0', NULL, '2025-04-29 16:48:47', NULL, '2025-04-29 16:48:47', b'1', 1);
INSERT INTO `product_browse_history` VALUES (1096, 247, 633, b'0', NULL, '2025-04-29 17:14:01', NULL, '2025-04-29 17:14:01', b'1', 1);
INSERT INTO `product_browse_history` VALUES (1097, 247, 634, b'0', NULL, '2025-04-29 17:14:01', NULL, '2025-04-29 17:14:01', b'1', 1);
INSERT INTO `product_browse_history` VALUES (1098, 247, 634, b'0', NULL, '2025-04-29 17:14:01', NULL, '2025-04-29 17:14:01', b'1', 1);
INSERT INTO `product_browse_history` VALUES (1099, 247, 634, b'0', NULL, '2025-04-29 17:14:19', NULL, '2025-04-29 17:14:19', b'1', 1);
INSERT INTO `product_browse_history` VALUES (1100, 247, 633, b'0', NULL, '2025-04-29 17:14:19', NULL, '2025-04-29 17:14:19', b'1', 1);
INSERT INTO `product_browse_history` VALUES (1101, 247, 634, b'0', NULL, '2025-04-29 17:14:19', NULL, '2025-04-29 17:14:19', b'1', 1);
INSERT INTO `product_browse_history` VALUES (1102, 247, 633, b'0', NULL, '2025-04-29 17:14:23', NULL, '2025-04-29 17:14:23', b'1', 1);
INSERT INTO `product_browse_history` VALUES (1103, 247, 634, b'0', NULL, '2025-04-29 17:14:23', NULL, '2025-04-29 17:14:23', b'1', 1);
INSERT INTO `product_browse_history` VALUES (1104, 247, 634, b'0', NULL, '2025-04-29 17:14:23', NULL, '2025-04-29 17:14:23', b'1', 1);
INSERT INTO `product_browse_history` VALUES (1105, 247, 633, b'0', NULL, '2025-04-29 17:18:16', NULL, '2025-04-29 17:18:16', b'1', 1);
INSERT INTO `product_browse_history` VALUES (1106, 247, 634, b'0', NULL, '2025-04-29 17:18:16', NULL, '2025-04-29 17:18:16', b'1', 1);
INSERT INTO `product_browse_history` VALUES (1107, 247, 634, b'0', NULL, '2025-04-29 17:18:16', NULL, '2025-04-29 17:18:16', b'1', 1);
INSERT INTO `product_browse_history` VALUES (1108, 247, 633, b'0', NULL, '2025-04-29 17:18:40', NULL, '2025-04-29 17:18:40', b'1', 1);
INSERT INTO `product_browse_history` VALUES (1109, 247, 634, b'0', NULL, '2025-04-29 17:18:40', NULL, '2025-04-29 17:18:40', b'1', 1);
INSERT INTO `product_browse_history` VALUES (1110, 247, 634, b'0', NULL, '2025-04-29 17:18:40', NULL, '2025-04-29 17:18:40', b'1', 1);
INSERT INTO `product_browse_history` VALUES (1111, 247, 634, b'0', NULL, '2025-04-29 17:19:39', NULL, '2025-04-29 17:19:39', b'1', 1);
INSERT INTO `product_browse_history` VALUES (1112, 247, 634, b'0', NULL, '2025-04-29 17:19:39', NULL, '2025-04-29 17:19:39', b'1', 1);
INSERT INTO `product_browse_history` VALUES (1113, 247, 633, b'0', NULL, '2025-04-29 17:19:39', NULL, '2025-04-29 17:19:39', b'1', 1);
INSERT INTO `product_browse_history` VALUES (1114, 247, 633, b'0', NULL, '2025-04-29 17:19:59', NULL, '2025-04-29 17:19:59', b'1', 1);
INSERT INTO `product_browse_history` VALUES (1115, 247, 634, b'0', NULL, '2025-04-29 17:19:59', NULL, '2025-04-29 17:19:59', b'1', 1);
INSERT INTO `product_browse_history` VALUES (1116, 247, 634, b'0', NULL, '2025-04-29 17:19:59', NULL, '2025-04-29 17:19:59', b'1', 1);
INSERT INTO `product_browse_history` VALUES (1117, 247, 633, b'0', NULL, '2025-04-29 17:20:53', NULL, '2025-04-29 17:20:53', b'1', 1);
INSERT INTO `product_browse_history` VALUES (1118, 247, 634, b'0', NULL, '2025-04-29 17:20:53', NULL, '2025-04-29 17:20:53', b'1', 1);
INSERT INTO `product_browse_history` VALUES (1119, 247, 634, b'0', NULL, '2025-04-29 17:20:53', NULL, '2025-04-29 17:20:53', b'1', 1);
INSERT INTO `product_browse_history` VALUES (1120, 247, 633, b'0', NULL, '2025-04-29 17:22:38', NULL, '2025-04-29 17:22:38', b'1', 1);
INSERT INTO `product_browse_history` VALUES (1121, 247, 634, b'0', NULL, '2025-04-29 17:22:38', NULL, '2025-04-29 17:22:38', b'1', 1);
INSERT INTO `product_browse_history` VALUES (1122, 247, 634, b'0', NULL, '2025-04-29 17:22:38', NULL, '2025-04-29 17:22:38', b'1', 1);
INSERT INTO `product_browse_history` VALUES (1123, 247, 633, b'0', NULL, '2025-04-29 17:23:06', NULL, '2025-04-29 17:23:06', b'1', 1);
INSERT INTO `product_browse_history` VALUES (1124, 247, 634, b'0', NULL, '2025-04-29 17:23:06', NULL, '2025-04-29 17:23:06', b'1', 1);
INSERT INTO `product_browse_history` VALUES (1125, 247, 634, b'0', NULL, '2025-04-29 17:23:06', NULL, '2025-04-29 17:23:06', b'1', 1);
INSERT INTO `product_browse_history` VALUES (1126, 247, 634, b'0', NULL, '2025-04-29 17:23:10', NULL, '2025-04-29 17:23:10', b'1', 1);
INSERT INTO `product_browse_history` VALUES (1127, 247, 633, b'0', NULL, '2025-04-29 17:23:10', NULL, '2025-04-29 17:23:10', b'1', 1);
INSERT INTO `product_browse_history` VALUES (1128, 247, 634, b'0', NULL, '2025-04-29 17:23:10', NULL, '2025-04-29 17:23:10', b'1', 1);
INSERT INTO `product_browse_history` VALUES (1129, 247, 634, b'0', NULL, '2025-04-29 17:24:39', NULL, '2025-04-29 17:24:39', b'1', 1);
INSERT INTO `product_browse_history` VALUES (1130, 247, 633, b'0', NULL, '2025-04-29 17:24:39', NULL, '2025-04-29 17:24:39', b'1', 1);
INSERT INTO `product_browse_history` VALUES (1131, 247, 634, b'0', NULL, '2025-04-29 17:24:39', NULL, '2025-04-29 17:24:39', b'1', 1);
INSERT INTO `product_browse_history` VALUES (1132, 247, 634, b'0', NULL, '2025-04-29 17:26:18', NULL, '2025-04-29 17:26:18', b'1', 1);
INSERT INTO `product_browse_history` VALUES (1133, 247, 634, b'0', NULL, '2025-04-29 17:26:18', NULL, '2025-04-29 17:26:18', b'1', 1);
INSERT INTO `product_browse_history` VALUES (1134, 247, 633, b'0', NULL, '2025-04-29 17:26:18', NULL, '2025-04-29 17:26:18', b'1', 1);
INSERT INTO `product_browse_history` VALUES (1135, 247, 633, b'0', NULL, '2025-04-29 17:27:00', NULL, '2025-04-29 17:27:00', b'1', 1);
INSERT INTO `product_browse_history` VALUES (1136, 247, 634, b'0', NULL, '2025-04-29 17:27:00', NULL, '2025-04-29 17:27:00', b'1', 1);
INSERT INTO `product_browse_history` VALUES (1137, 247, 634, b'0', NULL, '2025-04-29 17:27:00', NULL, '2025-04-29 17:27:00', b'1', 1);
INSERT INTO `product_browse_history` VALUES (1138, 247, 633, b'0', NULL, '2025-04-29 17:27:13', NULL, '2025-04-29 17:27:13', b'1', 1);
INSERT INTO `product_browse_history` VALUES (1139, 247, 634, b'0', NULL, '2025-04-29 17:27:13', NULL, '2025-04-29 17:27:13', b'1', 1);
INSERT INTO `product_browse_history` VALUES (1140, 247, 634, b'0', NULL, '2025-04-29 17:27:13', NULL, '2025-04-29 17:27:13', b'1', 1);
INSERT INTO `product_browse_history` VALUES (1141, 247, 634, b'0', NULL, '2025-04-29 17:31:18', NULL, '2025-04-29 17:31:18', b'1', 1);
INSERT INTO `product_browse_history` VALUES (1142, 247, 633, b'0', NULL, '2025-04-29 17:31:18', NULL, '2025-04-29 17:31:18', b'1', 1);
INSERT INTO `product_browse_history` VALUES (1143, 247, 634, b'0', NULL, '2025-04-29 17:31:18', NULL, '2025-04-29 17:31:18', b'1', 1);
INSERT INTO `product_browse_history` VALUES (1144, 247, 633, b'0', NULL, '2025-04-29 17:31:57', NULL, '2025-04-29 17:31:57', b'1', 1);
INSERT INTO `product_browse_history` VALUES (1145, 247, 634, b'0', NULL, '2025-04-29 17:31:57', NULL, '2025-04-29 17:31:57', b'1', 1);
INSERT INTO `product_browse_history` VALUES (1146, 247, 634, b'0', NULL, '2025-04-29 17:31:57', NULL, '2025-04-29 17:31:57', b'1', 1);
INSERT INTO `product_browse_history` VALUES (1147, 247, 633, b'0', NULL, '2025-04-29 19:08:37', NULL, '2025-04-29 19:08:37', b'1', 1);
INSERT INTO `product_browse_history` VALUES (1148, 247, 634, b'0', NULL, '2025-04-29 19:08:37', NULL, '2025-04-29 19:08:37', b'1', 1);
INSERT INTO `product_browse_history` VALUES (1149, 247, 634, b'0', NULL, '2025-04-29 19:08:37', NULL, '2025-04-29 19:08:37', b'1', 1);
INSERT INTO `product_browse_history` VALUES (1150, 247, 633, b'0', NULL, '2025-04-29 19:08:40', NULL, '2025-04-29 19:08:40', b'1', 1);
INSERT INTO `product_browse_history` VALUES (1151, 247, 634, b'0', NULL, '2025-04-29 19:08:40', NULL, '2025-04-29 19:08:40', b'1', 1);
INSERT INTO `product_browse_history` VALUES (1152, 247, 634, b'0', NULL, '2025-04-29 19:08:40', NULL, '2025-04-29 19:08:40', b'1', 1);
INSERT INTO `product_browse_history` VALUES (1153, 247, 634, b'0', NULL, '2025-04-29 19:08:41', NULL, '2025-04-29 19:08:41', b'1', 1);
INSERT INTO `product_browse_history` VALUES (1154, 247, 633, b'0', NULL, '2025-04-29 19:08:41', NULL, '2025-04-29 19:08:41', b'1', 1);
INSERT INTO `product_browse_history` VALUES (1155, 247, 634, b'0', NULL, '2025-04-29 19:08:41', NULL, '2025-04-29 19:08:41', b'1', 1);
INSERT INTO `product_browse_history` VALUES (1156, 247, 633, b'0', NULL, '2025-04-29 19:08:49', NULL, '2025-04-29 19:08:49', b'1', 1);
INSERT INTO `product_browse_history` VALUES (1157, 247, 634, b'0', NULL, '2025-04-29 19:08:49', NULL, '2025-04-29 19:08:49', b'1', 1);
INSERT INTO `product_browse_history` VALUES (1158, 247, 634, b'0', NULL, '2025-04-29 19:08:49', NULL, '2025-04-29 19:08:49', b'1', 1);
INSERT INTO `product_browse_history` VALUES (1159, 247, 633, b'0', NULL, '2025-04-29 19:08:51', NULL, '2025-04-29 19:08:51', b'1', 1);
INSERT INTO `product_browse_history` VALUES (1160, 247, 633, b'0', NULL, '2025-04-29 19:13:45', NULL, '2025-04-29 19:13:45', b'1', 1);
INSERT INTO `product_browse_history` VALUES (1161, 247, 634, b'0', NULL, '2025-04-29 19:13:45', NULL, '2025-04-29 19:13:45', b'1', 1);
INSERT INTO `product_browse_history` VALUES (1162, 247, 634, b'0', NULL, '2025-04-29 19:13:45', NULL, '2025-04-29 19:13:45', b'1', 1);
INSERT INTO `product_browse_history` VALUES (1163, 247, 633, b'0', NULL, '2025-04-29 19:27:36', NULL, '2025-04-29 19:27:36', b'1', 1);
INSERT INTO `product_browse_history` VALUES (1164, 247, 634, b'0', NULL, '2025-04-29 19:27:36', NULL, '2025-04-29 19:27:36', b'1', 1);
INSERT INTO `product_browse_history` VALUES (1165, 247, 634, b'0', NULL, '2025-04-29 19:27:36', NULL, '2025-04-29 19:27:36', b'1', 1);
INSERT INTO `product_browse_history` VALUES (1166, 247, 633, b'0', NULL, '2025-04-29 19:29:41', NULL, '2025-04-29 19:29:41', b'1', 1);
INSERT INTO `product_browse_history` VALUES (1167, 247, 634, b'0', NULL, '2025-04-29 19:29:41', NULL, '2025-04-29 19:29:41', b'1', 1);
INSERT INTO `product_browse_history` VALUES (1168, 247, 634, b'0', NULL, '2025-04-29 19:29:41', NULL, '2025-04-29 19:29:41', b'0', 1);
INSERT INTO `product_browse_history` VALUES (1169, 247, 634, b'0', NULL, '2025-04-29 19:41:16', NULL, '2025-04-29 19:41:16', b'0', 1);
INSERT INTO `product_browse_history` VALUES (1170, 247, 634, b'0', NULL, '2025-04-29 19:41:16', NULL, '2025-04-29 19:41:16', b'0', 1);
INSERT INTO `product_browse_history` VALUES (1171, 247, 633, b'0', NULL, '2025-04-29 19:41:16', NULL, '2025-04-29 19:41:16', b'1', 1);
INSERT INTO `product_browse_history` VALUES (1172, 247, 633, b'0', NULL, '2025-04-29 19:48:51', NULL, '2025-04-29 19:48:51', b'1', 1);
INSERT INTO `product_browse_history` VALUES (1173, 247, 634, b'0', NULL, '2025-04-29 19:48:51', NULL, '2025-04-29 19:48:51', b'0', 1);
INSERT INTO `product_browse_history` VALUES (1174, 247, 634, b'0', NULL, '2025-04-29 19:48:51', NULL, '2025-04-29 19:48:51', b'0', 1);
INSERT INTO `product_browse_history` VALUES (1175, 247, 634, b'0', NULL, '2025-04-29 19:49:08', NULL, '2025-04-29 19:49:08', b'0', 1);
INSERT INTO `product_browse_history` VALUES (1176, 247, 633, b'0', NULL, '2025-04-29 19:49:08', NULL, '2025-04-29 19:49:08', b'1', 1);
INSERT INTO `product_browse_history` VALUES (1177, 247, 634, b'0', NULL, '2025-04-29 19:49:08', NULL, '2025-04-29 19:49:08', b'0', 1);
INSERT INTO `product_browse_history` VALUES (1178, 247, 634, b'0', NULL, '2025-04-29 19:49:18', NULL, '2025-04-29 19:49:18', b'0', 1);
INSERT INTO `product_browse_history` VALUES (1179, 247, 633, b'0', NULL, '2025-04-29 19:49:18', NULL, '2025-04-29 19:49:18', b'1', 1);
INSERT INTO `product_browse_history` VALUES (1180, 247, 634, b'0', NULL, '2025-04-29 19:49:18', NULL, '2025-04-29 19:49:18', b'0', 1);
INSERT INTO `product_browse_history` VALUES (1181, 247, 633, b'0', NULL, '2025-04-29 19:49:23', NULL, '2025-04-29 19:49:23', b'1', 1);
INSERT INTO `product_browse_history` VALUES (1182, 247, 634, b'0', NULL, '2025-04-29 19:49:23', NULL, '2025-04-29 19:49:23', b'0', 1);
INSERT INTO `product_browse_history` VALUES (1183, 247, 634, b'0', NULL, '2025-04-29 19:49:23', NULL, '2025-04-29 19:49:23', b'0', 1);
INSERT INTO `product_browse_history` VALUES (1184, 247, 633, b'0', NULL, '2025-04-29 19:49:27', NULL, '2025-04-29 19:49:27', b'1', 1);
INSERT INTO `product_browse_history` VALUES (1185, 247, 634, b'0', NULL, '2025-04-29 19:49:27', NULL, '2025-04-29 19:49:27', b'0', 1);
INSERT INTO `product_browse_history` VALUES (1186, 247, 634, b'0', NULL, '2025-04-29 19:49:27', NULL, '2025-04-29 19:49:27', b'0', 1);
INSERT INTO `product_browse_history` VALUES (1187, 247, 634, b'0', NULL, '2025-04-29 19:50:20', NULL, '2025-04-29 19:50:20', b'0', 1);
INSERT INTO `product_browse_history` VALUES (1188, 247, 634, b'0', NULL, '2025-04-29 19:50:20', NULL, '2025-04-29 19:50:20', b'0', 1);
INSERT INTO `product_browse_history` VALUES (1189, 247, 633, b'0', NULL, '2025-04-29 19:50:20', NULL, '2025-04-29 19:50:20', b'1', 1);
INSERT INTO `product_browse_history` VALUES (1190, 247, 633, b'0', NULL, '2025-04-29 19:51:10', NULL, '2025-04-29 19:51:10', b'1', 1);
INSERT INTO `product_browse_history` VALUES (1191, 247, 634, b'0', NULL, '2025-04-29 19:51:10', NULL, '2025-04-29 19:51:10', b'0', 1);
INSERT INTO `product_browse_history` VALUES (1192, 247, 634, b'0', NULL, '2025-04-29 19:51:10', NULL, '2025-04-29 19:51:10', b'0', 1);
INSERT INTO `product_browse_history` VALUES (1193, 247, 633, b'0', NULL, '2025-04-29 19:51:24', NULL, '2025-04-29 19:51:24', b'1', 1);
INSERT INTO `product_browse_history` VALUES (1194, 247, 634, b'0', NULL, '2025-04-29 19:51:24', NULL, '2025-04-29 19:51:24', b'0', 1);
INSERT INTO `product_browse_history` VALUES (1195, 247, 634, b'0', NULL, '2025-04-29 19:51:24', NULL, '2025-04-29 19:51:24', b'0', 1);
INSERT INTO `product_browse_history` VALUES (1196, 247, 634, b'0', NULL, '2025-04-29 19:51:27', NULL, '2025-04-29 19:51:27', b'0', 1);
INSERT INTO `product_browse_history` VALUES (1197, 247, 634, b'0', NULL, '2025-04-29 19:51:27', NULL, '2025-04-29 19:51:27', b'0', 1);
INSERT INTO `product_browse_history` VALUES (1198, 247, 633, b'0', NULL, '2025-04-29 19:51:27', NULL, '2025-04-29 19:51:27', b'1', 1);
INSERT INTO `product_browse_history` VALUES (1199, 247, 633, b'0', NULL, '2025-04-29 19:52:35', NULL, '2025-04-29 19:52:35', b'1', 1);
INSERT INTO `product_browse_history` VALUES (1200, 247, 634, b'0', NULL, '2025-04-29 19:52:35', NULL, '2025-04-29 19:52:35', b'0', 1);
INSERT INTO `product_browse_history` VALUES (1201, 247, 634, b'0', NULL, '2025-04-29 19:52:35', NULL, '2025-04-29 19:52:35', b'0', 1);
INSERT INTO `product_browse_history` VALUES (1202, 247, 633, b'0', NULL, '2025-04-29 19:52:39', NULL, '2025-04-29 19:52:39', b'1', 1);
INSERT INTO `product_browse_history` VALUES (1203, 247, 634, b'0', NULL, '2025-04-29 19:52:39', NULL, '2025-04-29 19:52:39', b'0', 1);
INSERT INTO `product_browse_history` VALUES (1204, 247, 634, b'0', NULL, '2025-04-29 19:52:39', NULL, '2025-04-29 19:52:39', b'0', 1);
INSERT INTO `product_browse_history` VALUES (1205, 247, 633, b'0', NULL, '2025-04-29 19:53:49', NULL, '2025-04-29 19:53:49', b'1', 1);
INSERT INTO `product_browse_history` VALUES (1206, 247, 634, b'0', NULL, '2025-04-29 19:53:49', NULL, '2025-04-29 19:53:49', b'0', 1);
INSERT INTO `product_browse_history` VALUES (1207, 247, 634, b'0', NULL, '2025-04-29 19:53:49', NULL, '2025-04-29 19:53:49', b'0', 1);
INSERT INTO `product_browse_history` VALUES (1208, 247, 634, b'0', NULL, '2025-04-29 19:54:24', NULL, '2025-04-29 19:54:24', b'0', 1);
INSERT INTO `product_browse_history` VALUES (1209, 247, 634, b'0', NULL, '2025-04-29 19:54:24', NULL, '2025-04-29 19:54:24', b'0', 1);
INSERT INTO `product_browse_history` VALUES (1210, 247, 633, b'0', NULL, '2025-04-29 19:54:24', NULL, '2025-04-29 19:54:24', b'1', 1);
INSERT INTO `product_browse_history` VALUES (1211, 247, 633, b'0', NULL, '2025-04-29 19:56:09', NULL, '2025-04-29 19:56:09', b'1', 1);
INSERT INTO `product_browse_history` VALUES (1212, 247, 634, b'0', NULL, '2025-04-29 19:56:09', NULL, '2025-04-29 19:56:09', b'0', 1);
INSERT INTO `product_browse_history` VALUES (1213, 247, 634, b'0', NULL, '2025-04-29 19:56:09', NULL, '2025-04-29 19:56:09', b'0', 1);
INSERT INTO `product_browse_history` VALUES (1214, 247, 633, b'0', NULL, '2025-04-29 19:56:24', NULL, '2025-04-29 19:56:24', b'1', 1);
INSERT INTO `product_browse_history` VALUES (1215, 247, 634, b'0', NULL, '2025-04-29 19:56:24', NULL, '2025-04-29 19:56:24', b'0', 1);
INSERT INTO `product_browse_history` VALUES (1216, 247, 634, b'0', NULL, '2025-04-29 19:56:24', NULL, '2025-04-29 19:56:24', b'0', 1);
INSERT INTO `product_browse_history` VALUES (1217, 247, 633, b'0', NULL, '2025-04-29 19:56:44', NULL, '2025-04-29 19:56:44', b'1', 1);
INSERT INTO `product_browse_history` VALUES (1218, 247, 634, b'0', NULL, '2025-04-29 19:56:44', NULL, '2025-04-29 19:56:44', b'0', 1);
INSERT INTO `product_browse_history` VALUES (1219, 247, 634, b'0', NULL, '2025-04-29 19:56:44', NULL, '2025-04-29 19:56:44', b'0', 1);
INSERT INTO `product_browse_history` VALUES (1220, 247, 633, b'0', NULL, '2025-04-29 20:02:09', NULL, '2025-04-29 20:02:09', b'1', 1);
INSERT INTO `product_browse_history` VALUES (1221, 247, 634, b'0', NULL, '2025-04-29 20:02:09', NULL, '2025-04-29 20:02:09', b'0', 1);
INSERT INTO `product_browse_history` VALUES (1222, 247, 634, b'0', NULL, '2025-04-29 20:02:09', NULL, '2025-04-29 20:02:09', b'0', 1);
INSERT INTO `product_browse_history` VALUES (1223, 247, 633, b'0', NULL, '2025-04-29 20:02:18', NULL, '2025-04-29 20:02:18', b'1', 1);
INSERT INTO `product_browse_history` VALUES (1224, 247, 634, b'0', NULL, '2025-04-29 20:02:18', NULL, '2025-04-29 20:02:18', b'0', 1);
INSERT INTO `product_browse_history` VALUES (1225, 247, 634, b'0', NULL, '2025-04-29 20:02:18', NULL, '2025-04-29 20:02:18', b'0', 1);
INSERT INTO `product_browse_history` VALUES (1226, 247, 634, b'0', NULL, '2025-04-29 20:04:22', NULL, '2025-04-29 20:04:22', b'0', 1);
INSERT INTO `product_browse_history` VALUES (1227, 247, 634, b'0', NULL, '2025-04-29 20:04:22', NULL, '2025-04-29 20:04:22', b'0', 1);
INSERT INTO `product_browse_history` VALUES (1228, 247, 633, b'0', NULL, '2025-04-29 20:04:22', NULL, '2025-04-29 20:04:22', b'1', 1);
INSERT INTO `product_browse_history` VALUES (1229, 247, 634, b'0', NULL, '2025-04-29 20:05:02', NULL, '2025-04-29 20:05:02', b'0', 1);
INSERT INTO `product_browse_history` VALUES (1230, 247, 633, b'0', NULL, '2025-04-29 20:05:02', NULL, '2025-04-29 20:05:02', b'1', 1);
INSERT INTO `product_browse_history` VALUES (1231, 247, 634, b'0', NULL, '2025-04-29 20:05:02', NULL, '2025-04-29 20:05:02', b'0', 1);
INSERT INTO `product_browse_history` VALUES (1232, 247, 633, b'0', NULL, '2025-04-29 20:05:34', NULL, '2025-04-29 20:05:34', b'1', 1);
INSERT INTO `product_browse_history` VALUES (1233, 247, 634, b'0', NULL, '2025-04-29 20:05:34', NULL, '2025-04-29 20:05:34', b'0', 1);
INSERT INTO `product_browse_history` VALUES (1234, 247, 634, b'0', NULL, '2025-04-29 20:05:34', NULL, '2025-04-29 20:05:34', b'0', 1);
INSERT INTO `product_browse_history` VALUES (1235, 247, 634, b'0', NULL, '2025-04-29 20:07:10', NULL, '2025-04-29 20:07:10', b'0', 1);
INSERT INTO `product_browse_history` VALUES (1236, 247, 633, b'0', NULL, '2025-04-29 20:07:10', NULL, '2025-04-29 20:07:10', b'1', 1);
INSERT INTO `product_browse_history` VALUES (1237, 247, 634, b'0', NULL, '2025-04-29 20:07:10', NULL, '2025-04-29 20:07:10', b'0', 1);
INSERT INTO `product_browse_history` VALUES (1238, 247, 634, b'0', NULL, '2025-04-29 20:09:08', NULL, '2025-04-29 20:09:08', b'0', 1);
INSERT INTO `product_browse_history` VALUES (1239, 247, 633, b'0', NULL, '2025-04-29 20:09:08', NULL, '2025-04-29 20:09:08', b'1', 1);
INSERT INTO `product_browse_history` VALUES (1240, 247, 634, b'0', NULL, '2025-04-29 20:09:08', NULL, '2025-04-29 20:09:08', b'0', 1);
INSERT INTO `product_browse_history` VALUES (1241, 247, 634, b'0', NULL, '2025-04-29 20:09:35', NULL, '2025-04-29 20:09:35', b'0', 1);
INSERT INTO `product_browse_history` VALUES (1242, 247, 633, b'0', NULL, '2025-04-29 20:09:35', NULL, '2025-04-29 20:09:35', b'1', 1);
INSERT INTO `product_browse_history` VALUES (1243, 247, 634, b'0', NULL, '2025-04-29 20:09:35', NULL, '2025-04-29 20:09:35', b'0', 1);
INSERT INTO `product_browse_history` VALUES (1244, 247, 634, b'0', NULL, '2025-04-29 20:10:04', NULL, '2025-04-29 20:10:04', b'0', 1);
INSERT INTO `product_browse_history` VALUES (1245, 247, 634, b'0', NULL, '2025-04-29 20:10:04', NULL, '2025-04-29 20:10:04', b'0', 1);
INSERT INTO `product_browse_history` VALUES (1246, 247, 633, b'0', NULL, '2025-04-29 20:10:04', NULL, '2025-04-29 20:10:04', b'1', 1);
INSERT INTO `product_browse_history` VALUES (1247, 247, 633, b'0', NULL, '2025-04-29 20:11:01', NULL, '2025-04-29 20:11:01', b'1', 1);
INSERT INTO `product_browse_history` VALUES (1248, 247, 634, b'0', NULL, '2025-04-29 20:11:01', NULL, '2025-04-29 20:11:01', b'0', 1);
INSERT INTO `product_browse_history` VALUES (1249, 247, 634, b'0', NULL, '2025-04-29 20:11:01', NULL, '2025-04-29 20:11:01', b'0', 1);
INSERT INTO `product_browse_history` VALUES (1250, 247, 633, b'0', NULL, '2025-04-29 20:13:44', NULL, '2025-04-29 20:13:44', b'1', 1);
INSERT INTO `product_browse_history` VALUES (1251, 247, 634, b'0', NULL, '2025-04-29 20:13:44', NULL, '2025-04-29 20:13:44', b'0', 1);
INSERT INTO `product_browse_history` VALUES (1252, 247, 634, b'0', NULL, '2025-04-29 20:13:44', NULL, '2025-04-29 20:13:44', b'0', 1);
INSERT INTO `product_browse_history` VALUES (1253, 247, 633, b'0', NULL, '2025-04-29 20:13:48', NULL, '2025-04-29 20:13:48', b'1', 1);
INSERT INTO `product_browse_history` VALUES (1254, 247, 634, b'0', NULL, '2025-04-29 20:13:48', NULL, '2025-04-29 20:13:48', b'0', 1);
INSERT INTO `product_browse_history` VALUES (1255, 247, 634, b'0', NULL, '2025-04-29 20:13:48', NULL, '2025-04-29 20:13:48', b'0', 1);
INSERT INTO `product_browse_history` VALUES (1256, 247, 633, b'0', NULL, '2025-04-29 20:13:51', NULL, '2025-04-29 20:13:51', b'1', 1);
INSERT INTO `product_browse_history` VALUES (1257, 247, 634, b'0', NULL, '2025-04-29 20:13:51', NULL, '2025-04-29 20:13:51', b'0', 1);
INSERT INTO `product_browse_history` VALUES (1258, 247, 634, b'0', NULL, '2025-04-29 20:13:51', NULL, '2025-04-29 20:13:51', b'0', 1);
INSERT INTO `product_browse_history` VALUES (1259, 247, 633, b'0', NULL, '2025-04-29 20:14:48', NULL, '2025-04-29 20:14:48', b'1', 1);
INSERT INTO `product_browse_history` VALUES (1260, 247, 634, b'0', NULL, '2025-04-29 20:14:48', NULL, '2025-04-29 20:14:48', b'0', 1);
INSERT INTO `product_browse_history` VALUES (1261, 247, 634, b'0', NULL, '2025-04-29 20:14:48', NULL, '2025-04-29 20:14:48', b'0', 1);
INSERT INTO `product_browse_history` VALUES (1262, 247, 633, b'0', NULL, '2025-04-29 20:16:10', NULL, '2025-04-29 20:16:10', b'1', 1);
INSERT INTO `product_browse_history` VALUES (1263, 247, 634, b'0', NULL, '2025-04-29 20:16:10', NULL, '2025-04-29 20:16:10', b'0', 1);
INSERT INTO `product_browse_history` VALUES (1264, 247, 634, b'0', NULL, '2025-04-29 20:16:10', NULL, '2025-04-29 20:16:10', b'0', 1);
INSERT INTO `product_browse_history` VALUES (1265, 247, 633, b'0', NULL, '2025-04-29 20:16:14', NULL, '2025-04-29 20:16:14', b'1', 1);
INSERT INTO `product_browse_history` VALUES (1266, 247, 634, b'0', NULL, '2025-04-29 20:16:14', NULL, '2025-04-29 20:16:14', b'0', 1);
INSERT INTO `product_browse_history` VALUES (1267, 247, 634, b'0', NULL, '2025-04-29 20:16:14', NULL, '2025-04-29 20:16:14', b'0', 1);
INSERT INTO `product_browse_history` VALUES (1268, 247, 633, b'0', NULL, '2025-04-29 20:18:01', NULL, '2025-04-29 20:18:01', b'1', 1);
INSERT INTO `product_browse_history` VALUES (1269, 247, 634, b'0', NULL, '2025-04-29 20:18:01', NULL, '2025-04-29 20:18:01', b'0', 1);
INSERT INTO `product_browse_history` VALUES (1270, 247, 634, b'0', NULL, '2025-04-29 20:18:01', NULL, '2025-04-29 20:18:01', b'0', 1);
INSERT INTO `product_browse_history` VALUES (1271, 247, 633, b'0', NULL, '2025-04-29 20:18:04', NULL, '2025-04-29 20:18:04', b'1', 1);
INSERT INTO `product_browse_history` VALUES (1272, 247, 634, b'0', NULL, '2025-04-29 20:18:04', NULL, '2025-04-29 20:18:04', b'0', 1);
INSERT INTO `product_browse_history` VALUES (1273, 247, 634, b'0', NULL, '2025-04-29 20:18:04', NULL, '2025-04-29 20:18:04', b'0', 1);
INSERT INTO `product_browse_history` VALUES (1274, 247, 633, b'0', NULL, '2025-04-29 20:18:11', NULL, '2025-04-29 20:18:11', b'1', 1);
INSERT INTO `product_browse_history` VALUES (1275, 247, 634, b'0', NULL, '2025-04-29 20:18:11', NULL, '2025-04-29 20:18:11', b'0', 1);
INSERT INTO `product_browse_history` VALUES (1276, 247, 634, b'0', NULL, '2025-04-29 20:18:11', NULL, '2025-04-29 20:18:11', b'0', 1);
INSERT INTO `product_browse_history` VALUES (1277, 247, 634, b'0', NULL, '2025-04-29 20:18:15', NULL, '2025-04-29 20:18:15', b'0', 1);
INSERT INTO `product_browse_history` VALUES (1278, 247, 634, b'0', NULL, '2025-04-29 20:18:15', NULL, '2025-04-29 20:18:15', b'0', 1);
INSERT INTO `product_browse_history` VALUES (1279, 247, 633, b'0', NULL, '2025-04-29 20:18:15', NULL, '2025-04-29 20:18:15', b'1', 1);
INSERT INTO `product_browse_history` VALUES (1280, 247, 634, b'0', NULL, '2025-04-29 20:18:22', NULL, '2025-04-29 20:18:22', b'0', 1);
INSERT INTO `product_browse_history` VALUES (1281, 247, 633, b'0', NULL, '2025-04-29 20:18:22', NULL, '2025-04-29 20:18:22', b'1', 1);
INSERT INTO `product_browse_history` VALUES (1282, 247, 634, b'0', NULL, '2025-04-29 20:18:22', NULL, '2025-04-29 20:18:22', b'0', 1);
INSERT INTO `product_browse_history` VALUES (1283, 247, 633, b'0', NULL, '2025-04-29 20:18:28', NULL, '2025-04-29 20:18:28', b'1', 1);
INSERT INTO `product_browse_history` VALUES (1284, 247, 634, b'0', NULL, '2025-04-29 20:18:28', NULL, '2025-04-29 20:18:28', b'0', 1);
INSERT INTO `product_browse_history` VALUES (1285, 247, 634, b'0', NULL, '2025-04-29 20:18:28', NULL, '2025-04-29 20:18:28', b'0', 1);
INSERT INTO `product_browse_history` VALUES (1286, 247, 634, b'0', NULL, '2025-04-29 20:18:34', NULL, '2025-04-29 20:18:34', b'0', 1);
INSERT INTO `product_browse_history` VALUES (1287, 247, 633, b'0', NULL, '2025-04-29 20:18:34', NULL, '2025-04-29 20:18:34', b'1', 1);
INSERT INTO `product_browse_history` VALUES (1288, 247, 634, b'0', NULL, '2025-04-29 20:18:34', NULL, '2025-04-29 20:18:34', b'0', 1);
INSERT INTO `product_browse_history` VALUES (1289, 247, 633, b'0', NULL, '2025-04-29 20:20:22', NULL, '2025-04-29 20:20:22', b'1', 1);
INSERT INTO `product_browse_history` VALUES (1290, 247, 634, b'0', NULL, '2025-04-29 20:20:22', NULL, '2025-04-29 20:20:22', b'0', 1);
INSERT INTO `product_browse_history` VALUES (1291, 247, 634, b'0', NULL, '2025-04-29 20:20:22', NULL, '2025-04-29 20:20:22', b'0', 1);
INSERT INTO `product_browse_history` VALUES (1292, 247, 634, b'0', NULL, '2025-04-29 20:21:40', NULL, '2025-04-29 20:21:40', b'0', 1);
INSERT INTO `product_browse_history` VALUES (1293, 247, 634, b'0', NULL, '2025-04-29 20:21:40', NULL, '2025-04-29 20:21:40', b'0', 1);
INSERT INTO `product_browse_history` VALUES (1294, 247, 633, b'0', NULL, '2025-04-29 20:21:40', NULL, '2025-04-29 20:21:40', b'1', 1);
INSERT INTO `product_browse_history` VALUES (1295, 247, 633, b'0', NULL, '2025-04-29 20:21:43', NULL, '2025-04-29 20:21:43', b'1', 1);
INSERT INTO `product_browse_history` VALUES (1296, 247, 634, b'0', NULL, '2025-04-29 20:21:43', NULL, '2025-04-29 20:21:43', b'0', 1);
INSERT INTO `product_browse_history` VALUES (1297, 247, 634, b'0', NULL, '2025-04-29 20:21:43', NULL, '2025-04-29 20:21:43', b'0', 1);
INSERT INTO `product_browse_history` VALUES (1298, 247, 633, b'0', NULL, '2025-04-29 20:22:16', NULL, '2025-04-29 20:22:16', b'1', 1);
INSERT INTO `product_browse_history` VALUES (1299, 247, 634, b'0', NULL, '2025-04-29 20:22:16', NULL, '2025-04-29 20:22:16', b'0', 1);
INSERT INTO `product_browse_history` VALUES (1300, 247, 634, b'0', NULL, '2025-04-29 20:22:16', NULL, '2025-04-29 20:22:16', b'0', 1);
INSERT INTO `product_browse_history` VALUES (1301, 247, 633, b'0', NULL, '2025-04-29 20:24:22', NULL, '2025-04-29 20:24:22', b'1', 1);
INSERT INTO `product_browse_history` VALUES (1302, 247, 634, b'0', NULL, '2025-04-29 20:24:22', NULL, '2025-04-29 20:24:22', b'0', 1);
INSERT INTO `product_browse_history` VALUES (1303, 247, 634, b'0', NULL, '2025-04-29 20:24:22', NULL, '2025-04-29 20:24:22', b'0', 1);
INSERT INTO `product_browse_history` VALUES (1304, 247, 634, b'0', NULL, '2025-04-29 20:24:34', NULL, '2025-04-29 20:24:34', b'0', 1);
INSERT INTO `product_browse_history` VALUES (1305, 247, 633, b'0', NULL, '2025-04-29 20:24:34', NULL, '2025-04-29 20:24:34', b'1', 1);
INSERT INTO `product_browse_history` VALUES (1306, 247, 634, b'0', NULL, '2025-04-29 20:24:34', NULL, '2025-04-29 20:24:34', b'0', 1);
INSERT INTO `product_browse_history` VALUES (1307, 247, 634, b'0', NULL, '2025-04-29 20:26:07', NULL, '2025-04-29 20:26:07', b'0', 1);
INSERT INTO `product_browse_history` VALUES (1308, 247, 634, b'0', NULL, '2025-04-29 20:26:07', NULL, '2025-04-29 20:26:07', b'0', 1);
INSERT INTO `product_browse_history` VALUES (1309, 247, 633, b'0', NULL, '2025-04-29 20:26:07', NULL, '2025-04-29 20:26:07', b'1', 1);
INSERT INTO `product_browse_history` VALUES (1310, 247, 633, b'0', NULL, '2025-04-29 20:27:47', NULL, '2025-04-29 20:27:47', b'1', 1);
INSERT INTO `product_browse_history` VALUES (1311, 247, 634, b'0', NULL, '2025-04-29 20:27:47', NULL, '2025-04-29 20:27:47', b'0', 1);
INSERT INTO `product_browse_history` VALUES (1312, 247, 634, b'0', NULL, '2025-04-29 20:27:47', NULL, '2025-04-29 20:27:47', b'0', 1);
INSERT INTO `product_browse_history` VALUES (1313, 247, 634, b'0', NULL, '2025-04-29 20:30:00', NULL, '2025-04-29 20:30:00', b'0', 1);
INSERT INTO `product_browse_history` VALUES (1314, 247, 633, b'0', NULL, '2025-04-29 20:30:00', NULL, '2025-04-29 20:30:00', b'1', 1);
INSERT INTO `product_browse_history` VALUES (1315, 247, 634, b'0', NULL, '2025-04-29 20:30:00', NULL, '2025-04-29 20:30:00', b'0', 1);
INSERT INTO `product_browse_history` VALUES (1316, 247, 633, b'0', NULL, '2025-04-29 20:30:07', NULL, '2025-04-29 20:30:07', b'1', 1);
INSERT INTO `product_browse_history` VALUES (1317, 247, 634, b'0', NULL, '2025-04-29 20:30:07', NULL, '2025-04-29 20:30:07', b'0', 1);
INSERT INTO `product_browse_history` VALUES (1318, 247, 634, b'0', NULL, '2025-04-29 20:30:07', NULL, '2025-04-29 20:30:07', b'0', 1);
INSERT INTO `product_browse_history` VALUES (1319, 247, 634, b'0', NULL, '2025-04-29 20:32:06', NULL, '2025-04-29 20:32:06', b'0', 1);
INSERT INTO `product_browse_history` VALUES (1320, 247, 634, b'0', NULL, '2025-04-29 20:32:06', NULL, '2025-04-29 20:32:06', b'0', 1);
INSERT INTO `product_browse_history` VALUES (1321, 247, 633, b'0', NULL, '2025-04-29 20:32:06', NULL, '2025-04-29 20:32:06', b'1', 1);
INSERT INTO `product_browse_history` VALUES (1322, 247, 633, b'0', NULL, '2025-04-29 20:34:08', NULL, '2025-04-29 20:34:08', b'1', 1);
INSERT INTO `product_browse_history` VALUES (1323, 247, 634, b'0', NULL, '2025-04-29 20:34:08', NULL, '2025-04-29 20:34:08', b'0', 1);
INSERT INTO `product_browse_history` VALUES (1324, 247, 634, b'0', NULL, '2025-04-29 20:34:08', NULL, '2025-04-29 20:34:08', b'0', 1);
INSERT INTO `product_browse_history` VALUES (1325, 247, 633, b'0', NULL, '2025-04-29 20:36:07', NULL, '2025-04-29 20:36:07', b'1', 1);
INSERT INTO `product_browse_history` VALUES (1326, 247, 634, b'0', NULL, '2025-04-29 20:36:07', NULL, '2025-04-29 20:36:07', b'0', 1);
INSERT INTO `product_browse_history` VALUES (1327, 247, 634, b'0', NULL, '2025-04-29 20:36:07', NULL, '2025-04-29 20:36:07', b'0', 1);
INSERT INTO `product_browse_history` VALUES (1328, 247, 633, b'0', NULL, '2025-04-29 20:36:11', NULL, '2025-04-29 20:36:11', b'1', 1);
INSERT INTO `product_browse_history` VALUES (1329, 247, 634, b'0', NULL, '2025-04-29 20:36:11', NULL, '2025-04-29 20:36:11', b'0', 1);
INSERT INTO `product_browse_history` VALUES (1330, 247, 634, b'0', NULL, '2025-04-29 20:36:11', NULL, '2025-04-29 20:36:11', b'0', 1);
INSERT INTO `product_browse_history` VALUES (1331, 247, 633, b'0', NULL, '2025-04-29 20:36:30', NULL, '2025-04-29 20:36:30', b'1', 1);
INSERT INTO `product_browse_history` VALUES (1332, 247, 634, b'0', NULL, '2025-04-29 20:36:30', NULL, '2025-04-29 20:36:30', b'0', 1);
INSERT INTO `product_browse_history` VALUES (1333, 247, 634, b'0', NULL, '2025-04-29 20:36:30', NULL, '2025-04-29 20:36:30', b'0', 1);
INSERT INTO `product_browse_history` VALUES (1334, 247, 633, b'0', NULL, '2025-04-29 20:37:05', NULL, '2025-04-29 20:37:05', b'1', 1);
INSERT INTO `product_browse_history` VALUES (1335, 247, 634, b'0', NULL, '2025-04-29 20:37:05', NULL, '2025-04-29 20:37:05', b'0', 1);
INSERT INTO `product_browse_history` VALUES (1336, 247, 634, b'0', NULL, '2025-04-29 20:37:05', NULL, '2025-04-29 20:37:05', b'0', 1);
INSERT INTO `product_browse_history` VALUES (1337, 247, 633, b'0', NULL, '2025-04-29 20:37:13', NULL, '2025-04-29 20:37:13', b'1', 1);
INSERT INTO `product_browse_history` VALUES (1338, 247, 634, b'0', NULL, '2025-04-29 20:37:13', NULL, '2025-04-29 20:37:13', b'0', 1);
INSERT INTO `product_browse_history` VALUES (1339, 247, 634, b'0', NULL, '2025-04-29 20:37:13', NULL, '2025-04-29 20:37:13', b'0', 1);
INSERT INTO `product_browse_history` VALUES (1340, 247, 633, b'0', NULL, '2025-04-29 20:39:00', NULL, '2025-04-29 20:39:00', b'1', 1);
INSERT INTO `product_browse_history` VALUES (1341, 247, 634, b'0', NULL, '2025-04-29 20:39:00', NULL, '2025-04-29 20:39:00', b'0', 1);
INSERT INTO `product_browse_history` VALUES (1342, 247, 634, b'0', NULL, '2025-04-29 20:39:00', NULL, '2025-04-29 20:39:00', b'0', 1);
INSERT INTO `product_browse_history` VALUES (1343, 247, 633, b'0', NULL, '2025-04-29 20:39:04', NULL, '2025-04-29 20:39:04', b'1', 1);
INSERT INTO `product_browse_history` VALUES (1344, 247, 634, b'0', NULL, '2025-04-29 20:39:04', NULL, '2025-04-29 20:39:04', b'0', 1);
INSERT INTO `product_browse_history` VALUES (1345, 247, 634, b'0', NULL, '2025-04-29 20:39:04', NULL, '2025-04-29 20:39:04', b'0', 1);
INSERT INTO `product_browse_history` VALUES (1346, 247, 633, b'0', NULL, '2025-04-29 20:39:46', NULL, '2025-04-29 20:39:46', b'1', 1);
INSERT INTO `product_browse_history` VALUES (1347, 247, 634, b'0', NULL, '2025-04-29 20:39:46', NULL, '2025-04-29 20:39:46', b'0', 1);
INSERT INTO `product_browse_history` VALUES (1348, 247, 634, b'0', NULL, '2025-04-29 20:39:46', NULL, '2025-04-29 20:39:46', b'0', 1);
INSERT INTO `product_browse_history` VALUES (1349, 247, 633, b'0', NULL, '2025-04-29 20:39:49', NULL, '2025-04-29 20:39:49', b'1', 1);
INSERT INTO `product_browse_history` VALUES (1350, 247, 634, b'0', NULL, '2025-04-29 20:39:49', NULL, '2025-04-29 20:39:49', b'0', 1);
INSERT INTO `product_browse_history` VALUES (1351, 247, 634, b'0', NULL, '2025-04-29 20:39:49', NULL, '2025-04-29 20:39:49', b'0', 1);
INSERT INTO `product_browse_history` VALUES (1352, 247, 633, b'0', NULL, '2025-04-29 20:39:52', NULL, '2025-04-29 20:39:52', b'1', 1);
INSERT INTO `product_browse_history` VALUES (1353, 247, 634, b'0', NULL, '2025-04-29 20:39:52', NULL, '2025-04-29 20:39:52', b'0', 1);
INSERT INTO `product_browse_history` VALUES (1354, 247, 634, b'0', NULL, '2025-04-29 20:39:52', NULL, '2025-04-29 20:39:52', b'0', 1);
INSERT INTO `product_browse_history` VALUES (1355, 247, 633, b'0', NULL, '2025-04-29 20:57:31', NULL, '2025-04-29 20:57:31', b'1', 1);
INSERT INTO `product_browse_history` VALUES (1356, 247, 633, b'0', NULL, '2025-04-30 21:27:52', NULL, '2025-04-30 21:27:52', b'1', 1);
INSERT INTO `product_browse_history` VALUES (1357, 247, 634, b'0', NULL, '2025-04-30 21:27:52', NULL, '2025-04-30 21:27:52', b'0', 1);
INSERT INTO `product_browse_history` VALUES (1358, 247, 634, b'0', NULL, '2025-04-30 21:27:52', NULL, '2025-04-30 21:27:52', b'0', 1);
INSERT INTO `product_browse_history` VALUES (1359, 247, 633, b'0', NULL, '2025-04-30 21:27:56', NULL, '2025-04-30 21:27:56', b'1', 1);
INSERT INTO `product_browse_history` VALUES (1360, 247, 634, b'0', NULL, '2025-04-30 21:27:56', NULL, '2025-04-30 21:27:56', b'0', 1);
INSERT INTO `product_browse_history` VALUES (1361, 247, 634, b'0', NULL, '2025-04-30 21:27:56', NULL, '2025-04-30 21:27:56', b'0', 1);
INSERT INTO `product_browse_history` VALUES (1362, 247, 633, b'0', NULL, '2025-04-30 21:27:58', NULL, '2025-04-30 21:27:58', b'1', 1);
INSERT INTO `product_browse_history` VALUES (1363, 247, 634, b'0', NULL, '2025-04-30 21:27:58', NULL, '2025-04-30 21:27:58', b'0', 1);
INSERT INTO `product_browse_history` VALUES (1364, 247, 634, b'0', NULL, '2025-04-30 21:27:58', NULL, '2025-04-30 21:27:58', b'0', 1);
INSERT INTO `product_browse_history` VALUES (1365, 296, 633, b'0', NULL, '2025-04-30 22:07:29', NULL, '2025-04-30 22:07:29', b'1', 1);
INSERT INTO `product_browse_history` VALUES (1366, 296, 634, b'0', NULL, '2025-04-30 22:07:29', NULL, '2025-04-30 22:07:29', b'1', 1);
INSERT INTO `product_browse_history` VALUES (1367, 296, 634, b'0', NULL, '2025-04-30 22:07:29', NULL, '2025-04-30 22:07:29', b'1', 1);
INSERT INTO `product_browse_history` VALUES (1368, 296, 633, b'0', NULL, '2025-04-30 22:07:34', NULL, '2025-04-30 22:07:34', b'1', 1);
INSERT INTO `product_browse_history` VALUES (1369, 296, 634, b'0', NULL, '2025-04-30 22:07:34', NULL, '2025-04-30 22:07:34', b'0', 1);
INSERT INTO `product_browse_history` VALUES (1370, 296, 634, b'0', NULL, '2025-04-30 22:07:34', NULL, '2025-04-30 22:07:34', b'0', 1);
INSERT INTO `product_browse_history` VALUES (1371, 296, 633, b'0', NULL, '2025-04-30 22:10:02', NULL, '2025-04-30 22:10:02', b'1', 1);
INSERT INTO `product_browse_history` VALUES (1372, 296, 634, b'0', NULL, '2025-04-30 22:10:02', NULL, '2025-04-30 22:10:02', b'0', 1);
INSERT INTO `product_browse_history` VALUES (1373, 296, 634, b'0', NULL, '2025-04-30 22:10:02', NULL, '2025-04-30 22:10:02', b'0', 1);
INSERT INTO `product_browse_history` VALUES (1374, 247, 633, b'0', NULL, '2025-04-30 22:10:09', NULL, '2025-04-30 22:10:09', b'1', 1);
INSERT INTO `product_browse_history` VALUES (1375, 247, 634, b'0', NULL, '2025-04-30 22:10:09', NULL, '2025-04-30 22:10:09', b'0', 1);
INSERT INTO `product_browse_history` VALUES (1376, 247, 634, b'0', NULL, '2025-04-30 22:10:09', NULL, '2025-04-30 22:10:09', b'0', 1);
INSERT INTO `product_browse_history` VALUES (1377, 247, 633, b'0', NULL, '2025-05-01 15:13:49', NULL, '2025-05-01 15:13:49', b'1', 1);
INSERT INTO `product_browse_history` VALUES (1378, 247, 634, b'0', NULL, '2025-05-01 15:13:49', NULL, '2025-05-01 15:13:49', b'0', 1);
INSERT INTO `product_browse_history` VALUES (1379, 247, 634, b'0', NULL, '2025-05-01 15:13:49', NULL, '2025-05-01 15:13:49', b'0', 1);
INSERT INTO `product_browse_history` VALUES (1380, 247, 634, b'0', NULL, '2025-05-01 15:21:35', NULL, '2025-05-01 15:21:35', b'0', 1);
INSERT INTO `product_browse_history` VALUES (1381, 247, 633, b'0', NULL, '2025-05-01 15:21:35', NULL, '2025-05-01 15:21:35', b'1', 1);
INSERT INTO `product_browse_history` VALUES (1382, 247, 634, b'0', NULL, '2025-05-01 15:21:35', NULL, '2025-05-01 15:21:35', b'0', 1);
INSERT INTO `product_browse_history` VALUES (1383, 247, 634, b'0', NULL, '2025-05-01 15:26:07', NULL, '2025-05-01 15:26:07', b'0', 1);
INSERT INTO `product_browse_history` VALUES (1384, 247, 633, b'0', NULL, '2025-05-01 15:26:21', NULL, '2025-05-01 15:26:21', b'1', 1);
INSERT INTO `product_browse_history` VALUES (1385, 247, 634, b'0', NULL, '2025-05-01 15:26:21', NULL, '2025-05-01 15:26:21', b'0', 1);
INSERT INTO `product_browse_history` VALUES (1386, 247, 634, b'0', NULL, '2025-05-01 15:26:21', NULL, '2025-05-01 15:26:21', b'0', 1);
INSERT INTO `product_browse_history` VALUES (1387, 247, 634, b'0', NULL, '2025-05-01 15:39:20', NULL, '2025-05-01 15:39:20', b'0', 1);
INSERT INTO `product_browse_history` VALUES (1388, 247, 634, b'0', NULL, '2025-05-01 15:39:20', NULL, '2025-05-01 15:39:20', b'0', 1);
INSERT INTO `product_browse_history` VALUES (1389, 247, 633, b'0', NULL, '2025-05-01 15:39:20', NULL, '2025-05-01 15:39:20', b'1', 1);
INSERT INTO `product_browse_history` VALUES (1390, 247, 633, b'0', NULL, '2025-05-01 15:40:01', NULL, '2025-05-01 15:40:01', b'1', 1);
INSERT INTO `product_browse_history` VALUES (1391, 247, 634, b'0', NULL, '2025-05-01 15:46:09', NULL, '2025-05-01 15:46:09', b'0', 1);
INSERT INTO `product_browse_history` VALUES (1392, 247, 633, b'0', NULL, '2025-05-01 15:46:09', NULL, '2025-05-01 15:46:09', b'1', 1);
INSERT INTO `product_browse_history` VALUES (1393, 247, 634, b'0', NULL, '2025-05-01 15:46:09', NULL, '2025-05-01 15:46:09', b'0', 1);
INSERT INTO `product_browse_history` VALUES (1394, 296, 634, b'0', NULL, '2025-05-01 15:49:25', NULL, '2025-05-01 15:49:25', b'0', 1);
INSERT INTO `product_browse_history` VALUES (1395, 296, 634, b'0', NULL, '2025-05-01 15:49:25', NULL, '2025-05-01 15:49:25', b'0', 1);
INSERT INTO `product_browse_history` VALUES (1396, 296, 633, b'0', NULL, '2025-05-01 15:49:25', NULL, '2025-05-01 15:49:25', b'0', 1);
INSERT INTO `product_browse_history` VALUES (1397, 247, 633, b'0', NULL, '2025-05-01 16:03:55', NULL, '2025-05-01 16:03:55', b'1', 1);
INSERT INTO `product_browse_history` VALUES (1398, 247, 634, b'0', NULL, '2025-05-01 16:03:55', NULL, '2025-05-01 16:03:55', b'0', 1);
INSERT INTO `product_browse_history` VALUES (1399, 247, 634, b'0', NULL, '2025-05-01 16:03:55', NULL, '2025-05-01 16:03:55', b'0', 1);
INSERT INTO `product_browse_history` VALUES (1400, 247, 634, b'0', NULL, '2025-05-01 16:11:09', NULL, '2025-05-01 16:11:09', b'0', 1);
INSERT INTO `product_browse_history` VALUES (1401, 247, 633, b'0', NULL, '2025-05-01 16:11:09', NULL, '2025-05-01 16:11:09', b'1', 1);
INSERT INTO `product_browse_history` VALUES (1402, 247, 634, b'0', NULL, '2025-05-01 16:11:09', NULL, '2025-05-01 16:11:09', b'0', 1);
INSERT INTO `product_browse_history` VALUES (1403, 247, 633, b'0', NULL, '2025-05-01 16:11:12', NULL, '2025-05-01 16:11:12', b'1', 1);
INSERT INTO `product_browse_history` VALUES (1404, 247, 634, b'0', NULL, '2025-05-01 16:11:12', NULL, '2025-05-01 16:11:12', b'0', 1);
INSERT INTO `product_browse_history` VALUES (1405, 247, 634, b'0', NULL, '2025-05-01 16:11:12', NULL, '2025-05-01 16:11:12', b'0', 1);
INSERT INTO `product_browse_history` VALUES (1406, 247, 634, b'0', NULL, '2025-05-01 16:11:31', NULL, '2025-05-01 16:11:31', b'0', 1);
INSERT INTO `product_browse_history` VALUES (1407, 247, 634, b'0', NULL, '2025-05-01 16:11:31', NULL, '2025-05-01 16:11:31', b'0', 1);
INSERT INTO `product_browse_history` VALUES (1408, 247, 633, b'0', NULL, '2025-05-01 16:11:31', NULL, '2025-05-01 16:11:31', b'1', 1);
INSERT INTO `product_browse_history` VALUES (1409, 247, 634, b'0', NULL, '2025-05-01 16:11:37', NULL, '2025-05-01 16:11:37', b'0', 1);
INSERT INTO `product_browse_history` VALUES (1410, 247, 633, b'0', NULL, '2025-05-01 16:11:37', NULL, '2025-05-01 16:11:37', b'1', 1);
INSERT INTO `product_browse_history` VALUES (1411, 247, 634, b'0', NULL, '2025-05-01 16:11:37', NULL, '2025-05-01 16:11:37', b'0', 1);
INSERT INTO `product_browse_history` VALUES (1412, 247, 634, b'0', NULL, '2025-05-01 16:13:28', NULL, '2025-05-01 16:13:28', b'0', 1);
INSERT INTO `product_browse_history` VALUES (1413, 247, 633, b'0', NULL, '2025-05-01 16:13:28', NULL, '2025-05-01 16:13:28', b'1', 1);
INSERT INTO `product_browse_history` VALUES (1414, 247, 634, b'0', NULL, '2025-05-01 16:13:28', NULL, '2025-05-01 16:13:28', b'0', 1);
INSERT INTO `product_browse_history` VALUES (1415, 247, 634, b'0', NULL, '2025-05-01 16:14:02', NULL, '2025-05-01 16:14:02', b'0', 1);
INSERT INTO `product_browse_history` VALUES (1416, 247, 634, b'0', NULL, '2025-05-01 16:14:02', NULL, '2025-05-01 16:14:02', b'0', 1);
INSERT INTO `product_browse_history` VALUES (1417, 247, 633, b'0', NULL, '2025-05-01 16:14:02', NULL, '2025-05-01 16:14:02', b'1', 1);
INSERT INTO `product_browse_history` VALUES (1418, 247, 634, b'0', NULL, '2025-05-01 19:26:59', NULL, '2025-05-01 19:26:59', b'0', 1);
INSERT INTO `product_browse_history` VALUES (1419, 247, 633, b'0', NULL, '2025-05-01 19:26:59', NULL, '2025-05-01 19:26:59', b'1', 1);
INSERT INTO `product_browse_history` VALUES (1420, 247, 634, b'0', NULL, '2025-05-01 19:26:59', NULL, '2025-05-01 19:26:59', b'0', 1);
INSERT INTO `product_browse_history` VALUES (1421, 247, 633, b'0', NULL, '2025-05-01 19:41:05', NULL, '2025-05-01 19:41:05', b'1', 1);
INSERT INTO `product_browse_history` VALUES (1422, 247, 634, b'0', NULL, '2025-05-01 19:41:05', NULL, '2025-05-01 19:41:05', b'0', 1);
INSERT INTO `product_browse_history` VALUES (1423, 247, 634, b'0', NULL, '2025-05-01 19:41:05', NULL, '2025-05-01 19:41:05', b'0', 1);
INSERT INTO `product_browse_history` VALUES (1424, 247, 634, b'0', NULL, '2025-05-01 20:35:47', NULL, '2025-05-01 20:35:47', b'0', 1);
INSERT INTO `product_browse_history` VALUES (1425, 247, 633, b'0', NULL, '2025-05-01 20:35:47', NULL, '2025-05-01 20:35:47', b'1', 1);
INSERT INTO `product_browse_history` VALUES (1426, 247, 634, b'0', NULL, '2025-05-01 20:35:47', NULL, '2025-05-01 20:35:47', b'0', 1);
INSERT INTO `product_browse_history` VALUES (1427, 247, 634, b'0', NULL, '2025-05-01 20:36:45', NULL, '2025-05-01 20:36:45', b'0', 1);
INSERT INTO `product_browse_history` VALUES (1428, 247, 634, b'0', NULL, '2025-05-01 20:36:45', NULL, '2025-05-01 20:36:45', b'0', 1);
INSERT INTO `product_browse_history` VALUES (1429, 247, 633, b'0', NULL, '2025-05-01 20:36:45', NULL, '2025-05-01 20:36:45', b'1', 1);
INSERT INTO `product_browse_history` VALUES (1430, 247, 634, b'0', NULL, '2025-05-01 20:36:56', NULL, '2025-05-01 20:36:56', b'0', 1);
INSERT INTO `product_browse_history` VALUES (1431, 247, 634, b'0', NULL, '2025-05-01 20:36:56', NULL, '2025-05-01 20:36:56', b'0', 1);
INSERT INTO `product_browse_history` VALUES (1432, 247, 633, b'0', NULL, '2025-05-01 20:36:56', NULL, '2025-05-01 20:36:56', b'1', 1);
INSERT INTO `product_browse_history` VALUES (1433, 247, 634, b'0', NULL, '2025-05-01 20:41:39', NULL, '2025-05-01 20:41:39', b'0', 1);
INSERT INTO `product_browse_history` VALUES (1434, 247, 634, b'0', NULL, '2025-05-01 20:41:39', NULL, '2025-05-01 20:41:39', b'0', 1);
INSERT INTO `product_browse_history` VALUES (1435, 247, 633, b'0', NULL, '2025-05-01 20:41:39', NULL, '2025-05-01 20:41:39', b'1', 1);
INSERT INTO `product_browse_history` VALUES (1436, 247, 633, b'0', NULL, '2025-05-01 20:42:07', NULL, '2025-05-01 20:42:07', b'1', 1);
INSERT INTO `product_browse_history` VALUES (1437, 247, 634, b'0', NULL, '2025-05-01 20:42:07', NULL, '2025-05-01 20:42:07', b'0', 1);
INSERT INTO `product_browse_history` VALUES (1438, 247, 634, b'0', NULL, '2025-05-01 20:42:07', NULL, '2025-05-01 20:42:07', b'0', 1);
INSERT INTO `product_browse_history` VALUES (1439, 247, 634, b'0', NULL, '2025-05-01 20:43:44', NULL, '2025-05-01 20:43:44', b'0', 1);
INSERT INTO `product_browse_history` VALUES (1440, 247, 633, b'0', NULL, '2025-05-01 20:43:44', NULL, '2025-05-01 20:43:44', b'1', 1);
INSERT INTO `product_browse_history` VALUES (1441, 247, 634, b'0', NULL, '2025-05-01 20:43:44', NULL, '2025-05-01 20:43:44', b'0', 1);
INSERT INTO `product_browse_history` VALUES (1442, 247, 633, b'0', NULL, '2025-05-02 20:52:04', NULL, '2025-05-02 20:52:04', b'1', 1);
INSERT INTO `product_browse_history` VALUES (1443, 247, 634, b'0', NULL, '2025-05-02 20:52:04', NULL, '2025-05-02 20:52:04', b'0', 1);
INSERT INTO `product_browse_history` VALUES (1444, 247, 634, b'0', NULL, '2025-05-02 20:52:04', NULL, '2025-05-02 20:52:04', b'0', 1);
INSERT INTO `product_browse_history` VALUES (1445, 247, 633, b'0', NULL, '2025-05-02 20:52:23', NULL, '2025-05-02 20:52:23', b'1', 1);
INSERT INTO `product_browse_history` VALUES (1446, 247, 634, b'0', NULL, '2025-05-02 20:52:23', NULL, '2025-05-02 20:52:23', b'0', 1);
INSERT INTO `product_browse_history` VALUES (1447, 247, 634, b'0', NULL, '2025-05-02 20:52:23', NULL, '2025-05-02 20:52:23', b'0', 1);
INSERT INTO `product_browse_history` VALUES (1448, 247, 634, b'0', NULL, '2025-05-02 20:52:36', NULL, '2025-05-02 20:52:36', b'0', 1);
INSERT INTO `product_browse_history` VALUES (1449, 247, 633, b'0', NULL, '2025-05-02 20:52:36', NULL, '2025-05-02 20:52:36', b'1', 1);
INSERT INTO `product_browse_history` VALUES (1450, 247, 634, b'0', NULL, '2025-05-02 20:52:36', NULL, '2025-05-02 20:52:36', b'0', 1);
INSERT INTO `product_browse_history` VALUES (1451, 247, 633, b'0', NULL, '2025-05-02 20:52:46', NULL, '2025-05-02 20:52:46', b'1', 1);
INSERT INTO `product_browse_history` VALUES (1452, 247, 634, b'0', NULL, '2025-05-02 20:52:46', NULL, '2025-05-02 20:52:46', b'0', 1);
INSERT INTO `product_browse_history` VALUES (1453, 247, 634, b'0', NULL, '2025-05-02 20:52:46', NULL, '2025-05-02 20:52:46', b'0', 1);
INSERT INTO `product_browse_history` VALUES (1454, 247, 633, b'0', NULL, '2025-05-02 20:55:00', NULL, '2025-05-02 20:55:00', b'1', 1);
INSERT INTO `product_browse_history` VALUES (1455, 247, 634, b'0', NULL, '2025-05-02 20:55:00', NULL, '2025-05-02 20:55:00', b'0', 1);
INSERT INTO `product_browse_history` VALUES (1456, 247, 634, b'0', NULL, '2025-05-02 20:55:00', NULL, '2025-05-02 20:55:00', b'0', 1);
INSERT INTO `product_browse_history` VALUES (1457, 247, 634, b'0', NULL, '2025-05-02 20:56:35', NULL, '2025-05-02 20:56:35', b'0', 1);
INSERT INTO `product_browse_history` VALUES (1458, 247, 634, b'0', NULL, '2025-05-02 20:56:35', NULL, '2025-05-02 20:56:35', b'0', 1);
INSERT INTO `product_browse_history` VALUES (1459, 247, 633, b'0', NULL, '2025-05-02 20:56:35', NULL, '2025-05-02 20:56:35', b'1', 1);
INSERT INTO `product_browse_history` VALUES (1460, 247, 633, b'0', NULL, '2025-05-02 20:56:52', NULL, '2025-05-02 20:56:52', b'1', 1);
INSERT INTO `product_browse_history` VALUES (1461, 247, 634, b'0', NULL, '2025-05-02 20:56:52', NULL, '2025-05-02 20:56:52', b'0', 1);
INSERT INTO `product_browse_history` VALUES (1462, 247, 634, b'0', NULL, '2025-05-02 20:56:52', NULL, '2025-05-02 20:56:52', b'0', 1);
INSERT INTO `product_browse_history` VALUES (1463, 247, 633, b'0', NULL, '2025-05-02 20:56:59', NULL, '2025-05-02 20:56:59', b'1', 1);
INSERT INTO `product_browse_history` VALUES (1464, 247, 634, b'0', NULL, '2025-05-02 20:56:59', NULL, '2025-05-02 20:56:59', b'0', 1);
INSERT INTO `product_browse_history` VALUES (1465, 247, 634, b'0', NULL, '2025-05-02 20:56:59', NULL, '2025-05-02 20:56:59', b'0', 1);
INSERT INTO `product_browse_history` VALUES (1466, 247, 634, b'0', NULL, '2025-05-02 20:57:02', NULL, '2025-05-02 20:57:02', b'0', 1);
INSERT INTO `product_browse_history` VALUES (1467, 247, 633, b'0', NULL, '2025-05-02 20:57:02', NULL, '2025-05-02 20:57:02', b'1', 1);
INSERT INTO `product_browse_history` VALUES (1468, 247, 634, b'0', NULL, '2025-05-02 20:57:02', NULL, '2025-05-02 20:57:02', b'0', 1);
INSERT INTO `product_browse_history` VALUES (1469, 247, 634, b'0', NULL, '2025-05-02 20:57:19', NULL, '2025-05-02 20:57:19', b'0', 1);
INSERT INTO `product_browse_history` VALUES (1470, 247, 633, b'0', NULL, '2025-05-02 20:57:19', NULL, '2025-05-02 20:57:19', b'1', 1);
INSERT INTO `product_browse_history` VALUES (1471, 247, 634, b'0', NULL, '2025-05-02 20:57:19', NULL, '2025-05-02 20:57:19', b'0', 1);
INSERT INTO `product_browse_history` VALUES (1472, 247, 633, b'0', NULL, '2025-05-02 20:58:21', NULL, '2025-05-02 20:58:21', b'1', 1);
INSERT INTO `product_browse_history` VALUES (1473, 247, 634, b'0', NULL, '2025-05-02 20:58:21', NULL, '2025-05-02 20:58:21', b'0', 1);
INSERT INTO `product_browse_history` VALUES (1474, 247, 634, b'0', NULL, '2025-05-02 20:58:21', NULL, '2025-05-02 20:58:21', b'0', 1);
INSERT INTO `product_browse_history` VALUES (1475, 247, 634, b'0', NULL, '2025-05-05 19:00:04', NULL, '2025-05-05 19:00:04', b'0', 1);
INSERT INTO `product_browse_history` VALUES (1476, 247, 633, b'0', NULL, '2025-05-05 19:02:32', NULL, '2025-05-05 19:02:32', b'1', 1);
INSERT INTO `product_browse_history` VALUES (1477, 247, 633, b'0', NULL, '2025-05-05 19:12:59', NULL, '2025-05-05 19:12:59', b'1', 1);
INSERT INTO `product_browse_history` VALUES (1478, 247, 634, b'0', NULL, '2025-05-05 19:12:59', NULL, '2025-05-05 19:12:59', b'0', 1);
INSERT INTO `product_browse_history` VALUES (1479, 247, 634, b'0', NULL, '2025-05-05 19:12:59', NULL, '2025-05-05 19:12:59', b'0', 1);
INSERT INTO `product_browse_history` VALUES (1480, 247, 633, b'0', NULL, '2025-05-05 19:58:59', NULL, '2025-05-05 19:58:59', b'1', 1);
INSERT INTO `product_browse_history` VALUES (1481, 247, 641, b'0', NULL, '2025-05-05 20:37:06', NULL, '2025-05-05 20:37:06', b'1', 1);
INSERT INTO `product_browse_history` VALUES (1482, 247, 641, b'0', NULL, '2025-05-05 20:39:13', NULL, '2025-05-05 20:39:13', b'1', 1);
INSERT INTO `product_browse_history` VALUES (1483, 247, 641, b'0', NULL, '2025-05-05 20:40:07', NULL, '2025-05-05 20:40:07', b'1', 1);
INSERT INTO `product_browse_history` VALUES (1484, 247, 641, b'0', NULL, '2025-05-05 21:05:58', NULL, '2025-05-05 21:05:58', b'1', 1);
INSERT INTO `product_browse_history` VALUES (1485, 247, 633, b'0', NULL, '2025-05-05 22:06:37', NULL, '2025-05-05 22:06:37', b'1', 1);
INSERT INTO `product_browse_history` VALUES (1486, 247, 634, b'0', NULL, '2025-05-05 22:06:37', NULL, '2025-05-05 22:06:37', b'0', 1);
INSERT INTO `product_browse_history` VALUES (1487, 247, 634, b'0', NULL, '2025-05-05 22:06:37', NULL, '2025-05-05 22:06:37', b'0', 1);
INSERT INTO `product_browse_history` VALUES (1488, 247, 641, b'0', NULL, '2025-05-05 22:07:57', NULL, '2025-05-05 22:07:57', b'1', 1);
INSERT INTO `product_browse_history` VALUES (1489, 247, 634, b'0', NULL, '2025-05-05 22:26:43', NULL, '2025-05-05 22:26:43', b'0', 1);
INSERT INTO `product_browse_history` VALUES (1490, 247, 633, b'0', NULL, '2025-05-05 22:26:43', NULL, '2025-05-05 22:26:43', b'1', 1);
INSERT INTO `product_browse_history` VALUES (1491, 247, 634, b'0', NULL, '2025-05-05 22:26:43', NULL, '2025-05-05 22:26:43', b'0', 1);
INSERT INTO `product_browse_history` VALUES (1492, 247, 641, b'0', NULL, '2025-05-05 22:27:00', NULL, '2025-05-05 22:27:00', b'1', 1);
INSERT INTO `product_browse_history` VALUES (1493, 247, 634, b'0', NULL, '2025-05-05 23:33:05', NULL, '2025-05-05 23:33:05', b'0', 1);
INSERT INTO `product_browse_history` VALUES (1494, 247, 633, b'0', NULL, '2025-05-05 23:33:05', NULL, '2025-05-05 23:33:05', b'1', 1);
INSERT INTO `product_browse_history` VALUES (1495, 247, 634, b'0', NULL, '2025-05-05 23:33:05', NULL, '2025-05-05 23:33:05', b'0', 1);
INSERT INTO `product_browse_history` VALUES (1496, 247, 633, b'0', NULL, '2025-05-05 23:33:10', NULL, '2025-05-05 23:33:10', b'1', 1);
INSERT INTO `product_browse_history` VALUES (1497, 247, 634, b'0', NULL, '2025-05-05 23:33:10', NULL, '2025-05-05 23:33:10', b'0', 1);
INSERT INTO `product_browse_history` VALUES (1498, 247, 634, b'0', NULL, '2025-05-05 23:33:10', NULL, '2025-05-05 23:33:10', b'0', 1);
INSERT INTO `product_browse_history` VALUES (1499, 247, 633, b'0', NULL, '2025-05-05 23:33:18', NULL, '2025-05-05 23:33:18', b'1', 1);
INSERT INTO `product_browse_history` VALUES (1500, 247, 634, b'0', NULL, '2025-05-06 12:58:42', NULL, '2025-05-06 12:58:42', b'0', 1);
INSERT INTO `product_browse_history` VALUES (1501, 247, 633, b'0', NULL, '2025-05-06 12:58:42', NULL, '2025-05-06 12:58:42', b'1', 1);
INSERT INTO `product_browse_history` VALUES (1502, 247, 634, b'0', NULL, '2025-05-06 12:58:42', NULL, '2025-05-06 12:58:42', b'0', 1);
INSERT INTO `product_browse_history` VALUES (1503, 247, 634, b'0', NULL, '2025-05-06 13:05:23', NULL, '2025-05-06 13:05:23', b'0', 1);
INSERT INTO `product_browse_history` VALUES (1504, 247, 641, b'0', NULL, '2025-05-06 13:05:52', NULL, '2025-05-06 13:05:52', b'1', 1);
INSERT INTO `product_browse_history` VALUES (1505, 247, 633, b'0', NULL, '2025-05-06 21:39:43', NULL, '2025-05-06 21:39:43', b'1', 1);
INSERT INTO `product_browse_history` VALUES (1506, 247, 634, b'0', NULL, '2025-05-06 21:39:43', NULL, '2025-05-06 21:39:43', b'0', 1);
INSERT INTO `product_browse_history` VALUES (1507, 247, 634, b'0', NULL, '2025-05-06 21:39:43', NULL, '2025-05-06 21:39:43', b'0', 1);
INSERT INTO `product_browse_history` VALUES (1508, 247, 633, b'0', NULL, '2025-05-08 19:01:35', NULL, '2025-05-08 19:01:35', b'1', 1);
INSERT INTO `product_browse_history` VALUES (1509, 247, 641, b'0', NULL, '2025-05-08 19:02:02', NULL, '2025-05-08 19:02:02', b'1', 1);
INSERT INTO `product_browse_history` VALUES (1510, 247, 633, b'0', NULL, '2025-05-08 19:06:34', NULL, '2025-05-08 19:06:34', b'1', 1);
INSERT INTO `product_browse_history` VALUES (1511, 247, 634, b'0', NULL, '2025-05-08 19:06:34', NULL, '2025-05-08 19:06:34', b'0', 1);
INSERT INTO `product_browse_history` VALUES (1512, 247, 634, b'0', NULL, '2025-05-08 19:06:34', NULL, '2025-05-08 19:06:34', b'0', 1);
INSERT INTO `product_browse_history` VALUES (1513, 247, 633, b'0', NULL, '2025-05-08 19:06:51', NULL, '2025-05-08 19:06:51', b'1', 1);
INSERT INTO `product_browse_history` VALUES (1514, 247, 633, b'0', NULL, '2025-05-08 23:28:29', NULL, '2025-05-08 23:28:29', b'1', 1);
INSERT INTO `product_browse_history` VALUES (1515, 247, 634, b'0', NULL, '2025-05-08 23:28:29', NULL, '2025-05-08 23:28:29', b'0', 1);
INSERT INTO `product_browse_history` VALUES (1516, 247, 634, b'0', NULL, '2025-05-08 23:28:29', NULL, '2025-05-08 23:28:29', b'0', 1);
INSERT INTO `product_browse_history` VALUES (1517, 247, 634, b'0', NULL, '2025-05-08 23:28:37', NULL, '2025-05-08 23:28:37', b'0', 1);
INSERT INTO `product_browse_history` VALUES (1518, 247, 633, b'0', NULL, '2025-05-08 23:28:48', NULL, '2025-05-08 23:28:48', b'1', 1);
INSERT INTO `product_browse_history` VALUES (1519, 247, 634, b'0', NULL, '2025-05-08 23:45:43', NULL, '2025-05-08 23:45:43', b'0', 1);
INSERT INTO `product_browse_history` VALUES (1520, 247, 634, b'0', NULL, '2025-05-08 23:45:43', NULL, '2025-05-08 23:45:43', b'0', 1);
INSERT INTO `product_browse_history` VALUES (1521, 247, 633, b'0', NULL, '2025-05-08 23:45:43', NULL, '2025-05-08 23:45:43', b'1', 1);
INSERT INTO `product_browse_history` VALUES (1522, 247, 633, b'0', NULL, '2025-05-09 23:14:44', NULL, '2025-05-09 23:14:44', b'1', 1);
INSERT INTO `product_browse_history` VALUES (1523, 247, 634, b'0', NULL, '2025-05-09 23:14:44', NULL, '2025-05-09 23:14:44', b'0', 1);
INSERT INTO `product_browse_history` VALUES (1524, 247, 634, b'0', NULL, '2025-05-09 23:14:44', NULL, '2025-05-09 23:14:44', b'0', 1);
INSERT INTO `product_browse_history` VALUES (1525, 247, 633, b'0', NULL, '2025-05-10 10:40:02', NULL, '2025-05-10 10:40:02', b'1', 1);
INSERT INTO `product_browse_history` VALUES (1526, 247, 634, b'0', NULL, '2025-05-10 10:40:02', NULL, '2025-05-10 10:40:02', b'0', 1);
INSERT INTO `product_browse_history` VALUES (1527, 247, 634, b'0', NULL, '2025-05-10 10:40:02', NULL, '2025-05-10 10:40:02', b'0', 1);
INSERT INTO `product_browse_history` VALUES (1528, 247, 634, b'0', NULL, '2025-05-10 13:50:32', NULL, '2025-05-10 13:50:32', b'0', 1);
INSERT INTO `product_browse_history` VALUES (1529, 247, 633, b'0', NULL, '2025-05-10 13:50:32', NULL, '2025-05-10 13:50:32', b'1', 1);
INSERT INTO `product_browse_history` VALUES (1530, 247, 634, b'0', NULL, '2025-05-10 13:50:32', NULL, '2025-05-10 13:50:32', b'0', 1);
INSERT INTO `product_browse_history` VALUES (1531, 247, 633, b'0', NULL, '2025-05-10 13:50:39', NULL, '2025-05-10 13:50:39', b'1', 1);
INSERT INTO `product_browse_history` VALUES (1532, 247, 634, b'0', NULL, '2025-05-10 13:50:39', NULL, '2025-05-10 13:50:39', b'0', 1);
INSERT INTO `product_browse_history` VALUES (1533, 247, 634, b'0', NULL, '2025-05-10 13:50:39', NULL, '2025-05-10 13:50:39', b'0', 1);
INSERT INTO `product_browse_history` VALUES (1534, 247, 633, b'0', NULL, '2025-05-10 13:50:41', NULL, '2025-05-10 13:50:41', b'1', 1);
INSERT INTO `product_browse_history` VALUES (1535, 247, 634, b'0', NULL, '2025-05-10 13:50:41', NULL, '2025-05-10 13:50:41', b'0', 1);
INSERT INTO `product_browse_history` VALUES (1536, 247, 634, b'0', NULL, '2025-05-10 13:50:41', NULL, '2025-05-10 13:50:41', b'0', 1);
INSERT INTO `product_browse_history` VALUES (1537, 247, 633, b'0', NULL, '2025-05-10 13:50:43', NULL, '2025-05-10 13:50:43', b'1', 1);
INSERT INTO `product_browse_history` VALUES (1538, 247, 633, b'0', NULL, '2025-05-10 13:53:36', NULL, '2025-05-10 13:53:36', b'1', 1);
INSERT INTO `product_browse_history` VALUES (1539, 247, 633, b'0', NULL, '2025-05-10 16:09:33', NULL, '2025-05-10 16:09:33', b'1', 1);
INSERT INTO `product_browse_history` VALUES (1540, 247, 633, b'0', NULL, '2025-05-10 16:16:38', NULL, '2025-05-10 16:16:38', b'1', 1);
INSERT INTO `product_browse_history` VALUES (1541, 247, 633, b'0', NULL, '2025-05-10 16:33:07', NULL, '2025-05-10 16:33:07', b'1', 1);
INSERT INTO `product_browse_history` VALUES (1542, 247, 633, b'0', NULL, '2025-05-10 16:33:09', NULL, '2025-05-10 16:33:09', b'1', 1);
INSERT INTO `product_browse_history` VALUES (1543, 247, 633, b'0', NULL, '2025-05-10 16:33:09', NULL, '2025-05-10 16:33:09', b'1', 1);
INSERT INTO `product_browse_history` VALUES (1544, 247, 634, b'0', NULL, '2025-05-10 16:33:09', NULL, '2025-05-10 16:33:09', b'0', 1);
INSERT INTO `product_browse_history` VALUES (1545, 247, 634, b'0', NULL, '2025-05-10 16:33:09', NULL, '2025-05-10 16:33:09', b'0', 1);
INSERT INTO `product_browse_history` VALUES (1546, 247, 633, b'0', NULL, '2025-05-10 16:33:11', NULL, '2025-05-10 16:33:11', b'1', 1);
INSERT INTO `product_browse_history` VALUES (1547, 247, 633, b'0', NULL, '2025-05-10 16:39:24', NULL, '2025-05-10 16:39:24', b'1', 1);
INSERT INTO `product_browse_history` VALUES (1548, 247, 634, b'0', NULL, '2025-05-10 16:39:24', NULL, '2025-05-10 16:39:24', b'0', 1);
INSERT INTO `product_browse_history` VALUES (1549, 247, 634, b'0', NULL, '2025-05-10 16:39:24', NULL, '2025-05-10 16:39:24', b'0', 1);
INSERT INTO `product_browse_history` VALUES (1550, 247, 633, b'0', NULL, '2025-05-10 16:39:25', NULL, '2025-05-10 16:39:25', b'1', 1);
INSERT INTO `product_browse_history` VALUES (1551, 247, 634, b'0', NULL, '2025-05-10 20:13:10', NULL, '2025-05-10 20:13:10', b'0', 1);
INSERT INTO `product_browse_history` VALUES (1552, 247, 634, b'0', NULL, '2025-05-10 20:13:10', NULL, '2025-05-10 20:13:10', b'0', 1);
INSERT INTO `product_browse_history` VALUES (1553, 247, 633, b'0', NULL, '2025-05-10 20:13:48', NULL, '2025-05-10 20:13:48', b'1', 1);
INSERT INTO `product_browse_history` VALUES (1554, 247, 634, b'0', NULL, '2025-05-10 20:13:48', NULL, '2025-05-10 20:13:48', b'0', 1);
INSERT INTO `product_browse_history` VALUES (1555, 247, 634, b'0', NULL, '2025-05-10 20:13:48', NULL, '2025-05-10 20:13:48', b'0', 1);
INSERT INTO `product_browse_history` VALUES (1556, 247, 633, b'0', NULL, '2025-05-10 20:14:19', NULL, '2025-05-10 20:14:19', b'1', 1);
INSERT INTO `product_browse_history` VALUES (1557, 247, 634, b'0', NULL, '2025-05-10 20:14:19', NULL, '2025-05-10 20:14:19', b'0', 1);
INSERT INTO `product_browse_history` VALUES (1558, 247, 634, b'0', NULL, '2025-05-10 20:14:19', NULL, '2025-05-10 20:14:19', b'0', 1);
INSERT INTO `product_browse_history` VALUES (1559, 247, 633, b'0', NULL, '2025-05-10 21:00:50', NULL, '2025-05-10 21:00:50', b'1', 1);
INSERT INTO `product_browse_history` VALUES (1560, 247, 633, b'0', NULL, '2025-05-10 21:00:51', NULL, '2025-05-10 21:00:51', b'1', 1);
INSERT INTO `product_browse_history` VALUES (1561, 247, 634, b'0', NULL, '2025-05-10 21:00:51', NULL, '2025-05-10 21:00:51', b'0', 1);
INSERT INTO `product_browse_history` VALUES (1562, 247, 634, b'0', NULL, '2025-05-10 21:00:51', NULL, '2025-05-10 21:00:51', b'0', 1);
INSERT INTO `product_browse_history` VALUES (1563, 247, 633, b'0', NULL, '2025-05-10 21:04:27', NULL, '2025-05-10 21:04:27', b'1', 1);
INSERT INTO `product_browse_history` VALUES (1564, 247, 634, b'0', NULL, '2025-05-10 21:04:27', NULL, '2025-05-10 21:04:27', b'0', 1);
INSERT INTO `product_browse_history` VALUES (1565, 247, 634, b'0', NULL, '2025-05-10 21:04:27', NULL, '2025-05-10 21:04:27', b'0', 1);
INSERT INTO `product_browse_history` VALUES (1566, 247, 634, b'0', NULL, '2025-05-10 21:10:41', NULL, '2025-05-10 21:10:41', b'0', 1);
INSERT INTO `product_browse_history` VALUES (1567, 247, 633, b'0', NULL, '2025-05-10 21:10:41', NULL, '2025-05-10 21:10:41', b'1', 1);
INSERT INTO `product_browse_history` VALUES (1568, 247, 634, b'0', NULL, '2025-05-10 21:10:41', NULL, '2025-05-10 21:10:41', b'0', 1);
INSERT INTO `product_browse_history` VALUES (1569, 247, 634, b'0', NULL, '2025-05-10 21:10:49', NULL, '2025-05-10 21:10:49', b'0', 1);
INSERT INTO `product_browse_history` VALUES (1570, 247, 634, b'0', NULL, '2025-05-10 21:10:49', NULL, '2025-05-10 21:10:49', b'0', 1);
INSERT INTO `product_browse_history` VALUES (1571, 247, 633, b'0', NULL, '2025-05-10 21:10:49', NULL, '2025-05-10 21:10:49', b'1', 1);
INSERT INTO `product_browse_history` VALUES (1572, 247, 633, b'0', NULL, '2025-05-10 21:10:54', NULL, '2025-05-10 21:10:54', b'1', 1);
INSERT INTO `product_browse_history` VALUES (1573, 247, 634, b'0', NULL, '2025-05-10 21:10:54', NULL, '2025-05-10 21:10:54', b'0', 1);
INSERT INTO `product_browse_history` VALUES (1574, 247, 634, b'0', NULL, '2025-05-10 21:10:54', NULL, '2025-05-10 21:10:54', b'0', 1);
INSERT INTO `product_browse_history` VALUES (1575, 247, 633, b'0', NULL, '2025-05-10 21:13:46', NULL, '2025-05-10 21:13:46', b'1', 1);
INSERT INTO `product_browse_history` VALUES (1576, 247, 634, b'0', NULL, '2025-05-10 21:13:46', NULL, '2025-05-10 21:13:46', b'0', 1);
INSERT INTO `product_browse_history` VALUES (1577, 247, 634, b'0', NULL, '2025-05-10 21:13:46', NULL, '2025-05-10 21:13:46', b'0', 1);
INSERT INTO `product_browse_history` VALUES (1578, 247, 634, b'0', NULL, '2025-05-10 21:25:54', NULL, '2025-05-10 21:25:54', b'0', 1);
INSERT INTO `product_browse_history` VALUES (1579, 247, 633, b'0', NULL, '2025-05-10 21:25:54', NULL, '2025-05-10 21:25:54', b'1', 1);
INSERT INTO `product_browse_history` VALUES (1580, 247, 634, b'0', NULL, '2025-05-10 21:25:54', NULL, '2025-05-10 21:25:54', b'0', 1);
INSERT INTO `product_browse_history` VALUES (1581, 247, 633, b'0', NULL, '2025-05-10 21:26:06', NULL, '2025-05-10 21:26:06', b'1', 1);
INSERT INTO `product_browse_history` VALUES (1582, 247, 634, b'0', NULL, '2025-05-10 21:26:06', NULL, '2025-05-10 21:26:06', b'0', 1);
INSERT INTO `product_browse_history` VALUES (1583, 247, 634, b'0', NULL, '2025-05-10 21:26:06', NULL, '2025-05-10 21:26:06', b'0', 1);
INSERT INTO `product_browse_history` VALUES (1584, 247, 633, b'0', NULL, '2025-05-10 21:26:27', NULL, '2025-05-10 21:26:27', b'1', 1);
INSERT INTO `product_browse_history` VALUES (1585, 247, 634, b'0', NULL, '2025-05-10 21:26:27', NULL, '2025-05-10 21:26:27', b'0', 1);
INSERT INTO `product_browse_history` VALUES (1586, 247, 634, b'0', NULL, '2025-05-10 21:26:27', NULL, '2025-05-10 21:26:27', b'0', 1);
INSERT INTO `product_browse_history` VALUES (1587, 247, 633, b'0', NULL, '2025-05-10 22:45:01', NULL, '2025-05-10 22:45:01', b'1', 1);
INSERT INTO `product_browse_history` VALUES (1588, 247, 634, b'0', NULL, '2025-05-10 22:45:01', NULL, '2025-05-10 22:45:01', b'0', 1);
INSERT INTO `product_browse_history` VALUES (1589, 247, 634, b'0', NULL, '2025-05-10 22:45:01', NULL, '2025-05-10 22:45:01', b'0', 1);
INSERT INTO `product_browse_history` VALUES (1590, 247, 634, b'0', NULL, '2025-05-10 22:46:09', NULL, '2025-05-10 22:46:09', b'0', 1);
INSERT INTO `product_browse_history` VALUES (1591, 247, 633, b'0', NULL, '2025-05-10 22:46:09', NULL, '2025-05-10 22:46:09', b'1', 1);
INSERT INTO `product_browse_history` VALUES (1592, 247, 634, b'0', NULL, '2025-05-10 22:46:09', NULL, '2025-05-10 22:46:09', b'0', 1);
INSERT INTO `product_browse_history` VALUES (1593, 247, 633, b'0', NULL, '2025-05-10 22:46:22', NULL, '2025-05-10 22:46:22', b'1', 1);
INSERT INTO `product_browse_history` VALUES (1594, 247, 634, b'0', NULL, '2025-05-10 22:46:22', NULL, '2025-05-10 22:46:22', b'0', 1);
INSERT INTO `product_browse_history` VALUES (1595, 247, 634, b'0', NULL, '2025-05-10 22:46:22', NULL, '2025-05-10 22:46:22', b'0', 1);
INSERT INTO `product_browse_history` VALUES (1596, 247, 634, b'0', NULL, '2025-05-10 22:46:33', NULL, '2025-05-10 22:46:33', b'0', 1);
INSERT INTO `product_browse_history` VALUES (1597, 247, 633, b'0', NULL, '2025-05-10 22:46:33', NULL, '2025-05-10 22:46:33', b'1', 1);
INSERT INTO `product_browse_history` VALUES (1598, 247, 634, b'0', NULL, '2025-05-10 22:46:33', NULL, '2025-05-10 22:46:33', b'0', 1);
INSERT INTO `product_browse_history` VALUES (1599, 247, 633, b'0', NULL, '2025-05-10 22:47:02', NULL, '2025-05-10 22:47:02', b'1', 1);
INSERT INTO `product_browse_history` VALUES (1600, 247, 634, b'0', NULL, '2025-05-10 22:47:02', NULL, '2025-05-10 22:47:02', b'0', 1);
INSERT INTO `product_browse_history` VALUES (1601, 247, 634, b'0', NULL, '2025-05-10 22:47:02', NULL, '2025-05-10 22:47:02', b'0', 1);
INSERT INTO `product_browse_history` VALUES (1602, 247, 633, b'0', NULL, '2025-05-10 22:47:49', NULL, '2025-05-10 22:47:49', b'1', 1);
INSERT INTO `product_browse_history` VALUES (1603, 247, 634, b'0', NULL, '2025-05-10 22:47:49', NULL, '2025-05-10 22:47:49', b'0', 1);
INSERT INTO `product_browse_history` VALUES (1604, 247, 634, b'0', NULL, '2025-05-10 22:47:49', NULL, '2025-05-10 22:47:49', b'0', 1);
INSERT INTO `product_browse_history` VALUES (1605, 247, 633, b'0', NULL, '2025-05-10 22:48:07', NULL, '2025-05-10 22:48:07', b'1', 1);
INSERT INTO `product_browse_history` VALUES (1606, 247, 634, b'0', NULL, '2025-05-10 22:48:07', NULL, '2025-05-10 22:48:07', b'0', 1);
INSERT INTO `product_browse_history` VALUES (1607, 247, 634, b'0', NULL, '2025-05-10 22:48:07', NULL, '2025-05-10 22:48:07', b'0', 1);
INSERT INTO `product_browse_history` VALUES (1608, 247, 634, b'0', NULL, '2025-05-10 22:48:11', NULL, '2025-05-10 22:48:11', b'0', 1);
INSERT INTO `product_browse_history` VALUES (1609, 247, 633, b'0', NULL, '2025-05-10 22:48:11', NULL, '2025-05-10 22:48:11', b'1', 1);
INSERT INTO `product_browse_history` VALUES (1610, 247, 634, b'0', NULL, '2025-05-10 22:48:12', NULL, '2025-05-10 22:48:12', b'0', 1);
INSERT INTO `product_browse_history` VALUES (1611, 247, 633, b'0', NULL, '2025-05-10 22:48:16', NULL, '2025-05-10 22:48:16', b'1', 1);
INSERT INTO `product_browse_history` VALUES (1612, 247, 634, b'0', NULL, '2025-05-10 22:48:16', NULL, '2025-05-10 22:48:16', b'0', 1);
INSERT INTO `product_browse_history` VALUES (1613, 247, 634, b'0', NULL, '2025-05-10 22:48:16', NULL, '2025-05-10 22:48:16', b'0', 1);
INSERT INTO `product_browse_history` VALUES (1614, 247, 633, b'0', NULL, '2025-05-10 22:48:34', NULL, '2025-05-10 22:48:34', b'1', 1);
INSERT INTO `product_browse_history` VALUES (1615, 247, 634, b'0', NULL, '2025-05-10 22:48:34', NULL, '2025-05-10 22:48:34', b'0', 1);
INSERT INTO `product_browse_history` VALUES (1616, 247, 634, b'0', NULL, '2025-05-10 22:48:34', NULL, '2025-05-10 22:48:34', b'0', 1);
INSERT INTO `product_browse_history` VALUES (1617, 247, 634, b'0', NULL, '2025-05-10 22:50:39', NULL, '2025-05-10 22:50:39', b'0', 1);
INSERT INTO `product_browse_history` VALUES (1618, 247, 634, b'0', NULL, '2025-05-10 22:50:39', NULL, '2025-05-10 22:50:39', b'0', 1);
INSERT INTO `product_browse_history` VALUES (1619, 247, 633, b'0', NULL, '2025-05-10 22:50:39', NULL, '2025-05-10 22:50:39', b'1', 1);
INSERT INTO `product_browse_history` VALUES (1620, 247, 633, b'0', NULL, '2025-05-10 22:50:58', NULL, '2025-05-10 22:50:58', b'1', 1);
INSERT INTO `product_browse_history` VALUES (1621, 247, 634, b'0', NULL, '2025-05-10 22:50:58', NULL, '2025-05-10 22:50:58', b'0', 1);
INSERT INTO `product_browse_history` VALUES (1622, 247, 634, b'0', NULL, '2025-05-10 22:50:58', NULL, '2025-05-10 22:50:58', b'0', 1);
INSERT INTO `product_browse_history` VALUES (1623, 247, 634, b'0', NULL, '2025-05-10 22:51:16', NULL, '2025-05-10 22:51:16', b'0', 1);
INSERT INTO `product_browse_history` VALUES (1624, 247, 633, b'0', NULL, '2025-05-10 22:51:16', NULL, '2025-05-10 22:51:16', b'1', 1);
INSERT INTO `product_browse_history` VALUES (1625, 247, 634, b'0', NULL, '2025-05-10 22:51:16', NULL, '2025-05-10 22:51:16', b'0', 1);
INSERT INTO `product_browse_history` VALUES (1626, 247, 633, b'0', NULL, '2025-05-10 23:02:37', NULL, '2025-05-10 23:02:37', b'1', 1);
INSERT INTO `product_browse_history` VALUES (1627, 247, 634, b'0', NULL, '2025-05-10 23:02:37', NULL, '2025-05-10 23:02:37', b'0', 1);
INSERT INTO `product_browse_history` VALUES (1628, 247, 634, b'0', NULL, '2025-05-10 23:02:37', NULL, '2025-05-10 23:02:37', b'0', 1);
INSERT INTO `product_browse_history` VALUES (1629, 247, 633, b'0', NULL, '2025-05-10 23:04:23', NULL, '2025-05-10 23:04:23', b'1', 1);
INSERT INTO `product_browse_history` VALUES (1630, 247, 634, b'0', NULL, '2025-05-10 23:04:23', NULL, '2025-05-10 23:04:23', b'0', 1);
INSERT INTO `product_browse_history` VALUES (1631, 247, 634, b'0', NULL, '2025-05-10 23:04:23', NULL, '2025-05-10 23:04:23', b'0', 1);
INSERT INTO `product_browse_history` VALUES (1632, 247, 633, b'0', NULL, '2025-05-10 23:11:16', NULL, '2025-05-10 23:11:16', b'1', 1);
INSERT INTO `product_browse_history` VALUES (1633, 247, 634, b'0', NULL, '2025-05-10 23:11:16', NULL, '2025-05-10 23:11:16', b'0', 1);
INSERT INTO `product_browse_history` VALUES (1634, 247, 634, b'0', NULL, '2025-05-10 23:11:16', NULL, '2025-05-10 23:11:16', b'0', 1);
INSERT INTO `product_browse_history` VALUES (1635, 247, 633, b'0', NULL, '2025-05-10 23:20:36', NULL, '2025-05-10 23:20:36', b'1', 1);
INSERT INTO `product_browse_history` VALUES (1636, 247, 634, b'0', NULL, '2025-05-10 23:20:36', NULL, '2025-05-10 23:20:36', b'0', 1);
INSERT INTO `product_browse_history` VALUES (1637, 247, 634, b'0', NULL, '2025-05-10 23:20:36', NULL, '2025-05-10 23:20:36', b'0', 1);
INSERT INTO `product_browse_history` VALUES (1638, 247, 633, b'0', NULL, '2025-05-10 23:21:52', NULL, '2025-05-10 23:21:52', b'1', 1);
INSERT INTO `product_browse_history` VALUES (1639, 247, 634, b'0', NULL, '2025-05-10 23:21:52', NULL, '2025-05-10 23:21:52', b'0', 1);
INSERT INTO `product_browse_history` VALUES (1640, 247, 634, b'0', NULL, '2025-05-10 23:21:52', NULL, '2025-05-10 23:21:52', b'0', 1);
INSERT INTO `product_browse_history` VALUES (1641, 247, 633, b'0', NULL, '2025-05-10 23:22:12', NULL, '2025-05-10 23:22:12', b'1', 1);
INSERT INTO `product_browse_history` VALUES (1642, 247, 634, b'0', NULL, '2025-05-10 23:22:12', NULL, '2025-05-10 23:22:12', b'0', 1);
INSERT INTO `product_browse_history` VALUES (1643, 247, 634, b'0', NULL, '2025-05-10 23:22:12', NULL, '2025-05-10 23:22:12', b'0', 1);
INSERT INTO `product_browse_history` VALUES (1644, 247, 633, b'0', NULL, '2025-05-10 23:22:26', NULL, '2025-05-10 23:22:26', b'1', 1);
INSERT INTO `product_browse_history` VALUES (1645, 247, 634, b'0', NULL, '2025-05-10 23:22:26', NULL, '2025-05-10 23:22:26', b'0', 1);
INSERT INTO `product_browse_history` VALUES (1646, 247, 634, b'0', NULL, '2025-05-10 23:22:26', NULL, '2025-05-10 23:22:26', b'0', 1);
INSERT INTO `product_browse_history` VALUES (1647, 247, 633, b'0', NULL, '2025-05-10 23:22:34', NULL, '2025-05-10 23:22:34', b'1', 1);
INSERT INTO `product_browse_history` VALUES (1648, 247, 634, b'0', NULL, '2025-05-10 23:22:34', NULL, '2025-05-10 23:22:34', b'0', 1);
INSERT INTO `product_browse_history` VALUES (1649, 247, 634, b'0', NULL, '2025-05-10 23:22:34', NULL, '2025-05-10 23:22:34', b'0', 1);
INSERT INTO `product_browse_history` VALUES (1650, 247, 633, b'0', NULL, '2025-05-10 23:22:40', NULL, '2025-05-10 23:22:40', b'1', 1);
INSERT INTO `product_browse_history` VALUES (1651, 247, 634, b'0', NULL, '2025-05-10 23:22:40', NULL, '2025-05-10 23:22:40', b'0', 1);
INSERT INTO `product_browse_history` VALUES (1652, 247, 634, b'0', NULL, '2025-05-10 23:22:40', NULL, '2025-05-10 23:22:40', b'0', 1);
INSERT INTO `product_browse_history` VALUES (1653, 247, 633, b'0', NULL, '2025-05-10 23:23:04', NULL, '2025-05-10 23:23:04', b'1', 1);
INSERT INTO `product_browse_history` VALUES (1654, 247, 634, b'0', NULL, '2025-05-10 23:23:04', NULL, '2025-05-10 23:23:04', b'0', 1);
INSERT INTO `product_browse_history` VALUES (1655, 247, 634, b'0', NULL, '2025-05-10 23:23:04', NULL, '2025-05-10 23:23:04', b'0', 1);
INSERT INTO `product_browse_history` VALUES (1656, 247, 633, b'0', NULL, '2025-05-10 23:23:09', NULL, '2025-05-10 23:23:09', b'1', 1);
INSERT INTO `product_browse_history` VALUES (1657, 247, 634, b'0', NULL, '2025-05-10 23:23:09', NULL, '2025-05-10 23:23:09', b'0', 1);
INSERT INTO `product_browse_history` VALUES (1658, 247, 634, b'0', NULL, '2025-05-10 23:23:09', NULL, '2025-05-10 23:23:09', b'0', 1);
INSERT INTO `product_browse_history` VALUES (1659, 247, 633, b'0', NULL, '2025-05-10 23:23:13', NULL, '2025-05-10 23:23:13', b'1', 1);
INSERT INTO `product_browse_history` VALUES (1660, 247, 634, b'0', NULL, '2025-05-10 23:23:13', NULL, '2025-05-10 23:23:13', b'0', 1);
INSERT INTO `product_browse_history` VALUES (1661, 247, 634, b'0', NULL, '2025-05-10 23:23:13', NULL, '2025-05-10 23:23:13', b'0', 1);
INSERT INTO `product_browse_history` VALUES (1662, 247, 633, b'0', NULL, '2025-05-10 23:23:33', NULL, '2025-05-10 23:23:33', b'1', 1);
INSERT INTO `product_browse_history` VALUES (1663, 247, 634, b'0', NULL, '2025-05-10 23:23:33', NULL, '2025-05-10 23:23:33', b'0', 1);
INSERT INTO `product_browse_history` VALUES (1664, 247, 634, b'0', NULL, '2025-05-10 23:23:33', NULL, '2025-05-10 23:23:33', b'0', 1);
INSERT INTO `product_browse_history` VALUES (1665, 247, 633, b'0', NULL, '2025-05-10 23:29:41', NULL, '2025-05-10 23:29:41', b'1', 1);
INSERT INTO `product_browse_history` VALUES (1666, 247, 634, b'0', NULL, '2025-05-10 23:29:41', NULL, '2025-05-10 23:29:41', b'0', 1);
INSERT INTO `product_browse_history` VALUES (1667, 247, 634, b'0', NULL, '2025-05-10 23:29:41', NULL, '2025-05-10 23:29:41', b'0', 1);
INSERT INTO `product_browse_history` VALUES (1668, 247, 633, b'0', NULL, '2025-05-10 23:29:48', NULL, '2025-05-10 23:29:48', b'1', 1);
INSERT INTO `product_browse_history` VALUES (1669, 247, 634, b'0', NULL, '2025-05-10 23:29:48', NULL, '2025-05-10 23:29:48', b'0', 1);
INSERT INTO `product_browse_history` VALUES (1670, 247, 634, b'0', NULL, '2025-05-10 23:29:48', NULL, '2025-05-10 23:29:48', b'0', 1);
INSERT INTO `product_browse_history` VALUES (1671, 247, 634, b'0', NULL, '2025-05-10 23:30:00', NULL, '2025-05-10 23:30:00', b'0', 1);
INSERT INTO `product_browse_history` VALUES (1672, 247, 634, b'0', NULL, '2025-05-10 23:30:00', NULL, '2025-05-10 23:30:00', b'0', 1);
INSERT INTO `product_browse_history` VALUES (1673, 247, 633, b'0', NULL, '2025-05-10 23:30:00', NULL, '2025-05-10 23:30:00', b'1', 1);
INSERT INTO `product_browse_history` VALUES (1674, 247, 634, b'0', NULL, '2025-05-10 23:30:04', NULL, '2025-05-10 23:30:04', b'0', 1);
INSERT INTO `product_browse_history` VALUES (1675, 247, 634, b'0', NULL, '2025-05-10 23:30:04', NULL, '2025-05-10 23:30:04', b'0', 1);
INSERT INTO `product_browse_history` VALUES (1676, 247, 633, b'0', NULL, '2025-05-10 23:30:04', NULL, '2025-05-10 23:30:04', b'1', 1);
INSERT INTO `product_browse_history` VALUES (1677, 247, 633, b'0', NULL, '2025-05-10 23:31:52', NULL, '2025-05-10 23:31:52', b'1', 1);
INSERT INTO `product_browse_history` VALUES (1678, 247, 634, b'0', NULL, '2025-05-10 23:31:52', NULL, '2025-05-10 23:31:52', b'0', 1);
INSERT INTO `product_browse_history` VALUES (1679, 247, 634, b'0', NULL, '2025-05-10 23:31:52', NULL, '2025-05-10 23:31:52', b'0', 1);
INSERT INTO `product_browse_history` VALUES (1680, 247, 634, b'0', NULL, '2025-05-10 23:32:14', NULL, '2025-05-10 23:32:14', b'0', 1);
INSERT INTO `product_browse_history` VALUES (1681, 247, 633, b'0', NULL, '2025-05-10 23:32:14', NULL, '2025-05-10 23:32:14', b'1', 1);
INSERT INTO `product_browse_history` VALUES (1682, 247, 634, b'0', NULL, '2025-05-10 23:32:14', NULL, '2025-05-10 23:32:14', b'0', 1);
INSERT INTO `product_browse_history` VALUES (1683, 247, 634, b'0', NULL, '2025-05-10 23:33:03', NULL, '2025-05-10 23:33:03', b'0', 1);
INSERT INTO `product_browse_history` VALUES (1684, 247, 633, b'0', NULL, '2025-05-10 23:33:03', NULL, '2025-05-10 23:33:03', b'1', 1);
INSERT INTO `product_browse_history` VALUES (1685, 247, 634, b'0', NULL, '2025-05-10 23:33:03', NULL, '2025-05-10 23:33:03', b'0', 1);
INSERT INTO `product_browse_history` VALUES (1686, 247, 634, b'0', NULL, '2025-05-10 23:33:21', NULL, '2025-05-10 23:33:21', b'0', 1);
INSERT INTO `product_browse_history` VALUES (1687, 247, 633, b'0', NULL, '2025-05-10 23:33:21', NULL, '2025-05-10 23:33:21', b'1', 1);
INSERT INTO `product_browse_history` VALUES (1688, 247, 634, b'0', NULL, '2025-05-10 23:33:21', NULL, '2025-05-10 23:33:21', b'0', 1);
INSERT INTO `product_browse_history` VALUES (1689, 247, 633, b'0', NULL, '2025-05-10 23:43:00', NULL, '2025-05-10 23:43:00', b'1', 1);
INSERT INTO `product_browse_history` VALUES (1690, 247, 634, b'0', NULL, '2025-05-10 23:43:00', NULL, '2025-05-10 23:43:00', b'0', 1);
INSERT INTO `product_browse_history` VALUES (1691, 247, 634, b'0', NULL, '2025-05-10 23:43:00', NULL, '2025-05-10 23:43:00', b'0', 1);
INSERT INTO `product_browse_history` VALUES (1692, 247, 634, b'0', NULL, '2025-05-11 00:02:31', NULL, '2025-05-11 00:02:31', b'0', 1);
INSERT INTO `product_browse_history` VALUES (1693, 247, 633, b'0', NULL, '2025-05-11 00:02:31', NULL, '2025-05-11 00:02:31', b'1', 1);
INSERT INTO `product_browse_history` VALUES (1694, 247, 634, b'0', NULL, '2025-05-11 00:02:31', NULL, '2025-05-11 00:02:31', b'0', 1);
INSERT INTO `product_browse_history` VALUES (1695, 247, 634, b'0', NULL, '2025-05-11 08:04:29', NULL, '2025-05-11 08:04:29', b'0', 1);
INSERT INTO `product_browse_history` VALUES (1696, 247, 633, b'0', NULL, '2025-05-11 08:04:29', NULL, '2025-05-11 08:04:29', b'1', 1);
INSERT INTO `product_browse_history` VALUES (1697, 247, 634, b'0', NULL, '2025-05-11 08:04:29', NULL, '2025-05-11 08:04:29', b'0', 1);
INSERT INTO `product_browse_history` VALUES (1698, 247, 634, b'0', NULL, '2025-05-11 08:04:44', NULL, '2025-05-11 08:04:44', b'0', 1);
INSERT INTO `product_browse_history` VALUES (1699, 247, 633, b'0', NULL, '2025-05-11 08:04:44', NULL, '2025-05-11 08:04:44', b'1', 1);
INSERT INTO `product_browse_history` VALUES (1700, 247, 634, b'0', NULL, '2025-05-11 08:04:44', NULL, '2025-05-11 08:04:44', b'0', 1);
INSERT INTO `product_browse_history` VALUES (1701, 247, 634, b'0', NULL, '2025-05-11 08:04:49', NULL, '2025-05-11 08:04:49', b'0', 1);
INSERT INTO `product_browse_history` VALUES (1702, 247, 633, b'0', NULL, '2025-05-11 08:04:49', NULL, '2025-05-11 08:04:49', b'1', 1);
INSERT INTO `product_browse_history` VALUES (1703, 247, 634, b'0', NULL, '2025-05-11 08:04:49', NULL, '2025-05-11 08:04:49', b'0', 1);
INSERT INTO `product_browse_history` VALUES (1704, 247, 634, b'0', NULL, '2025-05-11 08:17:16', NULL, '2025-05-11 08:17:16', b'0', 1);
INSERT INTO `product_browse_history` VALUES (1705, 247, 634, b'0', NULL, '2025-05-11 08:17:16', NULL, '2025-05-11 08:17:16', b'0', 1);
INSERT INTO `product_browse_history` VALUES (1706, 247, 633, b'0', NULL, '2025-05-11 08:17:16', NULL, '2025-05-11 08:17:16', b'1', 1);
INSERT INTO `product_browse_history` VALUES (1707, 247, 641, b'0', NULL, '2025-05-11 08:17:30', NULL, '2025-05-11 08:17:30', b'1', 1);
INSERT INTO `product_browse_history` VALUES (1708, 247, 633, b'0', NULL, '2025-05-11 09:52:52', NULL, '2025-05-11 09:52:52', b'1', 1);
INSERT INTO `product_browse_history` VALUES (1709, 247, 634, b'0', NULL, '2025-05-11 09:52:52', NULL, '2025-05-11 09:52:52', b'0', 1);
INSERT INTO `product_browse_history` VALUES (1710, 247, 634, b'0', NULL, '2025-05-11 09:52:52', NULL, '2025-05-11 09:52:52', b'0', 1);
INSERT INTO `product_browse_history` VALUES (1711, 247, 633, b'0', NULL, '2025-05-11 09:54:07', NULL, '2025-05-11 09:54:07', b'1', 1);
INSERT INTO `product_browse_history` VALUES (1712, 247, 634, b'0', NULL, '2025-05-11 09:54:07', NULL, '2025-05-11 09:54:07', b'0', 1);
INSERT INTO `product_browse_history` VALUES (1713, 247, 634, b'0', NULL, '2025-05-11 09:54:07', NULL, '2025-05-11 09:54:07', b'0', 1);
INSERT INTO `product_browse_history` VALUES (1714, 247, 634, b'0', NULL, '2025-05-11 11:25:44', NULL, '2025-05-11 11:25:44', b'0', 1);
INSERT INTO `product_browse_history` VALUES (1715, 247, 634, b'0', NULL, '2025-05-11 11:25:44', NULL, '2025-05-11 11:25:44', b'0', 1);
INSERT INTO `product_browse_history` VALUES (1716, 247, 633, b'0', NULL, '2025-05-11 11:25:44', NULL, '2025-05-11 11:25:44', b'1', 1);
INSERT INTO `product_browse_history` VALUES (1717, 247, 633, b'0', NULL, '2025-05-11 11:28:06', NULL, '2025-05-11 11:28:06', b'1', 1);
INSERT INTO `product_browse_history` VALUES (1718, 247, 634, b'0', NULL, '2025-05-11 11:28:06', NULL, '2025-05-11 11:28:06', b'0', 1);
INSERT INTO `product_browse_history` VALUES (1719, 247, 634, b'0', NULL, '2025-05-11 11:28:06', NULL, '2025-05-11 11:28:06', b'0', 1);
INSERT INTO `product_browse_history` VALUES (1720, 247, 634, b'0', NULL, '2025-05-11 11:30:45', NULL, '2025-05-11 11:30:45', b'0', 1);
INSERT INTO `product_browse_history` VALUES (1721, 247, 633, b'0', NULL, '2025-05-11 11:30:45', NULL, '2025-05-11 11:30:45', b'1', 1);
INSERT INTO `product_browse_history` VALUES (1722, 247, 634, b'0', NULL, '2025-05-11 11:30:45', NULL, '2025-05-11 11:30:45', b'0', 1);
INSERT INTO `product_browse_history` VALUES (1723, 247, 634, b'0', NULL, '2025-05-11 11:34:49', NULL, '2025-05-11 11:34:49', b'0', 1);
INSERT INTO `product_browse_history` VALUES (1724, 247, 634, b'0', NULL, '2025-05-11 11:34:49', NULL, '2025-05-11 11:34:49', b'0', 1);
INSERT INTO `product_browse_history` VALUES (1725, 247, 633, b'0', NULL, '2025-05-11 11:34:49', NULL, '2025-05-11 11:34:49', b'1', 1);
INSERT INTO `product_browse_history` VALUES (1726, 247, 633, b'0', NULL, '2025-05-11 12:21:27', NULL, '2025-05-11 12:21:27', b'1', 1);
INSERT INTO `product_browse_history` VALUES (1727, 247, 634, b'0', NULL, '2025-05-11 12:21:27', NULL, '2025-05-11 12:21:27', b'0', 1);
INSERT INTO `product_browse_history` VALUES (1728, 247, 634, b'0', NULL, '2025-05-11 12:21:27', NULL, '2025-05-11 12:21:27', b'0', 1);
INSERT INTO `product_browse_history` VALUES (1729, 247, 634, b'0', NULL, '2025-05-11 12:23:22', NULL, '2025-05-11 12:23:22', b'0', 1);
INSERT INTO `product_browse_history` VALUES (1730, 247, 633, b'0', NULL, '2025-05-11 12:23:22', NULL, '2025-05-11 12:23:22', b'0', 1);
INSERT INTO `product_browse_history` VALUES (1731, 247, 634, b'0', NULL, '2025-05-11 12:23:22', NULL, '2025-05-11 12:23:22', b'0', 1);
INSERT INTO `product_browse_history` VALUES (1732, 247, 633, b'0', NULL, '2025-05-11 12:24:31', NULL, '2025-05-11 12:24:31', b'0', 1);
INSERT INTO `product_browse_history` VALUES (1733, 247, 634, b'0', NULL, '2025-05-11 12:24:31', NULL, '2025-05-11 12:24:31', b'0', 1);
INSERT INTO `product_browse_history` VALUES (1734, 247, 634, b'0', NULL, '2025-05-11 12:24:31', NULL, '2025-05-11 12:24:31', b'0', 1);
INSERT INTO `product_browse_history` VALUES (1735, 247, 634, b'0', NULL, '2025-05-11 12:35:55', NULL, '2025-05-11 12:35:55', b'0', 1);
INSERT INTO `product_browse_history` VALUES (1736, 247, 634, b'0', NULL, '2025-05-11 12:35:55', NULL, '2025-05-11 12:35:55', b'0', 1);
INSERT INTO `product_browse_history` VALUES (1737, 247, 633, b'0', NULL, '2025-05-11 12:35:55', NULL, '2025-05-11 12:35:55', b'0', 1);
INSERT INTO `product_browse_history` VALUES (1738, 247, 634, b'0', NULL, '2025-05-11 12:55:20', NULL, '2025-05-11 12:55:20', b'0', 1);
INSERT INTO `product_browse_history` VALUES (1739, 247, 633, b'0', NULL, '2025-05-11 12:55:20', NULL, '2025-05-11 12:55:20', b'0', 1);
INSERT INTO `product_browse_history` VALUES (1740, 247, 634, b'0', NULL, '2025-05-11 12:55:20', NULL, '2025-05-11 12:55:20', b'0', 1);
INSERT INTO `product_browse_history` VALUES (1741, 247, 641, b'0', NULL, '2025-05-11 16:27:06', NULL, '2025-05-11 16:27:06', b'1', 1);
INSERT INTO `product_browse_history` VALUES (1742, 247, 641, b'0', NULL, '2025-05-11 16:35:12', NULL, '2025-05-11 16:35:12', b'0', 1);
INSERT INTO `product_browse_history` VALUES (1743, 285, 633, b'0', '285', '2025-09-20 20:35:20', '285', '2025-09-20 20:35:20', b'1', 1);
INSERT INTO `product_browse_history` VALUES (1744, 285, 633, b'0', '285', '2025-09-20 20:36:19', '285', '2025-09-20 20:36:19', b'1', 1);
INSERT INTO `product_browse_history` VALUES (1745, 285, 633, b'0', '285', '2025-09-20 20:39:29', '285', '2025-09-20 20:39:29', b'0', 1);

DROP TABLE IF EXISTS `product_category`;
CREATE TABLE `product_category`  (
  `id` int(10) NOT NULL AUTO_INCREMENT COMMENT '分类编号',
  `parent_id` int(10) NOT NULL COMMENT '父分类编号',
  `name` varchar(255) CHARACTER SET utf8mb4 COLLATE utf8mb4_unicode_ci NOT NULL COMMENT '分类名称',
  `pic_url` varchar(255) CHARACTER SET utf8mb4 COLLATE utf8mb4_unicode_ci NOT NULL COMMENT '移动端分类图',
  `sort` int(11) NULL DEFAULT 0 COMMENT '分类排序',
  `status` tinyint(4) NOT NULL COMMENT '开启状态',
  `creator` varchar(64) CHARACTER SET utf8mb4 COLLATE utf8mb4_unicode_ci NULL DEFAULT '' COMMENT '创建者',
  `create_time` datetime(0) NOT NULL DEFAULT CURRENT_TIMESTAMP COMMENT '创建时间',
  `updater` varchar(64) CHARACTER SET utf8mb4 COLLATE utf8mb4_unicode_ci NULL DEFAULT '' COMMENT '更新者',
  `update_time` datetime(0) NOT NULL DEFAULT CURRENT_TIMESTAMP ON UPDATE CURRENT_TIMESTAMP(0) COMMENT '更新时间',
  `deleted` tinyint(1) NOT NULL DEFAULT b'0' COMMENT '是否删除',
  `tenant_id` int(10) NOT NULL DEFAULT 0 COMMENT '租户编号',
  PRIMARY KEY (`id`) USING BTREE
) ENGINE = InnoDB AUTO_INCREMENT = 84 CHARACTER SET = utf8mb4 COLLATE = utf8mb4_unicode_ci COMMENT = '商品分类' ROW_FORMAT = Dynamic;

INSERT INTO `product_category` VALUES (15, 0, '童装童鞋', 'http://test.yudao.iocoder.cn/1dc5d968737a990719e95492ebc9e3f8b0308214b503c51887f442f7c7584321.jpg', 1, 0, '1', '2023-04-25 16:57:05', '1', '2024-01-13 22:52:46', b'0', 1);
INSERT INTO `product_category` VALUES (16, 15, '时尚女装', 'http://127.0.0.1:48080/admin-api/infra/file/4/get/aa8d5c44ac0390ab398bae0dc8883575e3cb57594f9ed00248febe8e3d7484d1.png', 200, 0, '1', '2023-04-25 17:09:00', '1', '2023-08-31 06:27:16', b'1', 1);
INSERT INTO `product_category` VALUES (17, 15, '精品男装', 'http://127.0.0.1:48080/admin-api/infra/file/4/get/b0c166c0846fa2280b4a02431e2ac2e2363f2d2a6b608598f34b067a5ccf1245.png', 100, 0, '1', '2023-04-25 17:09:33', '1', '2023-08-31 06:27:15', b'1', 1);
INSERT INTO `product_category` VALUES (18, 15, '箱包', 'http://127.0.0.1:48080/admin-api/infra/file/4/get/8682928caa2a5a49b380ac93059adc435099873cdf646084f31cea79d5c27f40.png', 80, 0, '1', '2023-04-25 17:09:51', '1', '2023-08-31 06:27:13', b'1', 1);
INSERT INTO `product_category` VALUES (19, 15, '汉服', 'http://test.yudao.iocoder.cn/be01a5421e2ae5befd68fdd73521e58b2d35d49e1be0d275a9b6bff810e3374a.png', 0, 0, '1', '2023-04-25 17:10:15', '1', '2024-01-13 22:27:04', b'0', 1);
INSERT INTO `product_category` VALUES (20, 15, '配饰', 'http://127.0.0.1:48080/admin-api/infra/file/4/get/51bf43fcad0b947f5fa377356fb7034b47223fdbcec241d50e6e60a9be498730.jpg', 0, 0, '1', '2023-04-25 17:10:56', '1', '2023-08-31 06:27:07', b'1', 1);
INSERT INTO `product_category` VALUES (21, 15, '美妆工具', 'http://127.0.0.1:48080/admin-api/infra/file/4/get/c3cd6735cf157c218bc32ece312fd90cb2130c437dc9ec61d4030681d6ba4efb.png', 0, 0, '1', '2023-04-25 17:11:15', '1', '2023-08-31 06:27:05', b'1', 1);
INSERT INTO `product_category` VALUES (22, 0, '网络盒子', 'http://127.0.0.1:48080/admin-api/infra/file/4/get/74656bb8bc988c0419e0dbc613eda24a03956b950452b3565527301a5782db3a.png', 50, 0, '1', '2023-04-25 17:12:13', '1', '2023-08-31 06:26:57', b'1', 1);
INSERT INTO `product_category` VALUES (23, 22, '尿裤湿巾', 'http://127.0.0.1:48080/admin-api/infra/file/4/get/20162f22d8f6b427f0d6f1678c9fbb7bf0c1b70768bdc86101bee8b5e13bec5a.jpeg', 0, 0, '1', '2023-04-25 17:12:42', '1', '2023-08-31 06:26:55', b'1', 1);
INSERT INTO `product_category` VALUES (24, 15, '宠物主粮', 'http://127.0.0.1:48080/admin-api/infra/file/4/get/383729ba05711c400f9e44db11a63603af0fdbc99e58cd7b40e9296ca4e0510e.jpg', 0, 0, '1', '2023-04-25 17:13:09', '1', '2023-08-31 06:27:03', b'1', 1);
INSERT INTO `product_category` VALUES (25, 0, '家电电器', 'http://127.0.0.1:48080/admin-api/infra/file/4/get/c8a34dc2688fd4d2c95b5f49888865db1c88fd3bde153e3f7f0bcd4ff9971c96.png', 50, 0, '1', '2023-04-25 17:13:43', '1', '2023-08-31 06:27:01', b'1', 1);
INSERT INTO `product_category` VALUES (26, 25, '封口/封杯机', 'http://127.0.0.1:48080/admin-api/infra/file/4/get/1c0c208cfcf871c146006d97f95ae4fcd14d8a2deb3eabe3696367af61cb5e69.png', 60, 0, '1', '2023-04-25 17:14:39', '1', '2023-08-31 06:26:49', b'1', 1);
INSERT INTO `product_category` VALUES (27, 25, '空调', 'http://127.0.0.1:48080/admin-api/infra/file/4/get/d578e1e60b2dc3efe70643d25a8b2150dabfecd658fdb2fafcdb786d525f66d1.png', 60, 0, '1', '2023-04-25 17:15:12', '1', '2023-08-31 06:26:47', b'1', 1);
INSERT INTO `product_category` VALUES (28, 15, 'T 恤', 'http://test.yudao.iocoder.cn/1abe3ad4bcfe1f8e335873dd8718d40bbafc24a3693408966316fc827fefd771.png', 2, 0, '1', '2023-08-31 14:33:30', '1', '2024-01-13 22:28:45', b'0', 1);
INSERT INTO `product_category` VALUES (29, 15, '裙子', 'http://test.yudao.iocoder.cn/8313fe1abaedf15940f77e91d797fe8f24489e13ecfef2214a2474de2a1807e6.png', 1, 0, '1', '2023-08-31 14:35:03', '1', '2024-01-13 22:28:04', b'0', 1);
INSERT INTO `product_category` VALUES (30, 0, '家用电器', 'http://test.yudao.iocoder.cn/d71510c1ca5c5e4c7dd445da9f9357bf169978ed84febeb35ccf6dc0951a18e9.jpg', 2, 0, '1', '2023-08-31 15:01:32', '1', '2024-01-13 22:53:44', b'0', 1);
INSERT INTO `product_category` VALUES (31, 30, '智能电视', 'http://test.yudao.iocoder.cn/c294b0e21674ad5cf900faec7c6c661bd87ba7de969dcabc46ffde685e769856.png', 1, 0, '1', '2023-08-31 15:02:22', '1', '2024-01-13 22:33:02', b'0', 1);
INSERT INTO `product_category` VALUES (32, 30, '洗衣机', 'http://test.yudao.iocoder.cn/f612e98e489f1f099836e6f7322c447c3046519575095263baba1b7140063093.png', 2, 0, '1', '2023-08-31 15:05:27', '1', '2024-01-13 22:33:14', b'0', 1);
INSERT INTO `product_category` VALUES (33, 30, '游戏本', 'http://127.0.0.1:48080/admin-api/infra/file/4/get/11ce6f2153950c66fd3d2e8c78d75f4a0b0fb5b49993099a6d1eb7f29cadda67.png', 3, 0, '1', '2023-08-31 15:06:31', '1', '2023-08-31 07:06:39', b'1', 1);
INSERT INTO `product_category` VALUES (34, 30, '厨房冰箱', 'http://test.yudao.iocoder.cn/12b9641562f0e1d1d7e8b7147d14a75ed25149d26e0175e906c277a58e693f61.png', 3, 0, '1', '2023-08-31 15:06:31', '1', '2024-01-13 22:33:29', b'0', 1);
INSERT INTO `product_category` VALUES (35, 30, '电饭煲', 'http://test.yudao.iocoder.cn/c6ec808ebcfbe35597e13643ae2781d3da854339a3caf61a6d89518cbe1b1085.png', 4, 0, '1', '2023-10-01 20:24:40', '1', '2024-01-13 22:34:11', b'0', 1);
INSERT INTO `product_category` VALUES (36, 30, '养生壶', 'http://test.yudao.iocoder.cn/44fee42840097416689c7c32c76e5841cf171e8a31f437813b1385bbf6b7a001.png', 5, 0, '1', '2023-10-01 20:25:59', '1', '2024-01-13 22:34:51', b'0', 1);
INSERT INTO `product_category` VALUES (37, 30, '吸尘器', 'http://test.yudao.iocoder.cn/eef2b274843e41a41294610094882c0ded469145651395bad225610802bafdf8.png', 6, 0, '1', '2023-10-01 20:27:41', '1', '2024-01-13 22:35:11', b'0', 1);
INSERT INTO `product_category` VALUES (38, 0, '电子数码', 'http://test.yudao.iocoder.cn/7e600e817c8ec0f2f747f41b59e1a3ac28ac850a9b77ed78d69af5fadbef700e.jpg', 3, 0, '1', '2023-10-01 20:28:21', '1', '2024-01-13 22:55:09', b'0', 1);
INSERT INTO `product_category` VALUES (39, 38, '数码相机', 'http://test.yudao.iocoder.cn/f7bb34dc71c9d0e14671198d6a23e57669a0847059783e9acf6caa8f79ccc896.png', 1, 0, '1', '2023-10-01 20:29:44', '1', '2024-01-13 22:36:27', b'0', 1);
INSERT INTO `product_category` VALUES (40, 38, '笔记本电脑', 'http://test.yudao.iocoder.cn/72e9aa277521ffa1b696c8b8bb01124393e60e59efec172537cdb5f0eb828353.png', 2, 0, '1', '2023-10-01 20:30:18', '1', '2024-01-13 22:36:40', b'0', 1);
INSERT INTO `product_category` VALUES (41, 0, '美妆个护', 'http://test.yudao.iocoder.cn/e5ba252dbc6423327fec784f5775f55355f17fd6a2440919a2d91c4e541dfa81.png', 4, 0, '1', '2023-10-01 20:31:00', '1', '2024-01-13 22:56:36', b'0', 1);
INSERT INTO `product_category` VALUES (42, 41, '护肤套装', 'http://test.yudao.iocoder.cn/a86aad413989d547e91b46b83721ac48a3271edacd05022b11c75ba2a5c0b3a8.png', 1, 0, '1', '2023-10-01 20:31:34', '1', '2024-01-13 22:40:36', b'0', 1);
INSERT INTO `product_category` VALUES (43, 41, '洁面', 'http://test.yudao.iocoder.cn/23f2ed918b5cfac04d6cb75e574b84b647074792e88f3bd86ec0abb003eda447.png', 2, 0, '1', '2023-10-01 20:33:53', '1', '2024-01-13 22:41:03', b'0', 1);
INSERT INTO `product_category` VALUES (44, 41, '香水', 'http://test.yudao.iocoder.cn/cd8fc1f520071f8fb8ac62f149627ae629950d7bfc52a3811236d88d478692c8.png', 3, 0, '1', '2023-10-01 20:34:31', '1', '2024-01-13 22:41:24', b'0', 1);
INSERT INTO `product_category` VALUES (45, 41, '彩妆', 'http://test.yudao.iocoder.cn/35cb3c3a242bc9690a4d640c2cfd9eb6607e43788a86e1fac8a0f1afd19a2b2d.png', 4, 0, '1', '2023-10-01 20:35:38', '1', '2024-01-13 22:41:41', b'0', 1);
INSERT INTO `product_category` VALUES (46, 41, '粉底', 'http://test.yudao.iocoder.cn/70b828c0751431d3f83bb9bbff4b5a40c074a8c0860fe92981b0344f2c067450.png', 5, 0, '1', '2023-10-01 20:36:07', '1', '2024-01-13 22:41:56', b'0', 1);
INSERT INTO `product_category` VALUES (47, 0, '母婴用品', 'http://test.yudao.iocoder.cn/7d5e76eea5f29773a8962fabb0131d012434ee4cae3ddb416d135e20f89123eb.jpg', 6, 0, '1', '2023-10-01 20:36:46', '1', '2024-01-13 22:57:16', b'0', 1);
INSERT INTO `product_category` VALUES (48, 47, '婴儿装', 'http://test.yudao.iocoder.cn/1d854fe6f4b92a693c091a6c194131c7f2ef16c58233fae29bc6f8807f7e5148.png', 1, 0, '1', '2023-10-01 20:37:18', '1', '2024-01-13 22:44:37', b'0', 1);
INSERT INTO `product_category` VALUES (49, 47, '早教机', 'http://test.yudao.iocoder.cn/7ba39ecf36a07daff239ac5a3f8d8c08ea50938f55738b2737577140d855dde4.png', 2, 0, '1', '2023-10-01 20:37:48', '1', '2024-01-13 22:44:50', b'0', 1);
INSERT INTO `product_category` VALUES (50, 47, '洋娃娃', 'http://test.yudao.iocoder.cn/f9b69b5b02d7daa0d6fb9620d3a442d8e26983a2447e81c1faec00f981f874d5.png', 3, 0, '1', '2023-10-01 20:38:22', '1', '2024-01-13 22:45:03', b'0', 1);
INSERT INTO `product_category` VALUES (51, 47, '毛绒玩具', 'http://test.yudao.iocoder.cn/55ac92652d6d55d282a48ea1a33f606980b40b69a768115d091ffd052b59cfdb.png', 4, 0, '1', '2023-10-01 20:39:12', '1', '2024-01-13 22:45:26', b'0', 1);
INSERT INTO `product_category` VALUES (52, 47, '洗澡用具', 'http://test.yudao.iocoder.cn/e3c1691a366942ed7c8dcde78458c3d0fa600258e157cfe97b20726d234b4201.png', 5, 0, '1', '2023-10-01 20:40:32', '1', '2024-01-13 22:45:41', b'0', 1);
INSERT INTO `product_category` VALUES (53, 47, ' 扫描仪', 'http://127.0.0.1:48080/admin-api/infra/file/0/get/5ada4b58af70b6113fb8f15ed4ff690be14c12f1767fd72da84582cfe0737aa9.jpg', 6, 0, '1', '2023-10-01 20:41:11', '1', '2023-12-27 07:16:40', b'1', 1);
INSERT INTO `product_category` VALUES (54, 0, '新鲜水果', 'http://127.0.0.1:48080/admin-api/infra/file/0/get/20e5f60270dc7bab414ac9f55115530e80f5fedbad0872bde02ab736380ea075.jpg', 7, 0, '1', '2023-10-01 20:42:55', '1', '2023-12-27 07:25:21', b'1', 1);
INSERT INTO `product_category` VALUES (55, 54, '枇杷', 'http://127.0.0.1:48080/admin-api/infra/file/0/get/a44a4336732d8d79e0732fa4f4816075dd8cc6678a6044b9f817e349627e4110.jpg', 1, 0, '1', '2023-10-01 20:43:25', '1', '2023-12-27 07:25:19', b'1', 1);
INSERT INTO `product_category` VALUES (56, 54, '香蕉', 'http://127.0.0.1:48080/admin-api/infra/file/0/get/b821ec118ac9b3259c504d82efbec18d48ef645d7ce0ad69e4c00b8c0ff3be59.jpg', 2, 0, '1', '2023-10-01 20:43:51', '1', '2023-12-27 07:25:17', b'1', 1);
INSERT INTO `product_category` VALUES (57, 54, '草莓', 'http://127.0.0.1:48080/admin-api/infra/file/0/get/7ef48d8f66b90fea777a969fcf9349ecfd32ccf7ee35d4c2361317781300beac.jpg', 3, 0, '1', '2023-10-01 20:44:54', '1', '2023-12-27 07:25:15', b'1', 1);
INSERT INTO `product_category` VALUES (58, 54, '芒果', 'http://127.0.0.1:48080/admin-api/infra/file/0/get/2ce996408f1db200828ea7d17d96c813305a2d00a85c36da0b050d7dc3edc5b8.jpg', 4, 0, '1', '2023-10-01 20:45:17', '1', '2023-12-27 07:25:13', b'1', 1);
INSERT INTO `product_category` VALUES (59, 54, '石榴', 'http://127.0.0.1:48080/admin-api/infra/file/0/get/024e658bf9185251712bcf0665f6a59c0a262104650b16bbc403aa506483592c.jpg', 5, 0, '1', '2023-10-01 20:45:41', '1', '2023-12-27 07:25:11', b'1', 1);
INSERT INTO `product_category` VALUES (60, 15, '演出服', 'http://test.yudao.iocoder.cn/9d939f82a2ca6cfafd4e37c236fc7479186e7eb29b6af7b6f111e790da203deb.png', 3, 0, '1', '2024-01-13 22:29:55', '1', '2024-01-13 22:30:21', b'0', 1);
INSERT INTO `product_category` VALUES (61, 15, '外套', 'http://test.yudao.iocoder.cn/ecc140ec8303a376bac59ed740ee1607a75be392baa210879e46d18af6ba7b49.png', 4, 0, '1', '2024-01-13 22:30:55', '1', '2024-01-13 22:30:55', b'0', 1);
INSERT INTO `product_category` VALUES (62, 15, '裤子', 'http://test.yudao.iocoder.cn/1a5a63800acb7c5ee1de379fecb54857658b3a1c6d5a0009b09d69b1f95afa7b.png', 5, 0, '1', '2024-01-13 22:31:30', '1', '2024-01-13 22:31:30', b'0', 1);
INSERT INTO `product_category` VALUES (63, 15, '凉鞋', 'http://test.yudao.iocoder.cn/d78bbf1bd61b432f507e90e4819b0ebef4f438e8e6bba1afc97805223c1caddd.png', 6, 0, '1', '2024-01-13 22:31:51', '1', '2024-01-13 22:31:51', b'0', 1);
INSERT INTO `product_category` VALUES (64, 15, '皮鞋', 'http://test.yudao.iocoder.cn/bce052da46c9b09ca022cb2e9ebc020c2d3418e3585bbca82fb2ccfa38676b95.png', 8, 0, '1', '2024-01-13 22:32:12', '1', '2024-01-13 22:32:12', b'0', 1);
INSERT INTO `product_category` VALUES (65, 15, '运动鞋', 'http://test.yudao.iocoder.cn/c204a4f7d9ffe946abe9dd9c4014f05f166d8fbb27ac4cdd55de1f7fa0821701.png', 9, 0, '1', '2024-01-13 22:32:31', '1', '2024-01-13 22:32:31', b'0', 1);
INSERT INTO `product_category` VALUES (66, 30, '破壁机', 'http://test.yudao.iocoder.cn/c2af15653284c9d9b7062dd43523faee15c4f11424045e84778f7775dbecad42.png', 5, 0, '1', '2024-01-13 22:34:34', '1', '2024-01-13 22:34:34', b'0', 1);
INSERT INTO `product_category` VALUES (67, 30, '除螨仪', 'http://test.yudao.iocoder.cn/08e1dcd9e2bce783f86c85e421bca5ebc59918789fa3f074eb082c1fc03910b8.png', 7, 0, '1', '2024-01-13 22:35:32', '1', '2024-01-13 22:35:32', b'0', 1);
INSERT INTO `product_category` VALUES (68, 30, '电热水器', 'http://test.yudao.iocoder.cn/d590ad06e676bdf79b97e30941ba0821cbe2b1c9fb2001d5e4947f17b3eb4ee5.png', 8, 0, '1', '2024-01-13 22:35:50', '1', '2024-01-13 22:35:50', b'0', 1);
INSERT INTO `product_category` VALUES (69, 38, '平板电脑', 'http://test.yudao.iocoder.cn/678a3ab46ea88dc76d7ee8189e1b18c6928ae21d05479e10f294241c931b59ff.png', 3, 0, '1', '2024-01-13 22:37:36', '1', '2024-01-13 22:37:48', b'0', 1);
INSERT INTO `product_category` VALUES (70, 38, '耳机耳麦', 'http://test.yudao.iocoder.cn/b9351ca7be1ad7d8d8d86e80e715e005be1f3f2e70dcc2a7f6a1d252b3fdae63.png', 4, 0, '1', '2024-01-13 22:38:11', '1', '2024-01-13 22:38:20', b'0', 1);
INSERT INTO `product_category` VALUES (71, 38, '音箱', 'http://test.yudao.iocoder.cn/d115ee64cd19758f14f07258a6c94158df1a53bfd40344ad597163d35f88584c.png', 5, 0, '1', '2024-01-13 22:38:41', '1', '2024-01-13 22:38:41', b'0', 1);
INSERT INTO `product_category` VALUES (72, 38, '麦克风', 'http://test.yudao.iocoder.cn/225de704d411d10544725e79c82493c1a7787bc5140368ea3d248d6d1505c2eb.png', 6, 0, '1', '2024-01-13 22:38:58', '1', '2024-01-13 22:38:58', b'0', 1);
INSERT INTO `product_category` VALUES (73, 38, '游戏机', 'http://test.yudao.iocoder.cn/229ffc7388cdd60f9cbcb5638f03a2211d99eeed2b834631deb8e9242bbf9c74.png', 7, 0, '1', '2024-01-13 22:39:13', '1', '2024-01-13 22:39:13', b'0', 1);
INSERT INTO `product_category` VALUES (74, 38, '投影仪', 'http://test.yudao.iocoder.cn/758d3a5387507358c7236de4c8f96de1c7f5097ff6a7722b34772fb7b76b140f.png', 8, 0, '1', '2024-01-13 22:39:35', '1', '2024-01-13 22:39:35', b'0', 1);
INSERT INTO `product_category` VALUES (75, 38, '无人机', 'http://test.yudao.iocoder.cn/1cf25a3632564bda880338dde73a70e734a0249e0619da20c2fc5743d5d79796.png', 9, 0, '1', '2024-01-13 22:39:49', '1', '2024-01-13 22:39:49', b'0', 1);
INSERT INTO `product_category` VALUES (76, 41, '隔离', 'http://test.yudao.iocoder.cn/058d6693f811bf0d8b652688f852b1a789994bcbc77b4f2a1515cfcaffc9976a.png', 6, 0, '1', '2024-01-13 22:42:26', '1', '2024-01-13 22:42:26', b'0', 1);
INSERT INTO `product_category` VALUES (77, 41, '洗发水', 'http://test.yudao.iocoder.cn/4146acdacc2c1ed8b21b9c24512ea0ac363f7c8b866b82d183526c113040e7df.png', 7, 0, '1', '2024-01-13 22:42:45', '1', '2024-01-13 22:42:45', b'0', 1);
INSERT INTO `product_category` VALUES (78, 41, '沐浴露', 'http://test.yudao.iocoder.cn/0e9add6b7831811c74b1dd60ef2adb73780a8a69c988e551beb6fb47f2c3f8f9.png', 8, 0, '1', '2024-01-13 22:43:08', '1', '2024-01-13 22:43:08', b'0', 1);
INSERT INTO `product_category` VALUES (79, 41, '口腔清理', 'http://test.yudao.iocoder.cn/0a727817e3b08eb562e3314011d61f79c703c796a742fbb7a40b6cb2e6eb6010.png', 10, 0, '1', '2024-01-13 22:43:42', '1', '2024-01-13 22:43:42', b'0', 1);
INSERT INTO `product_category` VALUES (80, 47, '宝宝个护', 'http://test.yudao.iocoder.cn/0c0a153b39ec8285efb93710c3f698f9513f76d1c7765db22d099de3d707153b.png', 6, 0, '1', '2024-01-13 22:46:08', '1', '2024-01-13 22:46:08', b'0', 1);
INSERT INTO `product_category` VALUES (81, 47, '儿童餐具', 'http://test.yudao.iocoder.cn/f8e8437ce80362a3ee20ac97aef98eadc275ed7ea7d9c9e89b0c2663aa416bf0.png', 7, 0, '1', '2024-01-13 22:46:28', '1', '2024-01-13 22:46:28', b'0', 1);
INSERT INTO `product_category` VALUES (82, 47, '儿童水杯', 'http://test.yudao.iocoder.cn/1f1c3e4778149161be9deb6518f9523b442852f36cc1fcb2a3002a9f359752f2.png', 8, 0, '1', '2024-01-13 22:46:55', '1', '2024-01-13 22:47:29', b'0', 1);
INSERT INTO `product_category` VALUES (83, 47, '婴儿推车', 'http://test.yudao.iocoder.cn/600941856424c1b9ac52b352e8cdb1c2a7197fcee350b4964e62b16714846d6b.png', 9, 0, '1', '2024-01-13 22:47:52', '1', '2024-01-13 22:47:52', b'0', 1);

DROP TABLE IF EXISTS `product_comment`;
CREATE TABLE `product_comment`  (
  `id` int(10) NOT NULL AUTO_INCREMENT COMMENT '评论编号，主键自增',
  `user_id` int(10) NOT NULL COMMENT '评价人的用户编号，关联 MemberUserDO 的 id 编号',
  `user_nickname` varchar(255) CHARACTER SET utf8mb4 COLLATE utf8mb4_general_ci NULL DEFAULT NULL COMMENT '评价人名称',
  `user_avatar` varchar(1024) CHARACTER SET utf8mb4 COLLATE utf8mb4_general_ci NULL DEFAULT NULL COMMENT '评价人头像',
  `anonymous` tinyint(1) NOT NULL COMMENT '是否匿名',
  `order_id` int(10) NULL DEFAULT 0 COMMENT '交易订单编号，关联 TradeOrderDO 的 id 编号',
  `order_item_id` int(10) NULL DEFAULT 0 COMMENT '交易订单项编号，关联 TradeOrderItemDO 的 id 编号',
  `spu_id` int(10) NOT NULL COMMENT '商品 SPU 编号，关联 ProductSpuDO 的 id',
  `spu_name` varchar(255) CHARACTER SET utf8mb4 COLLATE utf8mb4_general_ci NULL DEFAULT NULL COMMENT '商品 SPU 名称',
  `sku_id` int(10) NOT NULL COMMENT '商品 SKU 编号，关联 ProductSkuDO 的 id 编号',
  `sku_pic_url` varchar(256) CHARACTER SET utf8mb4 COLLATE utf8mb4_general_ci NOT NULL COMMENT '图片地址',
  `sku_properties` varchar(512) CHARACTER SET utf8mb4 COLLATE utf8mb4_general_ci NULL DEFAULT NULL COMMENT '属性数组，JSON 格式 [{propertId: , valueId: }, {propertId: , valueId: }]',
  `visible` tinyint(1) NULL DEFAULT NULL COMMENT '是否可见，true:显示false:隐藏',
  `scores` tinyint(4) NOT NULL COMMENT '评分星级1-5分',
  `description_scores` tinyint(4) NOT NULL COMMENT '描述星级 1-5 星',
  `benefit_scores` tinyint(4) NOT NULL COMMENT '服务星级 1-5 星',
  `content` varchar(1024) CHARACTER SET utf8mb4 COLLATE utf8mb4_general_ci NOT NULL COMMENT '评论内容',
  `pic_urls` varchar(4096) CHARACTER SET utf8mb4 COLLATE utf8mb4_general_ci NULL DEFAULT NULL COMMENT '评论图片地址数组',
  `reply_status` tinyint(1) NULL DEFAULT b'0' COMMENT '商家是否回复',
  `reply_user_id` int(10) NULL DEFAULT NULL COMMENT '回复管理员编号，关联 AdminUserDO 的 id 编号',
  `reply_content` varchar(1024) CHARACTER SET utf8mb4 COLLATE utf8mb4_general_ci NULL DEFAULT NULL COMMENT '商家回复内容',
  `reply_time` datetime(0) NULL DEFAULT NULL COMMENT '商家回复时间',
  `creator` varchar(64) CHARACTER SET utf8mb4 COLLATE utf8mb4_general_ci NULL DEFAULT '' COMMENT '创建者',
  `create_time` datetime(0) NOT NULL DEFAULT CURRENT_TIMESTAMP COMMENT '创建时间',
  `updater` varchar(64) CHARACTER SET utf8mb4 COLLATE utf8mb4_general_ci NULL DEFAULT '' COMMENT '更新者',
  `update_time` datetime(0) NOT NULL DEFAULT CURRENT_TIMESTAMP ON UPDATE CURRENT_TIMESTAMP(0) COMMENT '更新时间',
  `deleted` tinyint(1) NOT NULL DEFAULT b'0' COMMENT '是否删除',
  `tenant_id` int(10) NOT NULL DEFAULT 0 COMMENT '租户编号',
  PRIMARY KEY (`id`) USING BTREE
) ENGINE = InnoDB AUTO_INCREMENT = 15 CHARACTER SET = utf8mb4 COLLATE = utf8mb4_general_ci COMMENT = '商品评论' ROW_FORMAT = Dynamic;

INSERT INTO `product_comment` VALUES (7, 0, '你猜', 'http://127.0.0.1:48080/admin-api/infra/file/4/get/26859f993e24556a8ae474362461417cbc5261723093d9e57d6c87e6eae0d277.png', b'0', 0, 0, 633, '索尼（SONY）WH-CH510 无线立体声耳机 学生网课 白色', 2, 'https://demo26.crmeb.net/uploads/attach/2021/11/15/a79f5d2ea6bf0c3c11b2127332dfe2df.jpg', '[{\"propertyId\": 1, \"propertyName\": \"颜色\", \"valueId\": 5, \"valueName\": \"黑色\"}, {\"propertyId\": 3, \"propertyName\": \"版本\", \"valueId\": 8, \"valueName\": \"CH510\"}]', b'1', 1, 2, 1, '哈哈哈哈', '[\"http://127.0.0.1:48080/admin-api/infra/file/4/get/7831ca02a9d7aa7cbec78e67bd0f0847808d7912f1f8f3b4118a60c1bf9cba2b.jpg\"]', b'0', NULL, NULL, NULL, '1', '2023-08-26 11:17:12', '1', '2023-08-26 13:01:24', b'0', 1);
INSERT INTO `product_comment` VALUES (10, 0, '葡萄', 'http://127.0.0.1:48080/admin-api/infra/file/0/get/024e658bf9185251712bcf0665f6a59c0a262104650b16bbc403aa506483592c.jpg', b'0', 0, 0, 633, '索尼（SONY）WH-CH510 无线立体声耳机 学生网课', 1, 'https://static.iocoder.cn/mall/a79f5d2ea6bf0c3c11b2127332dfe2df.jpg', '[{\"propertyId\":1,\"propertyName\":\"颜色\",\"valueId\":5,\"valueName\":\"黑色\"},{\"propertyId\":3,\"propertyName\":\"版本\",\"valueId\":8,\"valueName\":\"CH510\"}]', b'1', 5, 5, 5, '好吃', '[\"http://127.0.0.1:48080/admin-api/infra/file/0/get/c222c4c7133ffb14d6533127e8f4551865d77d3752de12bdf94bae815aef9ff3.jpg\"]', b'1', 1, '确实好吃！', '2023-10-01 21:19:10', '1', '2023-10-01 21:18:59', '1', '2023-10-01 21:19:10', b'0', 1);
INSERT INTO `product_comment` VALUES (11, 0, '遥遥领先', 'http://127.0.0.1:48080/admin-api/infra/file/0/get/d6d29a8f02fdd7d86a32a3b9511b40783f5f71b2ee79d66479618f17e4f15985.png', b'0', 0, 0, 634, 'HUAWEI Mate 60 Pro', 15, 'http://127.0.0.1:48080/admin-api/infra/file/4/get/3661b4ca3b922d31bef4440a7d68f9112b8f529ba160b3278bb0b5158384abf6.jpg', '[{\"propertyId\":1,\"propertyName\":\"颜色\",\"valueId\":19,\"valueName\":\"雅川青\"}]', b'1', 5, 5, 5, '真的领先', '[\"http://127.0.0.1:48080/admin-api/infra/file/0/get/aaa8ab015f8641e8c610b634e5a21f78b21e69eeab36b6fcd18d33f8d2e717af.jpg\"]', b'0', NULL, NULL, NULL, '1', '2023-10-01 21:23:14', '1', '2023-10-01 21:23:14', b'0', 1);
INSERT INTO `product_comment` VALUES (12, 247, '21土豆', 'http://127.0.0.1:48080/admin-api/infra/file/4/get/fee19466c40aecd32d42e67caed40ef68283cc3bdbdb39f73ec2906ef333f4a1.png', b'0', 137, 130, 634, 'HUAWEI Mate 60 Pro', 14, 'http://127.0.0.1:48080/admin-api/infra/file/4/get/49009b73d392657c85bed2e82e22b09720e7c68466b8565c8b2f6c00e03b705e.jpg', '[{\"propertyId\":1,\"propertyName\":\"颜色\",\"valueId\":18,\"valueName\":\"雅丹黑\"}]', NULL, 4, 5, 3, '123321', '[]', b'0', NULL, NULL, NULL, '247', '2023-12-14 21:59:07', '247', '2023-12-14 21:59:07', b'0', 1);
INSERT INTO `product_comment` VALUES (13, 0, '测试名字', 'http://test.yudao.iocoder.cn/bb500bd0a8055ac12f5b22b3d8b77c53ae249c09ead79be0e6482c5f7da20773.jpg', b'0', 0, 0, 633, '索尼（SONY）WH-CH510 无线立体声耳机 学生网课', 2, 'https://static.iocoder.cn/mall/a79f5d2ea6bf0c3c11b2127332dfe2df.jpg', '[{\"propertyId\":1,\"propertyName\":\"颜色\",\"valueId\":6,\"valueName\":\"蓝色\"},{\"propertyId\":3,\"propertyName\":\"版本\",\"valueId\":8,\"valueName\":\"CH510\"}]', b'1', 5, 5, 5, '啦啦啦啦', '[\"http://test.yudao.iocoder.cn/1dc5d968737a990719e95492ebc9e3f8b0308214b503c51887f442f7c7584321.jpg\"]', b'1', 1, '哈哈哈哈', '2024-01-14 13:20:54', '1', '2024-01-14 13:20:47', '1', '2024-01-14 13:20:54', b'0', 1);
INSERT INTO `product_comment` VALUES (14, 247, '啦啦啦', 'http://127.0.0.1:48080/admin-api/infra/file/4/get/f341ff4f7838c29a4978421d0de39ac5d9e18016af124e7ef94a29cb4e8e5a15.jpeg', b'0', 198, 193, 634, 'HUAWEI Mate 60 Pro', 15, 'http://127.0.0.1:48080/admin-api/infra/file/4/get/3661b4ca3b922d31bef4440a7d68f9112b8f529ba160b3278bb0b5158384abf6.jpg', NULL, NULL, 5, 5, 5, '32132121', '[]', b'0', NULL, NULL, NULL, '247', '2025-04-30 21:28:10', '247', '2025-04-30 21:28:10', b'0', 1);

DROP TABLE IF EXISTS `product_favorite`;
CREATE TABLE `product_favorite`  (
  `id` int(10) NOT NULL AUTO_INCREMENT COMMENT '收藏编号',
  `user_id` int(10) NOT NULL COMMENT '用户编号',
  `spu_id` int(10) NOT NULL COMMENT '商品 SPU 编号',
  `creator` varchar(64) CHARACTER SET utf8mb4 COLLATE utf8mb4_unicode_ci NULL DEFAULT '' COMMENT '创建者',
  `create_time` datetime(0) NOT NULL DEFAULT CURRENT_TIMESTAMP COMMENT '创建时间',
  `updater` varchar(64) CHARACTER SET utf8mb4 COLLATE utf8mb4_unicode_ci NULL DEFAULT '' COMMENT '更新者',
  `update_time` datetime(0) NOT NULL DEFAULT CURRENT_TIMESTAMP ON UPDATE CURRENT_TIMESTAMP(0) COMMENT '更新时间',
  `deleted` tinyint(1) NOT NULL DEFAULT b'0' COMMENT '是否删除',
  `tenant_id` int(10) NOT NULL DEFAULT 0 COMMENT '租户编号',
  PRIMARY KEY (`id`) USING BTREE,
  INDEX `idx_userId`(`user_id`) USING BTREE
) ENGINE = InnoDB AUTO_INCREMENT = 32 CHARACTER SET = utf8mb4 COLLATE = utf8mb4_bin COMMENT = '商品收藏表' ROW_FORMAT = Dynamic;

INSERT INTO `product_favorite` VALUES (21, 247, 610632, '1', '2022-08-01 22:46:35', '1', '2023-06-25 04:26:02', b'1', 1);
INSERT INTO `product_favorite` VALUES (22, 247, 633, '247', '2023-06-09 20:01:11', '247', '2023-06-09 12:01:17', b'1', 1);
INSERT INTO `product_favorite` VALUES (23, 247, 633, '247', '2023-06-11 22:20:27', '247', '2023-06-11 14:20:28', b'1', 1);
INSERT INTO `product_favorite` VALUES (24, 247, 633, '247', '2023-06-11 22:20:46', '247', '2023-06-15 11:37:12', b'1', 1);
INSERT INTO `product_favorite` VALUES (25, 247, 633, '247', '2023-06-15 19:37:13', '247', '2023-12-14 16:01:28', b'1', 1);
INSERT INTO `product_favorite` VALUES (26, 247, 633, '247', '2023-12-15 09:14:01', '247', '2023-12-15 01:41:22', b'1', 1);
INSERT INTO `product_favorite` VALUES (27, 247, 633, '247', '2023-12-15 09:41:24', '247', '2023-12-29 17:36:38', b'1', 1);
INSERT INTO `product_favorite` VALUES (28, 247, 633, '247', '2024-01-20 17:05:10', '247', '2023-12-29 17:50:28', b'1', 1);
INSERT INTO `product_favorite` VALUES (29, 247, 633, '247', '2024-01-20 17:19:01', '247', '2024-01-20 17:19:01', b'0', 1);
INSERT INTO `product_favorite` VALUES (30, 247, 639, '247', '2024-07-22 10:16:08', '247', '2024-07-22 10:16:09', b'1', 1);
INSERT INTO `product_favorite` VALUES (31, 247, 634, '247', '2024-09-21 14:02:54', '247', '2024-09-21 14:02:55', b'1', 1);

DROP TABLE IF EXISTS `product_property`;
CREATE TABLE `product_property`  (
  `id` int(10) NOT NULL AUTO_INCREMENT COMMENT '编号',
  `name` varchar(64) CHARACTER SET utf8mb4 COLLATE utf8mb4_general_ci NULL DEFAULT NULL COMMENT '名称',
  `status` tinyint(4) NULL DEFAULT NULL COMMENT '状态',
  `remark` varchar(128) CHARACTER SET utf8mb4 COLLATE utf8mb4_general_ci NULL DEFAULT NULL COMMENT '备注',
  `create_time` datetime(0) NULL DEFAULT CURRENT_TIMESTAMP COMMENT '创建时间',
  `update_time` datetime(0) NULL DEFAULT CURRENT_TIMESTAMP ON UPDATE CURRENT_TIMESTAMP(0) COMMENT '更新时间',
  `creator` varchar(64) CHARACTER SET utf8mb4 COLLATE utf8mb4_general_ci NULL DEFAULT NULL COMMENT '创建人',
  `updater` varchar(64) CHARACTER SET utf8mb4 COLLATE utf8mb4_general_ci NULL DEFAULT NULL COMMENT '更新人',
  `tenant_id` int(10) NOT NULL DEFAULT 0 COMMENT '租户编号',
  `deleted` tinyint(1) NOT NULL DEFAULT b'0' COMMENT '是否删除',
  PRIMARY KEY (`id`) USING BTREE,
  INDEX `idx_name`(`name`(32)) USING BTREE COMMENT '规格名称索引'
) ENGINE = InnoDB AUTO_INCREMENT = 17 CHARACTER SET = utf8mb4 COLLATE = utf8mb4_general_ci COMMENT = '商品属性项' ROW_FORMAT = Dynamic;

INSERT INTO `product_property` VALUES (1, '颜色', 0, '嘿嘿嘿', '2022-09-20 10:25:53', '2022-12-12 23:21:21', '1', '1', 1, b'0');
INSERT INTO `product_property` VALUES (2, '尺寸', 0, '123', '2022-09-20 15:11:04', '2022-12-12 23:19:48', '1', '1', 1, b'0');
INSERT INTO `product_property` VALUES (3, '版本', 0, NULL, '2023-04-26 12:31:30', '2023-04-26 12:31:39', '1', '1', 1, b'0');
INSERT INTO `product_property` VALUES (4, '123', NULL, '', '2023-05-06 22:32:54', '2023-08-31 07:29:00', '1', '1', 1, b'1');
INSERT INTO `product_property` VALUES (5, '哈哈', NULL, '', '2023-05-24 09:19:30', '2023-08-31 07:28:45', '1', '1', 1, b'1');
INSERT INTO `product_property` VALUES (6, '土豆', NULL, '', '2023-05-24 19:58:33', '2023-08-31 07:28:29', '1', '1', 1, b'1');
INSERT INTO `product_property` VALUES (7, 'hhh', NULL, '', '2023-05-24 20:13:09', '2023-08-31 07:28:16', '1', '1', 1, b'1');
INSERT INTO `product_property` VALUES (8, '呵呵', NULL, '2', '2023-05-24 20:14:44', '2023-08-31 07:28:53', '1', '1', 1, b'1');
INSERT INTO `product_property` VALUES (9, '卡卡', NULL, NULL, '2024-01-10 23:47:04', '2023-12-27 08:17:00', '1', '1', 1, b'1');
INSERT INTO `product_property` VALUES (10, '啦啦啦啦', NULL, NULL, '2024-01-11 21:20:29', '2023-12-26 20:01:18', '1', '1', 1, b'1');
INSERT INTO `product_property` VALUES (11, '啦啦啦', NULL, NULL, '2024-01-11 21:30:01', '2023-12-26 20:01:20', '1', '1', 1, b'1');
INSERT INTO `product_property` VALUES (12, '亚瑟', NULL, NULL, '2024-01-11 21:32:04', '2023-12-26 20:01:22', '1', '1', 1, b'1');
INSERT INTO `product_property` VALUES (13, 'xxx', NULL, NULL, '2024-01-11 22:09:30', '2023-12-26 20:01:25', '1', '1', 1, b'1');
INSERT INTO `product_property` VALUES (14, '内存', NULL, NULL, '2024-08-14 00:00:31', '2024-08-14 00:00:31', '1', '1', 1, b'0');
INSERT INTO `product_property` VALUES (15, '硬盘', NULL, NULL, '2024-08-14 00:20:59', '2024-08-14 00:20:59', '1', '1', 1, b'0');
INSERT INTO `product_property` VALUES (16, '重量', NULL, NULL, '2024-08-14 21:53:28', '2024-08-14 21:53:28', '1', '1', 1, b'0');

DROP TABLE IF EXISTS `product_property_value`;
CREATE TABLE `product_property_value`  (
  `id` int(10) NOT NULL AUTO_INCREMENT COMMENT '编号',
  `property_id` int(10) NULL DEFAULT NULL COMMENT '属性项的编号',
  `name` varchar(128) CHARACTER SET utf8mb4 COLLATE utf8mb4_general_ci NULL DEFAULT NULL COMMENT '名称',
  `status` tinyint(4) NULL DEFAULT NULL COMMENT '状态',
  `remark` varchar(128) CHARACTER SET utf8mb4 COLLATE utf8mb4_general_ci NULL DEFAULT NULL COMMENT '备注',
  `create_time` datetime(0) NULL DEFAULT CURRENT_TIMESTAMP COMMENT '创建时间',
  `update_time` datetime(0) NULL DEFAULT CURRENT_TIMESTAMP ON UPDATE CURRENT_TIMESTAMP(0) COMMENT '更新时间',
  `creator` varchar(64) CHARACTER SET utf8mb4 COLLATE utf8mb4_general_ci NULL DEFAULT NULL COMMENT '创建人',
  `updater` varchar(64) CHARACTER SET utf8mb4 COLLATE utf8mb4_general_ci NULL DEFAULT NULL COMMENT '更新人',
  `tenant_id` int(10) NOT NULL DEFAULT 0 COMMENT '租户编号',
  `deleted` tinyint(1) NOT NULL DEFAULT b'0' COMMENT '是否删除',
  PRIMARY KEY (`id`) USING BTREE
) ENGINE = InnoDB AUTO_INCREMENT = 32 CHARACTER SET = utf8mb4 COLLATE = utf8mb4_general_ci COMMENT = '商品属性值' ROW_FORMAT = Dynamic;

INSERT INTO `product_property_value` VALUES (1, 1, '红色', 0, '啊啊啊', '2022-09-20 10:26:10', '2022-09-20 10:26:10', '1', '1', 1, b'0');
INSERT INTO `product_property_value` VALUES (2, 1, '绿色', 0, NULL, '2022-09-20 15:10:52', '2022-09-20 15:10:52', '1', '1', 1, b'0');
INSERT INTO `product_property_value` VALUES (3, 2, '12*12', 0, NULL, '2022-09-20 15:11:23', '2022-09-20 15:11:23', '1', '1', 1, b'0');
INSERT INTO `product_property_value` VALUES (4, 2, '13*13', 0, 'xx', '2022-09-20 15:11:30', '2022-12-12 23:39:40', '1', '1', 1, b'0');
INSERT INTO `product_property_value` VALUES (5, 1, '黑色', 0, NULL, '2023-04-26 12:32:01', '2023-04-26 12:32:06', NULL, NULL, 1, b'0');
INSERT INTO `product_property_value` VALUES (6, 1, '蓝色', 0, NULL, '2023-04-26 12:32:20', '2023-04-26 12:32:20', NULL, NULL, 1, b'0');
INSERT INTO `product_property_value` VALUES (7, 1, '白色', 0, NULL, '2023-04-26 12:32:33', '2023-04-26 12:32:35', NULL, NULL, 1, b'0');
INSERT INTO `product_property_value` VALUES (8, 3, 'CH510', 0, NULL, '2023-04-26 12:32:52', '2023-04-27 16:04:38', NULL, NULL, 1, b'0');
INSERT INTO `product_property_value` VALUES (9, 5, '颜色', NULL, NULL, '2023-05-24 09:19:39', '2023-08-31 07:28:35', '1', '1', 1, b'1');
INSERT INTO `product_property_value` VALUES (10, 5, '绿色', NULL, NULL, '2023-05-24 09:19:43', '2023-08-31 07:28:33', '1', '1', 1, b'1');
INSERT INTO `product_property_value` VALUES (11, 6, '蔬菜', NULL, NULL, '2023-05-24 19:58:43', '2023-08-31 07:28:23', '1', '1', 1, b'1');
INSERT INTO `product_property_value` VALUES (12, 6, '绿豆', NULL, NULL, '2023-05-24 19:58:45', '2023-08-31 07:28:21', '1', '1', 1, b'1');
INSERT INTO `product_property_value` VALUES (13, 6, '111', NULL, NULL, '2023-05-24 20:00:06', '2023-08-31 07:28:20', '1', '1', 1, b'1');
INSERT INTO `product_property_value` VALUES (14, 7, '呵呵呵', NULL, NULL, '2023-05-24 20:13:13', '2023-08-31 07:28:12', '1', '1', 1, b'1');
INSERT INTO `product_property_value` VALUES (15, 7, '嘿嘿', NULL, NULL, '2023-05-24 20:13:16', '2023-08-31 07:28:10', '1', '1', 1, b'1');
INSERT INTO `product_property_value` VALUES (16, 8, '哈哈', NULL, NULL, '2023-05-24 20:14:48', '2023-08-31 07:28:49', '1', '1', 1, b'1');
INSERT INTO `product_property_value` VALUES (17, 8, '呵呵', NULL, NULL, '2023-05-24 20:14:50', '2023-08-31 07:28:48', '1', '1', 1, b'1');
INSERT INTO `product_property_value` VALUES (18, 1, '雅丹黑', NULL, NULL, '2023-08-31 14:50:58', '2023-08-31 14:50:58', '1', '1', 1, b'0');
INSERT INTO `product_property_value` VALUES (19, 1, '雅川青', NULL, NULL, '2023-08-31 14:51:14', '2023-08-31 14:51:14', '1', '1', 1, b'0');
INSERT INTO `product_property_value` VALUES (20, 1, '白沙银', NULL, NULL, '2023-08-31 14:51:28', '2023-08-31 14:51:28', '1', '1', 1, b'0');
INSERT INTO `product_property_value` VALUES (21, 1, '南糯紫', NULL, NULL, '2023-08-31 14:51:38', '2023-08-31 14:51:38', '1', '1', 1, b'0');
INSERT INTO `product_property_value` VALUES (22, 9, 'biubiu', NULL, NULL, '2024-01-10 23:47:08', '2023-12-27 08:16:50', '1', '1', 1, b'1');
INSERT INTO `product_property_value` VALUES (23, 9, '啦啦啦', NULL, NULL, '2024-01-10 23:47:10', '2023-12-27 08:16:52', '1', '1', 1, b'1');
INSERT INTO `product_property_value` VALUES (24, 1, '黄色', NULL, NULL, '2024-01-11 21:26:23', '2024-01-11 21:26:23', '1', '1', 1, b'0');
INSERT INTO `product_property_value` VALUES (25, 9, '咧咧', NULL, '', '2024-01-12 23:07:03', '2023-12-27 08:16:54', '1', '1', 1, b'1');
INSERT INTO `product_property_value` VALUES (26, 2, '4', NULL, NULL, '2024-08-14 00:36:36', '2024-08-14 00:36:36', '1', '1', 1, b'0');
INSERT INTO `product_property_value` VALUES (27, 2, '3', NULL, NULL, '2024-08-14 00:36:39', '2024-08-14 00:36:39', '1', '1', 1, b'0');
INSERT INTO `product_property_value` VALUES (28, 2, '27', NULL, NULL, '2024-08-14 00:46:15', '2024-08-14 00:46:15', '1', '1', 1, b'0');
INSERT INTO `product_property_value` VALUES (29, 1, '颜色', NULL, NULL, '2024-08-14 13:01:53', '2024-08-14 13:01:53', '1', '1', 1, b'0');
INSERT INTO `product_property_value` VALUES (30, 16, '大', NULL, NULL, '2024-08-14 21:53:36', '2024-08-14 21:53:36', '1', '1', 1, b'0');
INSERT INTO `product_property_value` VALUES (31, 16, '中', NULL, NULL, '2024-08-14 21:53:39', '2024-08-14 21:53:39', '1', '1', 1, b'0');

DROP TABLE IF EXISTS `product_sku`;
CREATE TABLE `product_sku`  (
  `id` int(10) NOT NULL AUTO_INCREMENT COMMENT '主键',
  `spu_id` int(10) NOT NULL COMMENT 'spu编号',
  `properties` varchar(512) CHARACTER SET utf8mb4 COLLATE utf8mb4_unicode_ci NULL DEFAULT NULL COMMENT '属性数组，JSON 格式 [{propertId: , valueId: }, {propertId: , valueId: }]',
  `price` int(11) NOT NULL DEFAULT -1 COMMENT '商品价格，单位：分',
  `market_price` int(11) NULL DEFAULT NULL COMMENT '市场价，单位：分',
  `cost_price` int(11) NOT NULL DEFAULT -1 COMMENT '成本价，单位： 分',
  `bar_code` varchar(64) CHARACTER SET utf8mb4 COLLATE utf8mb4_unicode_ci NULL DEFAULT NULL COMMENT 'SKU 的条形码',
  `pic_url` varchar(256) CHARACTER SET utf8mb4 COLLATE utf8mb4_unicode_ci NOT NULL COMMENT '图片地址',
  `stock` int(11) NULL DEFAULT NULL COMMENT '库存',
  `weight` double NULL DEFAULT NULL COMMENT '商品重量，单位：kg 千克',
  `volume` double NULL DEFAULT NULL COMMENT '商品体积，单位：m^3 平米',
  `first_brokerage_price` int(11) NULL DEFAULT NULL COMMENT '一级分销的佣金，单位：分',
  `second_brokerage_price` int(11) NULL DEFAULT NULL COMMENT '二级分销的佣金，单位：分',
  `sales_count` int(11) NULL DEFAULT NULL COMMENT '商品销量',
  `create_time` datetime(0) NULL DEFAULT CURRENT_TIMESTAMP COMMENT '创建时间',
  `update_time` datetime(0) NULL DEFAULT CURRENT_TIMESTAMP ON UPDATE CURRENT_TIMESTAMP(0) COMMENT '更新时间',
  `creator` varchar(64) CHARACTER SET utf8mb4 COLLATE utf8mb4_unicode_ci NULL DEFAULT NULL COMMENT '创建人',
  `updater` double(64, 0) NULL DEFAULT NULL COMMENT '更新人',
  `deleted` tinyint(1) NOT NULL DEFAULT b'0' COMMENT '是否删除',
  `tenant_id` int(10) NOT NULL DEFAULT 0 COMMENT '租户编号',
  PRIMARY KEY (`id`) USING BTREE
) ENGINE = InnoDB AUTO_INCREMENT = 38 CHARACTER SET = utf8mb4 COLLATE = utf8mb4_unicode_ci COMMENT = '商品sku' ROW_FORMAT = Dynamic;

INSERT INTO `product_sku` VALUES (1, 633, '[{\"propertyId\":1,\"propertyName\":\"颜色\",\"valueId\":5,\"valueName\":\"黑色\"},{\"propertyId\":3,\"propertyName\":\"版本\",\"valueId\":8,\"valueName\":\"CH510\"}]', 34900, 34900, 1, NULL, 'https://static.iocoder.cn/mall/a79f5d2ea6bf0c3c11b2127332dfe2df.jpg', 919, NULL, NULL, 0, 0, 45, '2023-04-26 12:37:28', '2025-05-10 08:40:27', NULL, 1, b'0', 1);
INSERT INTO `product_sku` VALUES (2, 633, '[{\"propertyId\":1,\"propertyName\":\"颜色\",\"valueId\":6,\"valueName\":\"蓝色\"},{\"propertyId\":3,\"propertyName\":\"版本\",\"valueId\":8,\"valueName\":\"CH510\"}]', 38800, 34900, 2, NULL, 'https://static.iocoder.cn/mall/a79f5d2ea6bf0c3c11b2127332dfe2df.jpg', 170, NULL, NULL, 0, 0, 37, '2023-04-26 12:37:28', '2025-04-28 04:52:49', NULL, 1, b'0', 1);
INSERT INTO `product_sku` VALUES (3, 633, '[{\"propertyId\":1,\"propertyName\":\"颜色\",\"valueId\":7,\"valueName\":\"白色\"},{\"propertyId\":3,\"propertyName\":\"版本\",\"valueId\":8,\"valueName\":\"CH510\"}]', 32200, 34900, 3, NULL, 'https://static.iocoder.cn/mall/a79f5d2ea6bf0c3c11b2127332dfe2df.jpg', 199, NULL, NULL, 0, 0, 102, '2023-04-26 12:37:28', '2025-04-28 12:52:48', NULL, 1, b'0', 1);
INSERT INTO `product_sku` VALUES (10, 101, '[{\"propertyId\": 1, \"proertyName\": \"颜色\", \"valueId\": 5, \"valueName\": \"黑色\"}, {\"propertyId\": 3, \"propertyName\": \"版本\", \"valueId\": 8, \"valueName\": \"CH510\"}]', 3, 34900, -1, NULL, 'https://static.iocoder.cn/mall/a79f5d2ea6bf0c3c11b2127332dfe2df.jpg', 10, NULL, NULL, NULL, NULL, 17, '2023-04-26 12:37:28', '2023-08-31 06:19:05', NULL, NULL, b'1', 1);
INSERT INTO `product_sku` VALUES (11, 101, '[{\"propertyId\": 1, \"proertyName\": \"颜色\", \"valueId\": 6, \"valueName\": \"蓝色\"}, {\"propertyId\": 3, \"propertyName\": \"版本\", \"valueId\": 8, \"valueName\": \"CH510\"}]', 2, 34900, -1, NULL, 'https://static.iocoder.cn/mall/a79f5d2ea6bf0c3c11b2127332dfe2df.jpg', 94, NULL, NULL, NULL, NULL, 5, '2023-04-26 12:37:28', '2023-08-31 06:19:05', NULL, NULL, b'1', 1);
INSERT INTO `product_sku` VALUES (12, 101, '[{\"propertyId\": 1, \"proertyName\": \"颜色\", \"valueId\": 7, \"valueName\": \"白色\"}, {\"propertyId\": 3, \"propertyName\": \"版本\", \"valueId\": 8, \"valueName\": \"CH510\"}]', 1, 34900, -1, NULL, 'https://static.iocoder.cn/mall/a79f5d2ea6bf0c3c11b2127332dfe2df.jpg', 200, NULL, NULL, NULL, NULL, 100, '2023-04-26 12:37:28', '2023-08-31 06:19:05', NULL, NULL, b'1', 1);
INSERT INTO `product_sku` VALUES (13, 109, '[{\"propertyId\": 0, \"propertyName\": \"默认\", \"valueId\": 0, \"valueName\": \"默认\"}]', 100, 200, 300, 'aoteman', 'http://127.0.0.1:48080/admin-api/infra/file/4/get/4a6abcedf41e718bfed8bab975fdc0b7f23bff4c21b7993f008e52e81d4869a5.png', 0, 0, 0, 0, 0, NULL, '2023-06-05 23:30:18', '2023-08-31 06:19:07', '1', 1, b'1', 1);
INSERT INTO `product_sku` VALUES (14, 634, '[{\"propertyId\":1,\"propertyName\":\"颜色\",\"valueId\":18,\"valueName\":\"雅丹黑\"}]', 699900, 699900, 699900, '2601010452841', 'http://127.0.0.1:48080/admin-api/infra/file/4/get/49009b73d392657c85bed2e82e22b09720e7c68466b8565c8b2f6c00e03b705e.jpg', 88, 0, 0, 0, 0, NULL, '2023-08-31 20:30:27', '2025-04-26 10:43:15', '1', 1, b'0', 1);
INSERT INTO `product_sku` VALUES (15, 634, '[{\"propertyId\":1,\"propertyName\":\"颜色\",\"valueId\":19,\"valueName\":\"雅川青\"}]', 699900, 699900, 699900, '2601010452842', 'http://127.0.0.1:48080/admin-api/infra/file/4/get/3661b4ca3b922d31bef4440a7d68f9112b8f529ba160b3278bb0b5158384abf6.jpg', 196, 0, 0, 0, 0, NULL, '2023-08-31 20:30:27', '2025-04-26 11:04:16', '1', 1, b'0', 1);
INSERT INTO `product_sku` VALUES (16, 634, '[{\"propertyId\":1,\"propertyName\":\"颜色\",\"valueId\":20,\"valueName\":\"白沙银\"}]', 699900, 699900, 699900, '2601010452847', 'http://127.0.0.1:48080/admin-api/infra/file/4/get/44c8288cd79d2e7df3a80244e519e5fd98c43c9264335f0cbe2fda2445198e45.jpg', 290, 0, 0, 0, 0, NULL, '2023-08-31 20:30:27', '2024-09-07 05:24:30', '1', 1, b'0', 1);
INSERT INTO `product_sku` VALUES (17, 634, '[{\"propertyId\":1,\"propertyName\":\"颜色\",\"valueId\":21,\"valueName\":\"南糯紫\"}]', 699900, 699900, 699900, '2601010452844', 'http://127.0.0.1:48080/admin-api/infra/file/4/get/23c7564ad843c326296c17c16dd1d2749a421ae81c416fe9e94fb1d310c02ed5.jpg', 401, 0, 0, 0, 0, NULL, '2023-08-31 20:30:27', '2024-03-01 19:35:34', '1', 1, b'0', 1);
INSERT INTO `product_sku` VALUES (18, 635, '[{\"propertyId\":1,\"propertyName\":\"颜色\",\"valueId\":5,\"valueName\":\"黑色\"},{\"propertyId\":3,\"propertyName\":\"版本\",\"valueId\":8,\"valueName\":\"CH510\"}]', 1, 34900, 1, NULL, 'https://static.iocoder.cn/mall/a79f5d2ea6bf0c3c11b2127332dfe2df.jpg', 23, NULL, NULL, 0, 0, NULL, '2023-10-01 20:04:50', '2023-12-20 23:07:14', '1', 1, b'1', 1);
INSERT INTO `product_sku` VALUES (19, 635, '[{\"propertyId\":1,\"propertyName\":\"颜色\",\"valueId\":6,\"valueName\":\"蓝色\"},{\"propertyId\":3,\"propertyName\":\"版本\",\"valueId\":8,\"valueName\":\"CH510\"}]', 5, 34900, 1, NULL, 'https://static.iocoder.cn/mall/a79f5d2ea6bf0c3c11b2127332dfe2df.jpg', 98, NULL, NULL, 0, 0, NULL, '2023-10-01 20:04:50', '2023-10-01 12:47:49', '1', 1, b'1', 1);
INSERT INTO `product_sku` VALUES (20, 635, '[{\"propertyId\":1,\"propertyName\":\"颜色\",\"valueId\":7,\"valueName\":\"白色\"},{\"propertyId\":3,\"propertyName\":\"版本\",\"valueId\":8,\"valueName\":\"CH510\"}]', 4, 34900, 1, NULL, 'https://static.iocoder.cn/mall/a79f5d2ea6bf0c3c11b2127332dfe2df.jpg', 203, NULL, NULL, 0, 0, NULL, '2023-10-01 20:04:50', '2023-10-01 12:47:49', '1', 1, b'1', 1);
INSERT INTO `product_sku` VALUES (21, 636, '[{\"propertyId\":1,\"propertyName\":\"颜色\",\"valueId\":5,\"valueName\":\"黑色\"},{\"propertyId\":3,\"propertyName\":\"版本\",\"valueId\":8,\"valueName\":\"CH510\"}]', 6, 34900, 1, NULL, 'https://static.iocoder.cn/mall/a79f5d2ea6bf0c3c11b2127332dfe2df.jpg', 23, NULL, NULL, 0, 0, NULL, '2023-10-01 20:46:33', '2023-10-01 12:47:52', '1', 1, b'1', 1);
INSERT INTO `product_sku` VALUES (22, 636, '[{\"propertyId\":1,\"propertyName\":\"颜色\",\"valueId\":6,\"valueName\":\"蓝色\"},{\"propertyId\":3,\"propertyName\":\"版本\",\"valueId\":8,\"valueName\":\"CH510\"}]', 5, 34900, 1, NULL, 'https://static.iocoder.cn/mall/a79f5d2ea6bf0c3c11b2127332dfe2df.jpg', 98, NULL, NULL, 0, 0, NULL, '2023-10-01 20:46:33', '2023-10-01 12:47:52', '1', 1, b'1', 1);
INSERT INTO `product_sku` VALUES (23, 636, '[{\"propertyId\":1,\"propertyName\":\"颜色\",\"valueId\":7,\"valueName\":\"白色\"},{\"propertyId\":3,\"propertyName\":\"版本\",\"valueId\":8,\"valueName\":\"CH510\"}]', 4, 34900, 1, NULL, 'https://static.iocoder.cn/mall/a79f5d2ea6bf0c3c11b2127332dfe2df.jpg', 0, NULL, NULL, 0, 0, NULL, '2023-10-01 20:46:33', '2023-12-10 02:09:45', '1', 1, b'1', 1);
INSERT INTO `product_sku` VALUES (24, 637, '[{\"propertyId\":0,\"propertyName\":\"默认\",\"valueId\":0,\"valueName\":\"默认\"}]', 100, 200, 300, '1', '', 4, 5, 6, 0, 0, NULL, '2024-01-10 23:39:25', '2023-12-26 09:39:51', '1', 1, b'1', 1);
INSERT INTO `product_sku` VALUES (25, 637, '[{\"propertyId\":9,\"propertyName\":\"卡卡\",\"valueId\":22,\"valueName\":\"biubiu\"}]', 100, 300, 500, '123', '', 7, 9, 0, 0, 0, NULL, '2024-01-10 23:47:29', '2024-10-13 21:15:56', '1', 1, b'1', 1);
INSERT INTO `product_sku` VALUES (26, 637, '[{\"propertyId\":9,\"propertyName\":\"卡卡\",\"valueId\":23,\"valueName\":\"啦啦啦\"}]', 200, 400, 600, '2332', '', 8, 10, 0, 0, 0, NULL, '2024-01-10 23:47:29', '2024-10-13 21:15:56', '1', 1, b'1', 1);
INSERT INTO `product_sku` VALUES (27, 638, '[{\"propertyId\":0,\"propertyName\":\"默认\",\"valueId\":0,\"valueName\":\"默认\"}]', 100, 200, 300, '', '', 4, 5, 6, 0, 0, NULL, '2024-01-11 21:42:18', '2023-12-26 13:35:24', '1', 1, b'1', 1);
INSERT INTO `product_sku` VALUES (28, 638, '[{\"propertyId\":1,\"propertyName\":\"颜色\",\"valueId\":6,\"valueName\":\"蓝色\"}]', 100, 200, 300, '啦啦啦', '', 4, 5, 6, 0, 0, NULL, '2024-01-11 21:54:16', '2024-01-12 22:13:59', '1', 1, b'0', 1);
INSERT INTO `product_sku` VALUES (29, 639, '[{\"propertyId\":0,\"propertyName\":\"默认\",\"valueId\":0,\"valueName\":\"默认\"}]', 100, 200, 300, '', '', 4, 5, 6, 0, 0, NULL, '2024-01-12 22:16:27', '2024-07-13 22:22:54', '1', 1, b'0', 1);
INSERT INTO `product_sku` VALUES (30, 640, '[{\"propertyId\":1,\"propertyName\":\"颜色\",\"valueId\":1,\"valueName\":\"红色\"}]', 300, 500, 700, '11', '', 9, 11, 13, 0, 0, NULL, '2024-07-13 22:25:10', '2024-08-14 21:53:55', '1', 1, b'1', 1);
INSERT INTO `product_sku` VALUES (31, 640, '[{\"propertyId\":1,\"propertyName\":\"颜色\",\"valueId\":6,\"valueName\":\"蓝色\"}]', 400, 1, 800, '222', '', 10, 12, 14, 0, 0, NULL, '2024-07-13 22:25:10', '2024-08-14 21:53:55', '1', 1, b'1', 1);
INSERT INTO `product_sku` VALUES (32, 640, '[{\"propertyId\":1,\"propertyName\":\"颜色\",\"valueId\":1,\"valueName\":\"红色\"},{\"propertyId\":16,\"propertyName\":\"重量\",\"valueId\":30,\"valueName\":\"大\"}]', 100, 500, 900, '', '', 0, 0, 0, 0, 0, NULL, '2024-08-14 21:53:55', '2025-05-01 18:45:37', '1', 1, b'0', 1);
INSERT INTO `product_sku` VALUES (33, 640, '[{\"propertyId\":1,\"propertyName\":\"颜色\",\"valueId\":6,\"valueName\":\"蓝色\"},{\"propertyId\":16,\"propertyName\":\"重量\",\"valueId\":30,\"valueName\":\"大\"}]', 200, 600, 1000, '', '', 0, 0, 0, 0, 0, NULL, '2024-08-14 21:53:55', '2025-05-01 18:45:37', '1', 1, b'0', 1);
INSERT INTO `product_sku` VALUES (34, 640, '[{\"propertyId\":1,\"propertyName\":\"颜色\",\"valueId\":1,\"valueName\":\"红色\"},{\"propertyId\":16,\"propertyName\":\"重量\",\"valueId\":31,\"valueName\":\"中\"}]', 300, 700, 1100, '', '', 0, 0, 0, 0, 0, NULL, '2024-08-14 21:53:55', '2025-05-01 18:45:37', '1', 1, b'0', 1);
INSERT INTO `product_sku` VALUES (35, 640, '[{\"propertyId\":1,\"propertyName\":\"颜色\",\"valueId\":6,\"valueName\":\"蓝色\"},{\"propertyId\":16,\"propertyName\":\"重量\",\"valueId\":31,\"valueName\":\"中\"}]', 400, 800, 1200, '', '', 0, 0, 0, 0, 0, NULL, '2024-08-14 21:53:55', '2025-05-01 18:45:37', '1', 1, b'0', 1);
INSERT INTO `product_sku` VALUES (36, 637, '[{\"propertyId\":0,\"propertyName\":\"默认\",\"valueId\":0,\"valueName\":\"默认\"}]', 100, 200, 300, '1', '', 4, 5, 0, 0, 0, NULL, '2024-10-13 21:15:56', '2024-10-13 21:15:56', '1', 1, b'0', 1);
INSERT INTO `product_sku` VALUES (37, 641, '[{\"propertyId\":0,\"propertyName\":\"默认\",\"valueId\":0,\"valueName\":\"默认\"}]', 1, 1, 1, '', '', 9977, 0, 0, 0, 0, NULL, '2025-05-05 20:36:34', '2025-05-11 09:37:38', '1', 1, b'0', 1);

DROP TABLE IF EXISTS `product_spu`;
CREATE TABLE `product_spu`  (
  `id` int(10) NOT NULL AUTO_INCREMENT COMMENT '商品 SPU 编号，自增',
  `name` varchar(128) CHARACTER SET utf8mb4 COLLATE utf8mb4_unicode_ci NOT NULL COMMENT '商品名称',
  `keyword` varchar(256) CHARACTER SET utf8mb4 COLLATE utf8mb4_unicode_ci NULL DEFAULT NULL COMMENT '关键字',
  `introduction` varchar(256) CHARACTER SET utf8mb4 COLLATE utf8mb4_unicode_ci NULL DEFAULT NULL COMMENT '商品简介',
  `description` text CHARACTER SET utf8mb4 COLLATE utf8mb4_unicode_ci NULL COMMENT '商品详情',
  `category_id` int(10) NOT NULL COMMENT '商品分类编号',
  `brand_id` int(11) NULL DEFAULT NULL COMMENT '商品品牌编号',
  `pic_url` varchar(256) CHARACTER SET utf8mb4 COLLATE utf8mb4_unicode_ci NOT NULL COMMENT '商品封面图',
  `slider_pic_urls` varchar(2000) CHARACTER SET utf8mb4 COLLATE utf8mb4_unicode_ci NULL DEFAULT '' COMMENT '商品轮播图地址\n 数组，以逗号分隔\n 最多上传15张',
  `sort` int(11) NOT NULL DEFAULT 0 COMMENT '排序字段',
  `status` tinyint(4) NOT NULL COMMENT '商品状态: 1 上架（开启） 0 下架（禁用） -1 回收',
  `spec_type` tinyint(1) NULL DEFAULT NULL COMMENT '规格类型：0 单规格 1 多规格',
  `price` int(11) NOT NULL DEFAULT -1 COMMENT '商品价格，单位使用：分',
  `market_price` int(11) NULL DEFAULT NULL COMMENT '市场价，单位使用：分',
  `cost_price` int(11) NOT NULL DEFAULT -1 COMMENT '成本价，单位： 分',
  `stock` int(11) NOT NULL DEFAULT 0 COMMENT '库存',
  `delivery_types` varchar(32) CHARACTER SET utf8mb4 COLLATE utf8mb4_unicode_ci NOT NULL DEFAULT '' COMMENT '配送方式数组',
  `delivery_template_id` int(10) NULL DEFAULT NULL COMMENT '物流配置模板编号',
  `give_integral` int(11) NOT NULL DEFAULT 0 COMMENT '赠送积分',
  `sub_commission_type` tinyint(1) NULL DEFAULT NULL COMMENT '分销类型',
  `sales_count` int(11) NULL DEFAULT 0 COMMENT '商品销量',
  `virtual_sales_count` int(11) NULL DEFAULT 0 COMMENT '虚拟销量',
  `browse_count` int(11) NULL DEFAULT 0 COMMENT '商品点击量',
  `create_time` datetime(0) NULL DEFAULT CURRENT_TIMESTAMP COMMENT '创建时间',
  `update_time` datetime(0) NULL DEFAULT CURRENT_TIMESTAMP ON UPDATE CURRENT_TIMESTAMP(0) COMMENT '更新时间',
  `creator` varchar(64) CHARACTER SET utf8mb4 COLLATE utf8mb4_unicode_ci NULL DEFAULT NULL COMMENT '创建人',
  `updater` varchar(64) CHARACTER SET utf8mb4 COLLATE utf8mb4_unicode_ci NULL DEFAULT NULL COMMENT '更新人',
  `deleted` tinyint(1) NOT NULL DEFAULT b'0' COMMENT '是否删除',
  `tenant_id` int(10) NOT NULL DEFAULT 0 COMMENT '租户编号',
  PRIMARY KEY (`id`) USING BTREE
) ENGINE = InnoDB AUTO_INCREMENT = 642 CHARACTER SET = utf8mb4 COLLATE = utf8mb4_unicode_ci COMMENT = '商品spu' ROW_FORMAT = Dynamic;

INSERT INTO `product_spu` VALUES (1, '【潮】Nike Air Jordan aj1 low GS耐克板鞋女子秋季低帮休闲防滑运动耐磨篮球鞋 DC0774-105', NULL, NULL, NULL, 20, NULL, 'https://demo26.crmeb.net/uploads/attach/2021/11/15/mid_1ee126538975da13beb3496d90eaad90.jpg', '', 0, -1, NULL, 100, NULL, -1, 10, '', 0, 0, NULL, 10, 20, 0, '2023-04-26 07:01:29', '2023-08-31 06:19:01', NULL, '1', b'1', 1);
INSERT INTO `product_spu` VALUES (2, '诺米家居 矿石博览馆系列藤条香氛无火香薰精油卧室助眠除臭', NULL, NULL, NULL, 19, NULL, 'https://demo26.crmeb.net/uploads/attach/2021/11/20211113/big_3bb9729b7b748b2f297df7bacac2f236.png', '', 0, -1, NULL, 4500, NULL, -1, 20, '', 0, 0, NULL, 10, 20, 0, '2023-04-26 07:01:29', '2023-08-31 06:19:03', NULL, '1', b'1', 1);
INSERT INTO `product_spu` VALUES (101, '索尼（SONY）WH-CH510 无线立体声耳机', '耳机', '我是快乐的简介', '<p><img style=\"max-width:100%;height:auto;float:left;display:block\" src=\"https://demo26.crmeb.net/uploads/attach/2021/12/20211210/099f261f18576902c4a18209d062a3fd.jpg\"><img style=\"max-width:100%;height:auto;float:left;display:block\" src=\"https://demo26.crmeb.net/uploads/attach/2021/12/20211210/debdb191a4d1bc1bda8a989dbd7afd23.jpg\"><img style=\"max-width:100%;height:auto;float:left;display:block\" src=\"https://demo26.crmeb.net/uploads/attach/2021/12/20211210/ee1618b3334641c707cadbb9e14a5bae.jpg\"><img style=\"max-width:100%;height:auto;float:left;display:block\" src=\"https://demo26.crmeb.net/uploads/attach/2021/12/20211210/1251259c8968cdce993e47dd121b50a7.jpg\"></p>', 19, NULL, 'https://demo26.crmeb.net/uploads/attach/2021/11/15/a79f5d2ea6bf0c3c11b2127332dfe2df.jpg', '[\"https://demo26.crmeb.net/uploads/attach/2021/11/15/a79f5d2ea6bf0c3c11b2127332dfe2df.jpg\",\"https://demo26.crmeb.net/uploads/attach/2021/11/15/7f46e98ece1920e1a4082dfc72bcd72a.jpg\",\"https://demo26.crmeb.net/uploads/attach/2021/11/15/bfb275263d02ab081b8670a752f2823f.jpg\",\"https://demo26.crmeb.net/uploads/attach/2021/11/15/e499a4dc489cda7b8d472cb3a3b348b7.jpg\",\"https://demo26.crmeb.net/uploads/attach/2021/11/15/06fa150a47163e973bb4806a380afaab.jpg\"]', 0, -1, b'1', 29900, 34900, -1, 273, '', 0, 0, NULL, 30, 40, 0, '2023-04-26 12:29:19', '2023-08-31 06:19:05', NULL, '1', b'1', 1);
INSERT INTO `product_spu` VALUES (109, '单个 sku 商品', '哈哈哈哈', '111', '<p>123321</p>', 27, 1, 'http://127.0.0.1:48080/admin-api/infra/file/4/get/93332ead43f162c65f909214971afaa11f44d1739877bceb5102688ac8ad933e.jpg', '[\"http://127.0.0.1:48080/admin-api/infra/file/4/get/93332ead43f162c65f909214971afaa11f44d1739877bceb5102688ac8ad933e.jpg\",\"http://127.0.0.1:48080/admin-api/infra/file/4/get/a9f677c21d96b364f52aa85017aff793ab056ba973eb9e356b27b676ded4c621.jpg\"]', 0, -1, b'0', 100, 200, 300, 10, '', 1, 0, b'0', 0, 0, 0, '2023-06-05 23:30:18', '2023-08-31 06:19:07', '1', '1', b'1', 1);
INSERT INTO `product_spu` VALUES (633, '索尼（SONY）WH-CH510 无线立体声耳机 学生网课', '耳机', '我是快乐的简介', '<p><img src=\"https://static.iocoder.cn/mall/099f261f18576902c4a18209d062a3fd.jpg\" alt=\"\" data-href=\"\" style=\"height: auto;\"/><img src=\"https://static.iocoder.cn/mall/ee1618b3334641c707cadbb9e14a5bae.jpg\" alt=\"\" data-href=\"\" style=\"height: auto;\"/><img src=\"https://static.iocoder.cn/mall/1251259c8968cdce993e47dd121b50a7.jpg\" alt=\"\" data-href=\"\" style=\"height: auto;\"/></p>', 52, 3, 'https://static.iocoder.cn/mall/a79f5d2ea6bf0c3c11b2127332dfe2df.jpg', '[\"https://static.iocoder.cn/mall/a79f5d2ea6bf0c3c11b2127332dfe2df.jpg\",\"https://static.iocoder.cn/mall/7f46e98ece1920e1a4082dfc72bcd72a.jpg\",\"https://static.iocoder.cn/mall/bfb275263d02ab081b8670a752f2823f.jpg\",\"https://static.iocoder.cn/mall/e499a4dc489cda7b8d472cb3a3b348b7.jpg\",\"https://static.iocoder.cn/mall/06fa150a47163e973bb4806a380afaab.jpg\"]', 0, 1, b'1', 32200, 34900, 1, 1288, '1,2', 1, 0, b'0', 31, 40, 820, '2023-04-26 12:29:19', '2025-09-20 20:39:29', NULL, '1', b'0', 1);
INSERT INTO `product_spu` VALUES (634, 'HUAWEI Mate 60 Pro', '遥遥领先', '卫星通话，超可靠玄武架构，全焦段超清影像', '<p><img src=\"http://test.yudao.iocoder.cn/df93943f5e726738db48abbe18161411c2bf808200309096a679369d36731e81.jpg\" alt=\"image\" data-href=\"http://test.yudao.iocoder.cn/df93943f5e726738db48abbe18161411c2bf808200309096a679369d36731e81.jpg\" style=\"\"/></p>', 48, 1, 'http://test.yudao.iocoder.cn/49009b73d392657c85bed2e82e22b09720e7c68466b8565c8b2f6c00e03b705e.jpg', '[\"http://test.yudao.iocoder.cn/3661b4ca3b922d31bef4440a7d68f9112b8f529ba160b3278bb0b5158384abf6.jpg\",\"http://test.yudao.iocoder.cn/44c8288cd79d2e7df3a80244e519e5fd98c43c9264335f0cbe2fda2445198e45.jpg\",\"http://test.yudao.iocoder.cn/23c7564ad843c326296c17c16dd1d2749a421ae81c416fe9e94fb1d310c02ed5.jpg\",\"http://test.yudao.iocoder.cn/02a82a7b16987dc14c38378532a3a5b0fb34a3320fc020f1e83a5090f35193c8.jpg\"]', 0, 1, b'1', 699900, 699900, 699900, 975, '1', 1, 0, b'0', 8, 0, 2107, '2023-08-31 20:30:27', '2025-09-20 20:34:18', '1', '1', b'0', 1);
INSERT INTO `product_spu` VALUES (635, '索尼（SONY）WH-CH510 无线立体声耳机 学生网课 白色', '耳机', '我是快乐的简介', '<p><img src=\"https://static.iocoder.cn/mall/099f261f18576902c4a18209d062a3fd.jpg\" alt=\"\" data-href=\"\" style=\"height: auto;\"/><img src=\"https://static.iocoder.cn/mall/ee1618b3334641c707cadbb9e14a5bae.jpg\" alt=\"\" data-href=\"\" style=\"height: auto;\"/><img src=\"https://static.iocoder.cn/mall/1251259c8968cdce993e47dd121b50a7.jpg\" alt=\"\" data-href=\"\" style=\"height: auto;\"/></p>', 28, 3, 'https://static.iocoder.cn/mall/a79f5d2ea6bf0c3c11b2127332dfe2df.jpg', '[\"https://static.iocoder.cn/mall/a79f5d2ea6bf0c3c11b2127332dfe2df.jpg\",\"https://static.iocoder.cn/mall/7f46e98ece1920e1a4082dfc72bcd72a.jpg\",\"https://static.iocoder.cn/mall/bfb275263d02ab081b8670a752f2823f.jpg\",\"https://static.iocoder.cn/mall/e499a4dc489cda7b8d472cb3a3b348b7.jpg\",\"https://static.iocoder.cn/mall/06fa150a47163e973bb4806a380afaab.jpg\"]', 0, -1, b'1', 4, 34900, 1, 324, '', 1, 0, b'0', 0, 40, 0, '2023-10-01 20:04:50', '2023-12-15 05:01:03', '1', '1', b'1', 1);
INSERT INTO `product_spu` VALUES (636, '索尼（SONY）WH-CH510 无线立体声耳机 学生网课 白色', '耳机', '我是快乐的简介', '<p><img src=\"https://static.iocoder.cn/mall/099f261f18576902c4a18209d062a3fd.jpg\" alt=\"\" data-href=\"\" style=\"height: auto;\"/><img src=\"https://static.iocoder.cn/mall/ee1618b3334641c707cadbb9e14a5bae.jpg\" alt=\"\" data-href=\"\" style=\"height: auto;\"/><img src=\"https://static.iocoder.cn/mall/1251259c8968cdce993e47dd121b50a7.jpg\" alt=\"\" data-href=\"\" style=\"height: auto;\"/></p>', 28, 3, 'https://static.iocoder.cn/mall/a79f5d2ea6bf0c3c11b2127332dfe2df.jpg', '[\"https://static.iocoder.cn/mall/a79f5d2ea6bf0c3c11b2127332dfe2df.jpg\",\"https://static.iocoder.cn/mall/7f46e98ece1920e1a4082dfc72bcd72a.jpg\",\"https://static.iocoder.cn/mall/bfb275263d02ab081b8670a752f2823f.jpg\",\"https://static.iocoder.cn/mall/e499a4dc489cda7b8d472cb3a3b348b7.jpg\",\"https://static.iocoder.cn/mall/06fa150a47163e973bb4806a380afaab.jpg\"]', 0, -1, b'1', 4, 34900, 1, 324, '', 1, 0, b'0', 0, 40, 0, '2023-10-01 20:46:33', '2023-12-15 05:01:02', '1', '1', b'1', 1);
INSERT INTO `product_spu` VALUES (637, '新界面', '啦啦啦', '我就简单说几句', '<p>213213123</p>', 19, 1, 'http://127.0.0.1:48080/admin-api/infra/file/4/get/d8c88ec4b865073945319d638f7159170b5dff988b9119642edcdb04eba7fe72.jpg', '[\"http://127.0.0.1:48080/admin-api/infra/file/4/get/69f6e10fe8009b37ccaf6d88f8d2889a4586af52bdfd7c7fa094a0fffc1782b3.jpg\"]', 0, 1, b'0', 100, 200, 300, 4, '2', 1, 0, b'0', 0, 0, 8, '2024-01-10 23:39:25', '2025-04-27 13:40:08', '1', '1', b'0', 1);
INSERT INTO `product_spu` VALUES (638, '测试商品01', '1', '2', '<p>qqwww</p>', 19, 1, 'http://127.0.0.1:48080/admin-api/infra/file/4/get/77d9882fe30dfafcfc64a28b1eddd1cd09f318b11a761825e2f84f7b68283209.jpg', '[\"http://127.0.0.1:48080/admin-api/infra/file/4/get/c0b8448d205d5b5b8e6ddafde4c60d523303af738875df82f75710668717d588.png\"]', 0, 0, b'1', 100, 200, 300, 4, '2', 4, 0, b'0', 0, 111, 11, '2024-01-11 21:42:18', '2025-04-27 15:06:20', '1', '1', b'0', 1);
INSERT INTO `product_spu` VALUES (639, '旧的界面', '1024', '2048', '<p>qq</p>', 19, 2, 'http://127.0.0.1:48080/admin-api/infra/file/4/get/d8c88ec4b865073945319d638f7159170b5dff988b9119642edcdb04eba7fe72.jpg', '[\"http://127.0.0.1:48080/admin-api/infra/file/4/get/8fcc4f5a7952d8c0feb21c0cac7459ca5cdc11311186b75f36187ebba8a2f128.jpg\"]', 0, 1, b'0', 100, 200, 300, 4, '2', NULL, 0, b'0', 0, 0, 17, '2024-01-12 22:16:27', '2025-04-29 02:00:04', '1', '1', b'0', 1);
INSERT INTO `product_spu` VALUES (640, '测试商品', '312', '3123', '<table style=\"width: auto;\"><tbody><tr><th colSpan=\"1\" rowSpan=\"1\" width=\"auto\">A</th><th colSpan=\"1\" rowSpan=\"1\" width=\"auto\">B</th></tr><tr><td colSpan=\"1\" rowSpan=\"1\" width=\"auto\">C</td><td colSpan=\"1\" rowSpan=\"1\" width=\"auto\">D</td></tr></tbody></table><p><img src=\"http://test.yudao.iocoder.cn/d6db9135ef8d40ab5409d1105251d59819e92ba688607e7c8b9c3d98a1ef8ef5.jpg\" alt=\"image\" data-href=\"http://test.yudao.iocoder.cn/d6db9135ef8d40ab5409d1105251d59819e92ba688607e7c8b9c3d98a1ef8ef5.jpg\" style=\"\"/></p>', 28, 1, 'http://test.yudao.iocoder.cn/b680759cdf9f702bad8fa4570fb1829a2fa817988dfe1da504fd73af135f0d89.jpeg', '[\"http://test.yudao.iocoder.cn/6d33789cec23f60ef1774405ef7c2930799cccaf4b858a054e43624c89371226.png\"]', 0, 1, b'1', 100, 500, 900, 0, '2,1', 4, 0, b'0', 0, 0, 2, '2024-07-13 22:25:10', '2025-05-01 18:45:37', '1', '1', b'0', 1);
INSERT INTO `product_spu` VALUES (641, '1 分小商品', '1 分小商品', '1 分小商品', '<p>1 分小商品</p>', 19, 1, 'http://test.yudao.iocoder.cn/20250505/sign_1746448573147.png', '[\"http://test.yudao.iocoder.cn/20250505/sign_1746448575675.png\"]', 0, 1, b'0', 1, 1, 1, 9977, '1,2', 4, 0, b'0', 23, 0, 11, '2025-05-05 20:36:34', '2025-05-11 09:37:38', '1', '1', b'0', 1);

DROP TABLE IF EXISTS `product_statistics`;
CREATE TABLE `product_statistics`  (
  `id` int(10) NOT NULL AUTO_INCREMENT COMMENT '编号，主键自增',
  `time` date NOT NULL COMMENT '统计日期',
  `spu_id` int(10) NOT NULL COMMENT '商品 SPU 编号',
  `browse_count` int(11) NOT NULL DEFAULT 0 COMMENT '浏览量',
  `browse_user_count` int(11) NOT NULL DEFAULT 0 COMMENT '访客量',
  `favorite_count` int(11) NOT NULL DEFAULT 0 COMMENT '收藏数量',
  `cart_count` int(11) NOT NULL DEFAULT 0 COMMENT '加购数量',
  `order_count` int(11) NOT NULL DEFAULT 0 COMMENT '下单件数',
  `order_pay_count` int(11) NOT NULL DEFAULT 0 COMMENT '支付件数',
  `order_pay_price` int(11) NOT NULL DEFAULT 0 COMMENT '支付金额，单位：分',
  `after_sale_count` int(11) NOT NULL DEFAULT 0 COMMENT '退款件数',
  `after_sale_refund_price` int(11) NOT NULL DEFAULT 0 COMMENT '退款金额，单位：分',
  `browse_convert_percent` int(11) NOT NULL DEFAULT 0 COMMENT '访客支付转化率（百分比）',
  `creator` varchar(64) CHARACTER SET utf8mb4 COLLATE utf8mb4_unicode_ci NULL DEFAULT '' COMMENT '创建者',
  `create_time` datetime(0) NOT NULL DEFAULT CURRENT_TIMESTAMP COMMENT '创建时间',
  `updater` varchar(64) CHARACTER SET utf8mb4 COLLATE utf8mb4_unicode_ci NULL DEFAULT '' COMMENT '更新者',
  `update_time` datetime(0) NOT NULL DEFAULT CURRENT_TIMESTAMP ON UPDATE CURRENT_TIMESTAMP(0) COMMENT '更新时间',
  `deleted` tinyint(1) NOT NULL DEFAULT b'0' COMMENT '是否删除',
  `tenant_id` int(10) NOT NULL DEFAULT 0 COMMENT '租户编号',
  PRIMARY KEY (`id`) USING BTREE,
  INDEX `idx_time`(`time`) USING BTREE,
  INDEX `idx_spu_id`(`spu_id`) USING BTREE
) ENGINE = InnoDB AUTO_INCREMENT = 76 CHARACTER SET = utf8mb4 COLLATE = utf8mb4_unicode_ci COMMENT = '商品统计表' ROW_FORMAT = Dynamic;

INSERT INTO `product_statistics` VALUES (1, '2024-01-16', 633, 0, 0, 0, 0, 32, 32, 1068, 0, 0, 0, NULL, '2024-01-17 23:58:50', NULL, '2024-01-17 23:58:50', b'0', 1);
INSERT INTO `product_statistics` VALUES (2, '2024-01-16', 634, 0, 0, 0, 0, 1, 1, 384945, 1, 384945, 0, NULL, '2024-01-17 23:58:51', NULL, '2024-01-17 23:58:51', b'0', 1);
INSERT INTO `product_statistics` VALUES (3, '2024-01-16', 637, 0, 0, 0, 0, 0, 0, 0, 0, 0, 0, NULL, '2024-01-17 23:58:51', NULL, '2024-01-17 23:58:51', b'0', 1);
INSERT INTO `product_statistics` VALUES (4, '2024-01-16', 638, 0, 0, 0, 0, 0, 0, 0, 0, 0, 0, NULL, '2024-01-17 23:58:51', NULL, '2024-01-17 23:58:51', b'0', 1);
INSERT INTO `product_statistics` VALUES (5, '2024-01-16', 639, 0, 0, 0, 0, 0, 0, 0, 0, 0, 0, NULL, '2024-01-17 23:58:51', NULL, '2024-01-17 23:58:51', b'0', 1);
INSERT INTO `product_statistics` VALUES (6, '2024-01-14', 633, 1, 1, 0, 0, 0, 0, 0, 0, 0, 0, NULL, '2024-01-17 23:58:51', NULL, '2024-01-17 23:58:51', b'0', 1);
INSERT INTO `product_statistics` VALUES (7, '2024-01-14', 634, 0, 0, 0, 0, 0, 0, 0, 0, 0, 0, NULL, '2024-01-17 23:58:51', NULL, '2024-01-17 23:58:51', b'0', 1);
INSERT INTO `product_statistics` VALUES (8, '2024-01-14', 637, 0, 0, 0, 0, 0, 0, 0, 0, 0, 0, NULL, '2024-01-17 23:58:51', NULL, '2024-01-17 23:58:51', b'0', 1);
INSERT INTO `product_statistics` VALUES (9, '2024-01-14', 638, 1, 1, 0, 0, 0, 0, 0, 0, 0, 0, NULL, '2024-01-17 23:58:51', NULL, '2024-01-17 23:58:51', b'0', 1);
INSERT INTO `product_statistics` VALUES (10, '2024-01-14', 639, 0, 0, 0, 0, 0, 0, 0, 0, 0, 0, NULL, '2024-01-17 23:58:51', NULL, '2024-01-17 23:58:51', b'0', 1);
INSERT INTO `product_statistics` VALUES (11, '2024-01-12', 633, 0, 0, 0, 0, 0, 0, 0, 0, 0, 0, NULL, '2024-01-17 23:58:51', NULL, '2024-01-17 23:58:51', b'0', 1);
INSERT INTO `product_statistics` VALUES (12, '2024-01-12', 634, 0, 0, 0, 0, 0, 0, 0, 0, 0, 0, NULL, '2024-01-17 23:58:51', NULL, '2024-01-17 23:58:51', b'0', 1);
INSERT INTO `product_statistics` VALUES (13, '2024-01-12', 637, 0, 0, 0, 0, 0, 0, 0, 0, 0, 0, NULL, '2024-01-17 23:58:51', NULL, '2024-01-17 23:58:51', b'0', 1);
INSERT INTO `product_statistics` VALUES (14, '2024-01-12', 638, 0, 0, 0, 0, 0, 0, 0, 0, 0, 0, NULL, '2024-01-17 23:58:51', NULL, '2024-01-17 23:58:51', b'0', 1);
INSERT INTO `product_statistics` VALUES (15, '2024-01-12', 639, 0, 0, 0, 0, 0, 0, 0, 0, 0, 0, NULL, '2024-01-17 23:58:51', NULL, '2024-01-17 23:58:51', b'0', 1);
INSERT INTO `product_statistics` VALUES (16, '2024-01-10', 633, 0, 0, 0, 0, 0, 0, 0, 0, 0, 0, NULL, '2024-01-17 23:58:51', NULL, '2024-01-17 23:58:51', b'0', 1);
INSERT INTO `product_statistics` VALUES (17, '2024-01-10', 634, 0, 0, 0, 0, 0, 0, 0, 0, 0, 0, NULL, '2024-01-17 23:58:51', NULL, '2024-01-17 23:58:51', b'0', 1);
INSERT INTO `product_statistics` VALUES (18, '2024-01-10', 637, 0, 0, 0, 0, 0, 0, 0, 0, 0, 0, NULL, '2024-01-17 23:58:51', NULL, '2024-01-17 23:58:51', b'0', 1);
INSERT INTO `product_statistics` VALUES (19, '2024-01-10', 638, 0, 0, 0, 0, 0, 0, 0, 0, 0, 0, NULL, '2024-01-17 23:58:51', NULL, '2024-01-17 23:58:51', b'0', 1);
INSERT INTO `product_statistics` VALUES (20, '2024-01-10', 639, 0, 0, 0, 0, 0, 0, 0, 0, 0, 0, NULL, '2024-01-17 23:58:51', NULL, '2024-01-17 23:58:51', b'0', 1);
INSERT INTO `product_statistics` VALUES (21, '2024-01-08', 633, 0, 0, 0, 0, 0, 0, 0, 0, 0, 0, NULL, '2024-01-17 23:58:51', NULL, '2024-01-17 23:58:51', b'0', 1);
INSERT INTO `product_statistics` VALUES (22, '2024-01-08', 634, 0, 0, 0, 0, 0, 0, 0, 0, 0, 0, NULL, '2024-01-17 23:58:51', NULL, '2024-01-17 23:58:51', b'0', 1);
INSERT INTO `product_statistics` VALUES (23, '2024-01-08', 637, 0, 0, 0, 0, 0, 0, 0, 0, 0, 0, NULL, '2024-01-17 23:58:51', NULL, '2024-01-17 23:58:51', b'0', 1);
INSERT INTO `product_statistics` VALUES (24, '2024-01-08', 638, 0, 0, 0, 0, 0, 0, 0, 0, 0, 0, NULL, '2024-01-17 23:58:51', NULL, '2024-01-17 23:58:51', b'0', 1);
INSERT INTO `product_statistics` VALUES (25, '2024-01-08', 639, 0, 0, 0, 0, 0, 0, 0, 0, 0, 0, NULL, '2024-01-17 23:58:51', NULL, '2024-01-17 23:58:51', b'0', 1);
INSERT INTO `product_statistics` VALUES (26, '2024-01-06', 633, 0, 0, 0, 0, 0, 0, 0, 0, 0, 0, NULL, '2024-01-17 23:58:51', NULL, '2024-01-17 23:58:51', b'0', 1);
INSERT INTO `product_statistics` VALUES (27, '2024-01-06', 634, 0, 0, 0, 0, 0, 0, 0, 0, 0, 0, NULL, '2024-01-17 23:58:51', NULL, '2024-01-17 23:58:51', b'0', 1);
INSERT INTO `product_statistics` VALUES (28, '2024-01-06', 637, 0, 0, 0, 0, 0, 0, 0, 0, 0, 0, NULL, '2024-01-17 23:58:51', NULL, '2024-01-17 23:58:51', b'0', 1);
INSERT INTO `product_statistics` VALUES (29, '2024-01-06', 638, 0, 0, 0, 0, 0, 0, 0, 0, 0, 0, NULL, '2024-01-17 23:58:51', NULL, '2024-01-17 23:58:51', b'0', 1);
INSERT INTO `product_statistics` VALUES (30, '2024-01-06', 639, 0, 0, 0, 0, 0, 0, 0, 0, 0, 0, NULL, '2024-01-17 23:58:51', NULL, '2024-01-17 23:58:51', b'0', 1);
INSERT INTO `product_statistics` VALUES (31, '2024-01-04', 633, 0, 0, 0, 1, 1, 1, 2, 0, 0, 0, NULL, '2024-01-17 23:58:51', NULL, '2024-01-17 23:58:51', b'0', 1);
INSERT INTO `product_statistics` VALUES (32, '2024-01-04', 634, 0, 0, 0, 1, 1, 1, 385045, 0, 0, 0, NULL, '2024-01-17 23:58:51', NULL, '2024-01-17 23:58:51', b'0', 1);
INSERT INTO `product_statistics` VALUES (33, '2024-01-04', 637, 0, 0, 0, 0, 0, 0, 0, 0, 0, 0, NULL, '2024-01-17 23:58:51', NULL, '2024-01-17 23:58:51', b'0', 1);
INSERT INTO `product_statistics` VALUES (34, '2024-01-04', 638, 0, 0, 0, 0, 0, 0, 0, 0, 0, 0, NULL, '2024-01-17 23:58:51', NULL, '2024-01-17 23:58:51', b'0', 1);
INSERT INTO `product_statistics` VALUES (35, '2024-01-04', 639, 0, 0, 0, 0, 0, 0, 0, 0, 0, 0, NULL, '2024-01-17 23:58:51', NULL, '2024-01-17 23:58:51', b'0', 1);
INSERT INTO `product_statistics` VALUES (36, '2024-01-02', 633, 0, 0, 0, 0, 0, 0, 0, 0, 0, 0, NULL, '2024-01-17 23:58:51', NULL, '2024-01-17 23:58:51', b'0', 1);
INSERT INTO `product_statistics` VALUES (37, '2024-01-02', 634, 0, 0, 0, 0, 0, 0, 0, 0, 0, 0, NULL, '2024-01-17 23:58:51', NULL, '2024-01-17 23:58:51', b'0', 1);
INSERT INTO `product_statistics` VALUES (38, '2024-01-02', 637, 0, 0, 0, 0, 0, 0, 0, 0, 0, 0, NULL, '2024-01-17 23:58:51', NULL, '2024-01-17 23:58:51', b'0', 1);
INSERT INTO `product_statistics` VALUES (39, '2024-01-02', 638, 0, 0, 0, 0, 0, 0, 0, 0, 0, 0, NULL, '2024-01-17 23:58:51', NULL, '2024-01-17 23:58:51', b'0', 1);
INSERT INTO `product_statistics` VALUES (40, '2024-01-02', 639, 0, 0, 0, 0, 0, 0, 0, 0, 0, 0, NULL, '2024-01-17 23:58:51', NULL, '2024-01-17 23:58:51', b'0', 1);
INSERT INTO `product_statistics` VALUES (41, '2023-12-31', 633, 0, 0, 0, 0, 0, 0, 0, 0, 0, 0, NULL, '2024-01-17 23:58:51', NULL, '2024-01-17 23:58:51', b'0', 1);
INSERT INTO `product_statistics` VALUES (42, '2023-12-31', 634, 0, 0, 0, 0, 0, 0, 0, 0, 0, 0, NULL, '2024-01-17 23:58:51', NULL, '2024-01-17 23:58:51', b'0', 1);
INSERT INTO `product_statistics` VALUES (43, '2023-12-31', 637, 0, 0, 0, 0, 0, 0, 0, 0, 0, 0, NULL, '2024-01-17 23:58:51', NULL, '2024-01-17 23:58:51', b'0', 1);
INSERT INTO `product_statistics` VALUES (44, '2023-12-31', 638, 0, 0, 0, 0, 0, 0, 0, 0, 0, 0, NULL, '2024-01-17 23:58:51', NULL, '2024-01-17 23:58:51', b'0', 1);
INSERT INTO `product_statistics` VALUES (45, '2023-12-31', 639, 0, 0, 0, 0, 0, 0, 0, 0, 0, 0, NULL, '2024-01-17 23:58:51', NULL, '2024-01-17 23:58:51', b'0', 1);
INSERT INTO `product_statistics` VALUES (46, '2023-12-29', 633, 0, 0, 0, 0, 0, 0, 0, 0, 0, 0, NULL, '2024-01-17 23:58:51', NULL, '2024-01-17 23:58:51', b'0', 1);
INSERT INTO `product_statistics` VALUES (47, '2023-12-29', 634, 0, 0, 0, 0, 0, 0, 0, 0, 0, 0, NULL, '2024-01-17 23:58:51', NULL, '2024-01-17 23:58:51', b'0', 1);
INSERT INTO `product_statistics` VALUES (48, '2023-12-29', 637, 0, 0, 0, 0, 0, 0, 0, 0, 0, 0, NULL, '2024-01-17 23:58:51', NULL, '2024-01-17 23:58:51', b'0', 1);
INSERT INTO `product_statistics` VALUES (49, '2023-12-29', 638, 0, 0, 0, 0, 0, 0, 0, 0, 0, 0, NULL, '2024-01-17 23:58:51', NULL, '2024-01-17 23:58:51', b'0', 1);
INSERT INTO `product_statistics` VALUES (50, '2023-12-29', 639, 0, 0, 0, 0, 0, 0, 0, 0, 0, 0, NULL, '2024-01-17 23:58:51', NULL, '2024-01-17 23:58:51', b'0', 1);
INSERT INTO `product_statistics` VALUES (51, '2023-12-27', 633, 0, 0, 0, 0, 0, 0, 0, 0, 0, 0, NULL, '2024-01-17 23:58:51', NULL, '2024-01-17 23:58:51', b'0', 1);
INSERT INTO `product_statistics` VALUES (52, '2023-12-27', 634, 0, 0, 0, 0, 0, 0, 0, 0, 0, 0, NULL, '2024-01-17 23:58:51', NULL, '2024-01-17 23:58:51', b'0', 1);
INSERT INTO `product_statistics` VALUES (53, '2023-12-27', 637, 0, 0, 0, 0, 0, 0, 0, 0, 0, 0, NULL, '2024-01-17 23:58:51', NULL, '2024-01-17 23:58:51', b'0', 1);
INSERT INTO `product_statistics` VALUES (54, '2023-12-27', 638, 0, 0, 0, 0, 0, 0, 0, 0, 0, 0, NULL, '2024-01-17 23:58:51', NULL, '2024-01-17 23:58:51', b'0', 1);
INSERT INTO `product_statistics` VALUES (55, '2023-12-27', 639, 0, 0, 0, 0, 0, 0, 0, 0, 0, 0, NULL, '2024-01-17 23:58:51', NULL, '2024-01-17 23:58:51', b'0', 1);
INSERT INTO `product_statistics` VALUES (56, '2023-12-25', 633, 0, 0, 0, 0, 0, 0, 0, 0, 0, 0, NULL, '2024-01-17 23:58:51', NULL, '2024-01-17 23:58:51', b'0', 1);
INSERT INTO `product_statistics` VALUES (57, '2023-12-25', 634, 0, 0, 0, 0, 0, 0, 0, 0, 0, 0, NULL, '2024-01-17 23:58:51', NULL, '2024-01-17 23:58:51', b'0', 1);
INSERT INTO `product_statistics` VALUES (58, '2023-12-25', 637, 0, 0, 0, 0, 0, 0, 0, 0, 0, 0, NULL, '2024-01-17 23:58:51', NULL, '2024-01-17 23:58:51', b'0', 1);
INSERT INTO `product_statistics` VALUES (59, '2023-12-25', 638, 0, 0, 0, 0, 0, 0, 0, 0, 0, 0, NULL, '2024-01-17 23:58:51', NULL, '2024-01-17 23:58:51', b'0', 1);
INSERT INTO `product_statistics` VALUES (60, '2023-12-25', 639, 0, 0, 0, 0, 0, 0, 0, 0, 0, 0, NULL, '2024-01-17 23:58:51', NULL, '2024-01-17 23:58:51', b'0', 1);
INSERT INTO `product_statistics` VALUES (61, '2023-12-23', 633, 0, 0, 0, 0, 1, 0, 0, 0, 0, 0, NULL, '2024-01-17 23:58:51', NULL, '2024-01-17 23:58:51', b'0', 1);
INSERT INTO `product_statistics` VALUES (62, '2023-12-23', 634, 0, 0, 0, 0, 0, 0, 0, 0, 0, 0, NULL, '2024-01-17 23:58:51', NULL, '2024-01-17 23:58:51', b'0', 1);
INSERT INTO `product_statistics` VALUES (63, '2023-12-23', 637, 0, 0, 0, 0, 0, 0, 0, 0, 0, 0, NULL, '2024-01-17 23:58:51', NULL, '2024-01-17 23:58:51', b'0', 1);
INSERT INTO `product_statistics` VALUES (64, '2023-12-23', 638, 0, 0, 0, 0, 0, 0, 0, 0, 0, 0, NULL, '2024-01-17 23:58:51', NULL, '2024-01-17 23:58:51', b'0', 1);
INSERT INTO `product_statistics` VALUES (65, '2023-12-23', 639, 0, 0, 0, 0, 0, 0, 0, 0, 0, 0, NULL, '2024-01-17 23:58:51', NULL, '2024-01-17 23:58:51', b'0', 1);
INSERT INTO `product_statistics` VALUES (66, '2023-12-21', 633, 0, 0, 0, 0, 0, 0, 0, 0, 0, 0, NULL, '2024-01-17 23:58:51', NULL, '2024-01-17 23:58:51', b'0', 1);
INSERT INTO `product_statistics` VALUES (67, '2023-12-21', 634, 0, 0, 0, 0, 0, 0, 0, 0, 0, 0, NULL, '2024-01-17 23:58:51', NULL, '2024-01-17 23:58:51', b'0', 1);
INSERT INTO `product_statistics` VALUES (68, '2023-12-21', 637, 0, 0, 0, 0, 0, 0, 0, 0, 0, 0, NULL, '2024-01-17 23:58:51', NULL, '2024-01-17 23:58:51', b'0', 1);
INSERT INTO `product_statistics` VALUES (69, '2023-12-21', 638, 0, 0, 0, 0, 0, 0, 0, 0, 0, 0, NULL, '2024-01-17 23:58:51', NULL, '2024-01-17 23:58:51', b'0', 1);
INSERT INTO `product_statistics` VALUES (70, '2023-12-21', 639, 0, 0, 0, 0, 0, 0, 0, 0, 0, 0, NULL, '2024-01-17 23:58:51', NULL, '2024-01-17 23:58:51', b'0', 1);
INSERT INTO `product_statistics` VALUES (71, '2023-12-19', 633, 0, 0, 0, 0, 0, 0, 0, 0, 0, 0, NULL, '2024-01-17 23:58:51', NULL, '2024-01-17 23:58:51', b'0', 1);
INSERT INTO `product_statistics` VALUES (72, '2023-12-19', 634, 0, 0, 0, 0, 0, 0, 0, 0, 0, 0, NULL, '2024-01-17 23:58:51', NULL, '2024-01-17 23:58:51', b'0', 1);
INSERT INTO `product_statistics` VALUES (73, '2023-12-19', 637, 0, 0, 0, 0, 0, 0, 0, 0, 0, 0, NULL, '2024-01-17 23:58:51', NULL, '2024-01-17 23:58:51', b'0', 1);
INSERT INTO `product_statistics` VALUES (74, '2023-12-19', 638, 0, 0, 0, 0, 0, 0, 0, 0, 0, 0, NULL, '2024-01-17 23:58:51', NULL, '2024-01-17 23:58:51', b'0', 1);
INSERT INTO `product_statistics` VALUES (75, '2023-12-19', 639, 0, 0, 0, 0, 0, 0, 0, 0, 0, 0, NULL, '2024-01-17 23:58:51', NULL, '2024-01-17 23:58:51', b'0', 1);